{"ea": 6512.327923899529, "size": 1191363, "h4": 3.857595863772672, "h8": 5.545840589564179, "h16": 7.114561629756509, "h32": 8.57993139579159, "h64": 10.067694689107608}