{"ea": 5308.655098775741, "size": 295877, "h4": 3.622405824686214, "h8": 4.5253690149516945, "h16": 5.886154808987429, "h32": 7.598870772815289, "h64": 9.44196450732966}