{"ea": 9662.321077001165, "size": 1759790, "h4": 3.820371322084182, "h8": 5.503832140771555, "h16": 6.862808653549366, "h32": 8.289583598364455, "h64": 9.854961253809133}