{"ea": 4676.790953809004, "size": 1285326, "h4": 3.0381925891514125, "h8": 4.364353075131648, "h16": 5.949568968908815, "h32": 7.578910428814949, "h64": 9.187191028825186}