{"ea": 5531.324409259288, "size": 1026902, "h4": 3.902012420025651, "h8": 5.705392478839818, "h16": 7.307146090334367, "h32": 8.891754966223276, "h64": 10.461842382860297}