{"ea": 3172.9880137508885, "size": 329306, "h4": 3.7391377119823606, "h8": 5.184395677272995, "h16": 6.124340729711191, "h32": 7.845935049991196, "h64": 9.671648811039464}