{"ea": 2883.120496689292, "size": 1090057, "h4": 3.5336220510289285, "h8": 5.2270169403672195, "h16": 6.921400925534179, "h32": 8.562744126283516, "h64": 10.198455512678635}