{"ea": 1459.0440525638398, "size": 338854, "h4": 3.850991153860231, "h8": 4.814985932531798, "h16": 6.003325482215658, "h32": 7.745341831834748, "h64": 9.626828485608952}