{"ea": 9233.525284875685, "size": 1639554, "h4": 3.9840403820915067, "h8": 5.739878776954816, "h16": 7.264418113895996, "h32": 8.644031185097155, "h64": 10.282903810669405}