{"ea": 4142.979239296475, "size": 1275351, "h4": 3.2627191175713457, "h8": 4.741599511593945, "h16": 6.205651554091559, "h32": 7.786014963426483, "h64": 9.431690418462967}