{"ea": 6604.599100094075, "size": 739466, "h4": 3.9094067789747315, "h8": 5.79935594986971, "h16": 7.437586629234367, "h32": 9.098397009496539, "h64": 10.831457605865122}