{"ea": 418.5231704294749, "size": 1605079, "h4": 2.750814329731996, "h8": 4.084748453726269, "h16": 5.525126507228003, "h32": 7.238680692716278, "h64": 8.9927429852217}