{"ea": 2881.525571424513, "size": 1233389, "h4": 3.06751907228369, "h8": 4.266355599542516, "h16": 5.740962123464703, "h32": 7.416680375119781, "h64": 9.209540705900313}