{"ea": 1433.753925297904, "size": 281659, "h4": 3.919113461441955, "h8": 4.3463650368317825, "h16": 5.6984339793225205, "h32": 7.38673306167162, "h64": 9.242269489416747}