{"ea": 3849.1690527827827, "size": 168074, "h4": 3.867890814941277, "h8": 5.721010434959723, "h16": 6.030116666703851, "h32": 7.464511606399176, "h64": 9.299959784637487}