{"ea": 6752.15326036517, "size": 494895, "h4": 3.6365277212708103, "h8": 4.540132607822288, "h16": 5.947327440682785, "h32": 7.6034425395627885, "h64": 9.388631327433743}