{"ea": 6502.166304000188, "size": 1277700, "h4": 3.9149194809007604, "h8": 5.7826995345485095, "h16": 7.47783289614797, "h32": 9.089052952183375, "h64": 10.685593987909648}