{"ea": 1172.1912044357268, "size": 1033952, "h4": 3.9269879129422374, "h8": 5.6524777572733065, "h16": 6.204859068152031, "h32": 7.727340420741729, "h64": 9.526728511742116}