{"ea": 5955.436833026243, "size": 980533, "h4": 3.7142965626898667, "h8": 5.310247158474936, "h16": 6.901709891779979, "h32": 8.530325204732613, "h64": 10.196788590900859}