{"ea": 1267.2206460699354, "size": 1060590, "h4": 3.8434113772493803, "h8": 5.607161798299563, "h16": 7.276409061564961, "h32": 8.932567978527686, "h64": 10.605554402107199}