{"ea": 8117.7289708831, "size": 1245628, "h4": 3.8314631606308955, "h8": 5.560772746610508, "h16": 7.2009221502992, "h32": 8.641785964322949, "h64": 10.278142448216345}