{"ea": 6935.04148947637, "size": 932207, "h4": 3.879998357794833, "h8": 5.5257964860729345, "h16": 6.99115005223662, "h32": 8.46802930049692, "h64": 10.088886171981372}