{"ea": 2755.0224030312006, "size": 1102715, "h4": 3.2569198921039884, "h8": 4.016879357683592, "h16": 5.4985113236444345, "h32": 7.1053889236340675, "h64": 8.823702287650484}