{"ea": 5395.719442907669, "size": 336394, "h4": 3.290146809353206, "h8": 3.984232286291077, "h16": 5.457189701411817, "h32": 7.142516541163157, "h64": 8.973674031139751}