{"ea": 2113.369959410847, "size": 1021825, "h4": 3.781735453993454, "h8": 4.677420697499313, "h16": 6.021964587659761, "h32": 7.648762692829085, "h64": 9.345623073668628}