{"ea": 2896.849204340404, "size": 188876, "h4": 3.9996998419558447, "h8": 5.964278874003121, "h16": 5.980811252517393, "h32": 7.320696300187729, "h64": 8.856459805287836}