{"ea": 1391.2827177640033, "size": 627373, "h4": 3.5652790522147524, "h8": 4.584585496073444, "h16": 6.015293896961554, "h32": 7.641665800588053, "h64": 9.412663622416185}