{"ea": 8370.079659752253, "size": 1431498, "h4": 3.889781382010214, "h8": 5.471898723575768, "h16": 7.097800307674813, "h32": 8.69340352538288, "h64": 10.358455708505213}