{"ea": 593.9331028890306, "size": 4058195, "h4": 3.4928134779231907, "h8": 4.511219192750837, "h16": 6.070031192284569, "h32": 7.754128924486855, "h64": 9.487155056250824}