{"ea": 3368.975524077237, "size": 1392858, "h4": 3.734338188376784, "h8": 5.374381273848053, "h16": 6.941962109453998, "h32": 8.470622409781559, "h64": 10.007368353539913}