{"ea": 1941.5915698842982, "size": 1778694, "h4": 3.8534326332560562, "h8": 5.589737654809101, "h16": 7.316482592118138, "h32": 8.733158515709768, "h64": 10.184273605638445}