{"ea": 5032.327953488126, "size": 1029729, "h4": 3.843122638599976, "h8": 5.428877858379544, "h16": 6.982571961333409, "h32": 8.482225502295433, "h64": 10.018558485227752}