{"ea": 5357.028833151245, "size": 412282, "h4": 3.168259913285284, "h8": 4.0325338598942775, "h16": 5.561825673990392, "h32": 7.237917754708262, "h64": 9.01940741315006}