{"ea": 2081.084313817645, "size": 313214, "h4": 3.815163808589514, "h8": 4.836862798926289, "h16": 5.965699495855095, "h32": 7.399001843618184, "h64": 9.140139427690416}