{"ea": 6023.095112437402, "size": 1118687, "h4": 3.828956236701714, "h8": 5.547691476609534, "h16": 7.204844118608919, "h32": 8.80264070551387, "h64": 10.416647103937244}