{"ea": 4456.181322368703, "size": 439448, "h4": 2.8727710050831985, "h8": 3.9348716675562554, "h16": 5.422047194190261, "h32": 7.143875836251615, "h64": 8.990910879125751}