{"ea": 1092.7823588571514, "size": 468713, "h4": 3.958050344335151, "h8": 5.1130040768192595, "h16": 5.709974370479667, "h32": 7.363448466916852, "h64": 9.131421101147424}