{"ea": 665.7045196747426, "size": 3968336, "h4": 3.6267696977461013, "h8": 4.532563958747637, "h16": 5.818799537604921, "h32": 7.505603447884052, "h64": 9.32168870882675}