{"ea": 2759.5833369137054, "size": 188282, "h4": 3.99751804565988, "h8": 5.168585489156307, "h16": 5.9433928291615485, "h32": 7.568777395682822, "h64": 9.376957179337456}