{"ea": 2450.197430422605, "size": 409868, "h4": 3.8746164598579265, "h8": 5.012716726846344, "h16": 6.439101017375177, "h32": 8.166412785078432, "h64": 10.034485220769811}