{"ea": 7279.556600845116, "size": 976424, "h4": 3.7422371211568595, "h8": 5.515955359336358, "h16": 7.121126722971661, "h32": 8.708421434692957, "h64": 10.269117334929742}