{"ea": 5362.211202873695, "size": 142469, "h4": 3.9996276255235483, "h8": 5.966731940370609, "h16": 6.194219080201192, "h32": 7.880110290003927, "h64": 9.723252369615189}