{"ea": 5840.19433815701, "size": 1426992, "h4": 3.2989796816921197, "h8": 4.584944514822983, "h16": 6.08346405648677, "h32": 7.688602984965072, "h64": 9.255517244735074}