{"ea": 2738.3196252196412, "size": 238828, "h4": 3.9995625245997117, "h8": 5.993905320256996, "h16": 6.06190955735183, "h32": 7.42422179043418, "h64": 9.028307519989092}