{"ea": 543.7316004578641, "size": 4305454, "h4": 3.9029047326888704, "h8": 4.926922998381572, "h16": 5.947712657112653, "h32": 7.645366947137552, "h64": 9.423065459492236}