{"ea": 2281.07214457374, "size": 456839, "h4": 3.1906356302254717, "h8": 4.226264238226606, "h16": 5.631062397546456, "h32": 7.261815115374082, "h64": 9.008651712645973}