{"ea": 1672.3958104003186, "size": 577666, "h4": 3.2926230255976465, "h8": 4.237015462122461, "h16": 5.537194194850397, "h32": 7.237145804822589, "h64": 9.054796473802515}