{"ea": 572.3647408930327, "size": 598760, "h4": 3.982676581437343, "h8": 4.987459730567868, "h16": 5.859400684942862, "h32": 7.571777675216204, "h64": 9.426289353046457}