{"ea": 4859.865213264696, "size": 159202, "h4": 3.9997944530898986, "h8": 5.99203501900196, "h16": 6.048693476805201, "h32": 7.505597786659754, "h64": 9.144588807489923}