{"ea": 9672.859624596644, "size": 1106509, "h4": 3.956512829969945, "h8": 5.812936241333514, "h16": 7.604078168412034, "h32": 9.306135269123894, "h64": 11.06325695626476}