{"ea": 4394.0869230970075, "size": 134914, "h4": 3.995205203930967, "h8": 5.826373202845871, "h16": 6.096951422510335, "h32": 7.5674634136713435, "h64": 9.415460980699123}