{"ea": 1866.9391543854672, "size": 397782, "h4": 3.7153022600205596, "h8": 4.949545672198424, "h16": 5.89637404245913, "h32": 7.29322272062138, "h64": 8.996190948812998}