{"ea": 4532.455534081867, "size": 133018, "h4": 3.999616073650988, "h8": 5.967106190664059, "h16": 6.320265169832075, "h32": 7.684020691949327, "h64": 9.561370171207527}