{"ea": 505.9188701067622, "size": 639954, "h4": 3.996160294146158, "h8": 5.221587940427741, "h16": 5.719122746131123, "h32": 7.243472481791612, "h64": 8.967470415108805}