{"ea": 1451.795398954309, "size": 1188794, "h4": 3.2742754769986435, "h8": 4.64358272882771, "h16": 6.209387897132524, "h32": 7.923259200306043, "h64": 9.714288737247905}