{"ea": 4924.242146248004, "size": 157717, "h4": 3.999393939580827, "h8": 5.914476781395544, "h16": 5.981482727174926, "h32": 7.5344071893972915, "h64": 9.306546707569634}