{"ea": 1971.9235777707902, "size": 504432, "h4": 3.823075116167109, "h8": 5.189820697104308, "h16": 6.442499483818699, "h32": 8.059596225107338, "h64": 9.85203815810224}