{"ea": 1404.5426422372477, "size": 1399406, "h4": 3.9350437061090187, "h8": 5.549386786721258, "h16": 6.901446833716447, "h32": 8.329999096714342, "h64": 9.816798644105695}