{"ea": 4803.007860048085, "size": 369633, "h4": 3.2999274096548015, "h8": 4.355008964342993, "h16": 5.874046238135719, "h32": 7.599279871190479, "h64": 9.399972370467825}