{
  "ea": 8145.306197111046,
  "size": 225792,
  "h4": 3.9989084514100965,
  "h8": 5.929664595761798,
  "h16": 7.023502038811964,
  "h32": 8.560775454609882,
  "h64": 10.326786727845278
}