{"ea": 2765.396158958479, "size": 1197097, "h4": 3.989871190858317, "h8": 5.539362678171061, "h16": 6.041537443581623, "h32": 7.6878774054952, "h64": 9.488340472379699}