{"ea": 5605.075635862757, "size": 1693614, "h4": 3.5400063723899455, "h8": 4.960583464728639, "h16": 6.341844472749065, "h32": 7.813943088922144, "h64": 9.315251103720968}