{"ea": 2977.561810398583, "size": 761944, "h4": 3.997819576367969, "h8": 5.686164115501322, "h16": 6.34548918719524, "h32": 8.03107910792627, "h64": 9.813608058672816}