{"ea": 6717.826032366563, "size": 772629, "h4": 3.8940694769076964, "h8": 5.738973084193219, "h16": 7.505747873364233, "h32": 9.092625094781642, "h64": 10.776052273699833}