{"ea": 9046.93784954108, "size": 1023160, "h4": 3.718458500202343, "h8": 5.334809081969679, "h16": 6.9940244574394095, "h32": 8.539145969203723, "h64": 10.116371813917548}