{"ea": 2459.410634671, "size": 428250, "h4": 3.519487930554693, "h8": 4.138911654672337, "h16": 5.429876951198083, "h32": 7.095046773918389, "h64": 8.917054424678726}