{"ea": 3892.159235509491, "size": 1213265, "h4": 3.93759606924553, "h8": 5.765249982834356, "h16": 7.479663198522687, "h32": 9.089165505534634, "h64": 10.595966065552524}