{"ea": 6674.090208805603, "size": 1022846, "h4": 3.9627392101318515, "h8": 5.834323694083804, "h16": 7.52532324839177, "h32": 9.149947042895292, "h64": 10.774928780149262}