{"ea": 8335.155861192203, "size": 774125, "h4": 3.8275895689429578, "h8": 5.608164512429606, "h16": 7.286569744059483, "h32": 8.911144555491845, "h64": 10.563317513369721}