{"ea": 782.8882802016847, "size": 1603919, "h4": 3.9636948281454716, "h8": 4.669053194494191, "h16": 5.839026751050373, "h32": 7.543815027619898, "h64": 9.400437919776298}