{"ea": 4504.675870404472, "size": 559507, "h4": 2.9868588511624274, "h8": 4.057616709254463, "h16": 5.5763983186402974, "h32": 7.299929591477319, "h64": 9.048149455890464}