{"ea": 5381.6188554190885, "size": 152569, "h4": 3.8707130513301538, "h8": 4.835370718640086, "h16": 5.806705821150883, "h32": 7.449115889025117, "h64": 9.285522849637914}