{"ea": 4988.929892573619, "size": 881538, "h4": 3.866745666512264, "h8": 5.720601906537533, "h16": 7.396222386703954, "h32": 9.046980201127283, "h64": 10.677543247646469}