{"ea": 6269.796650337192, "size": 1046677, "h4": 3.7812709867453775, "h8": 5.422466494135785, "h16": 6.952588798890883, "h32": 8.499239538287299, "h64": 10.129855195825636}