{"ea": 2999.8390431094567, "size": 130868, "h4": 3.9990896401395943, "h8": 5.792966624057042, "h16": 6.785970978559654, "h32": 8.551000907129767, "h64": 10.486847782991667}