{"ea": 7683.393614335302, "size": 924714, "h4": 3.948643835956697, "h8": 5.690347851466475, "h16": 7.296554849246414, "h32": 8.934503763031714, "h64": 10.640517442582514}