{"ea": 692.6629476502466, "size": 543805, "h4": 3.869486421082977, "h8": 5.08368742418394, "h16": 6.575461360699565, "h32": 8.291120620451949, "h64": 10.099594172877852}