{"ea": 10240.523937112104, "size": 1046382, "h4": 3.4326210353175, "h8": 4.843020048747471, "h16": 6.2375440442476515, "h32": 7.786041943975548, "h64": 9.392147723046843}