{"ea": 8908.893855095626, "size": 1278004, "h4": 3.564057030297802, "h8": 4.968532752369593, "h16": 6.379698655720286, "h32": 7.8352814617001325, "h64": 9.339336875000505}