{"ea": 8758.002225415574, "size": 1358883, "h4": 3.9674313139042248, "h8": 5.602067128021709, "h16": 7.141623954083212, "h32": 8.650944904447286, "h64": 10.12692017543487}