{"ea": 4649.413696130555, "size": 1307979, "h4": 3.816897095599032, "h8": 5.679704543249082, "h16": 7.344185761791516, "h32": 8.839406054808652, "h64": 10.333157984790988}