{"ea": 586.3156782882937, "size": 2476311, "h4": 3.63468758932105, "h8": 4.774910157533682, "h16": 5.52481119066732, "h32": 7.25554499103661, "h64": 9.083508230405911}