{"ea": 1315.0148887161547, "size": 946272, "h4": 3.3010301176819112, "h8": 4.665841854074912, "h16": 5.7724527300211355, "h32": 7.314792984142486, "h64": 9.001550700894894}