{"ea": 5349.921581383475, "size": 180638, "h4": 3.9979142763851874, "h8": 5.291662899778087, "h16": 6.276111422497776, "h32": 8.063680506791743, "h64": 9.974514860375661}