{"ea": 2401.7849038826175, "size": 186457, "h4": 3.9994336862533975, "h8": 5.756638872082206, "h16": 6.036326333558858, "h32": 7.6129491094679445, "h64": 9.389979805990679}