{"ea": 1690.6961976448831, "size": 227751, "h4": 3.7374917787058806, "h8": 4.516742753386159, "h16": 5.960766510455157, "h32": 7.677851889815955, "h64": 9.53727701087337}