{"ea": 7581.230530821284, "size": 966338, "h4": 3.7014965828346327, "h8": 5.461972994376466, "h16": 7.229329617174315, "h32": 8.824342403992226, "h64": 10.377145466711408}