{"ea": 3327.971432169521, "size": 660970, "h4": 3.5215026049187976, "h8": 4.207610809918729, "h16": 5.632816937978172, "h32": 7.35940324131097, "h64": 9.191742989047809}