{"ea": 7288.450312531953, "size": 318167, "h4": 3.9933821002262717, "h8": 5.3588550747255965, "h16": 6.46883234931918, "h32": 8.020829412988176, "h64": 9.759089696374184}