{"ea": 7272.862732198386, "size": 963979, "h4": 2.997085169931112, "h8": 4.3829699544694245, "h16": 5.971876861036618, "h32": 7.654344194532399, "h64": 9.394247284280137}