{"ea": 2421.977669093795, "size": 493686, "h4": 3.7759800519863926, "h8": 4.536138785741169, "h16": 5.758987583184381, "h32": 7.391092770155559, "h64": 9.218189243742662}