{"ea": 5990.437627537793, "size": 1287330, "h4": 3.9680800597248127, "h8": 5.881479825926872, "h16": 7.584907152824443, "h32": 9.27193423518926, "h64": 10.957467950987622}