{"ea": 3365.254641398137, "size": 196792, "h4": 3.9878201726824027, "h8": 5.767249022886427, "h16": 5.9637552717952165, "h32": 7.329787764942276, "h64": 9.106267230818268}