{"ea": 11668.532748269847, "size": 1103395, "h4": 2.8220632157291257, "h8": 4.11173691234757, "h16": 5.759438077264656, "h32": 7.457260940465989, "h64": 9.16803350893094}