{"ea": 5018.731808313098, "size": 147731, "h4": 3.990968672798624, "h8": 5.582909770512468, "h16": 6.705800933436126, "h32": 8.44117681058635, "h64": 10.364185972369384}