{"ea": 2416.5936838082516, "size": 1325401, "h4": 3.806204843250568, "h8": 4.700524666052486, "h16": 6.075888306735797, "h32": 7.80761751344423, "h64": 9.640988898832937}