{"ea": 521.248967483045, "size": 2849948, "h4": 3.9316293688685886, "h8": 4.614443917142282, "h16": 5.844858409466495, "h32": 7.514304629925786, "h64": 9.354718322718599}