{"ea": 9040.71703333166, "size": 810221, "h4": 3.276639761211591, "h8": 4.522719077370038, "h16": 6.042864744642784, "h32": 7.715638101825964, "h64": 9.408302721094461}