{"ea": 2106.6661304531385, "size": 1379432, "h4": 3.6651933840732234, "h8": 5.280496950741121, "h16": 6.918490382856103, "h32": 8.379537153583335, "h64": 9.967349751832149}