{"ea": 5945.182815906604, "size": 1209440, "h4": 3.7056121777997575, "h8": 5.322014957796189, "h16": 6.820135004302939, "h32": 8.30755691261109, "h64": 9.874398547265972}