{"ea": 5673.060332965323, "size": 923077, "h4": 3.670511858848878, "h8": 5.311187391309577, "h16": 6.95343376928402, "h32": 8.495120108980736, "h64": 10.12333326760018}