{"ea": 414.86488237795385, "size": 1981091, "h4": 3.2429460236896155, "h8": 4.203780646373122, "h16": 5.548503817998673, "h32": 7.283033914182257, "h64": 9.126882461879951}