{"ea": 3599.046401398557, "size": 187873, "h4": 3.9972703551022217, "h8": 5.674202233221088, "h16": 6.205327010955342, "h32": 7.913539814672955, "h64": 9.745580377679579}