{"ea": 3172.8199357996177, "size": 450653, "h4": 3.8386471284621053, "h8": 4.812597569751148, "h16": 6.253658121646668, "h32": 8.012900332746817, "h64": 9.832340287567803}