{"ea": 5367.6298700456355, "size": 106903, "h4": 3.9998331835897343, "h8": 5.9442516738069635, "h16": 6.065437118386992, "h32": 7.4430412144123625, "h64": 9.265699801868177}