{"ea": 411.03292726372246, "size": 2247091, "h4": 3.806245477248127, "h8": 4.530327108904359, "h16": 5.959667791080514, "h32": 7.701786113376912, "h64": 9.54967635065078}