{"ea": 423.2792583218075, "size": 1244625, "h4": 3.867041167985825, "h8": 4.683408096833826, "h16": 5.856220717099123, "h32": 7.547505434996641, "h64": 9.380164919091044}