{"ea": 3805.6268106854372, "size": 1777426, "h4": 3.8269049517206444, "h8": 5.203081074697151, "h16": 6.496275432072678, "h32": 7.931821419314872, "h64": 9.471487361856656}