{"ea": 5106.36696944471, "size": 123195, "h4": 3.9984900496296065, "h8": 5.830846842833898, "h16": 6.068877363373217, "h32": 7.638466811210408, "h64": 9.434452932649538}