{"ea": 2294.431641490522, "size": 217416, "h4": 3.999595145224479, "h8": 5.831399599176329, "h16": 6.225900850027374, "h32": 7.8608449664352325, "h64": 9.651540706086912}