{"ea": 5412.991026359954, "size": 118656, "h4": 3.9996731940472894, "h8": 5.974986560236603, "h16": 6.135578216624398, "h32": 7.593721271317168, "h64": 9.444902852885988}