{"ea": 1266.1773436952037, "size": 297381, "h4": 3.6213356632429115, "h8": 4.696050016456345, "h16": 5.860452656466945, "h32": 7.53197912030877, "h64": 9.38983787595986}