{"ea": 10326.946836272255, "size": 947050, "h4": 2.9813065674525125, "h8": 4.281175350377766, "h16": 5.758184187840724, "h32": 7.320941381748901, "h64": 8.980694913828208}