{"ea": 5377.219921878444, "size": 147474, "h4": 3.99906908758598, "h8": 5.8233706002281735, "h16": 6.014040534677458, "h32": 7.442921431414188, "h64": 9.156152509751042}