{"ea": 1464.5226766002363, "size": 327761, "h4": 3.9268747193877234, "h8": 5.32579898829192, "h16": 6.134680522914948, "h32": 7.708289877106259, "h64": 9.512059051398822}