{"ea": 6621.3750677356575, "size": 1243241, "h4": 3.738682685558466, "h8": 5.439410695059859, "h16": 6.997745220282013, "h32": 8.60814545135259, "h64": 10.257478465587809}