{"ea": 9232.365167758844, "size": 1172789, "h4": 3.94028382419036, "h8": 5.823472116893428, "h16": 7.499039512313484, "h32": 9.090771406264702, "h64": 10.680859934989245}