{"ea": 2053.5379367204278, "size": 1428405, "h4": 3.8097127189378526, "h8": 5.6119413229081605, "h16": 7.0625785387047335, "h32": 8.649022659095081, "h64": 10.328130351809861}