{"ea": 2672.2130913860647, "size": 1410977, "h4": 3.974140088062202, "h8": 4.941838376587434, "h16": 6.668652252481383, "h32": 8.41701210128289, "h64": 10.191019369950821}