{"ea": 5378.191483862376, "size": 162410, "h4": 3.9651749054475474, "h8": 5.350020971174081, "h16": 6.119962633028599, "h32": 7.722565797127629, "h64": 9.529407100505736}