{"ea": 5368.311409997309, "size": 223308, "h4": 3.9997779933606514, "h8": 5.974327627807175, "h16": 6.111332264396094, "h32": 7.804538374707166, "h64": 9.588855953126384}