{"ea": 5327.5623786312435, "size": 183466, "h4": 3.9909726751492136, "h8": 5.203907211952482, "h16": 6.208986925500319, "h32": 7.7909504348444685, "h64": 9.644019644449383}