{"ea": 657.6598068205909, "size": 533818, "h4": 3.779922452804197, "h8": 5.337922941231948, "h16": 5.898400152307643, "h32": 7.556730315458783, "h64": 9.32902773052864}