{"ea": 4820.152954649383, "size": 336197, "h4": 3.7825604946520928, "h8": 4.845523681025841, "h16": 6.261213520611662, "h32": 7.900377730965333, "h64": 9.71150965325226}