{"ea": 4674.778999235687, "size": 257139, "h4": 3.9996739555854255, "h8": 5.616420341342956, "h16": 6.067975256238778, "h32": 7.422617540750974, "h64": 9.15220369996167}