{"ea": 2351.669541272282, "size": 210260, "h4": 3.9998641363011807, "h8": 5.989361611241876, "h16": 6.453687351939715, "h32": 8.237465239771915, "h64": 10.13680525421319}