{"ea": 1422.2417232477453, "size": 1219691, "h4": 3.781030754982651, "h8": 5.562521886494029, "h16": 7.164493978546287, "h32": 8.662957250872399, "h64": 10.24078062110193}