{"ea": 5393.650363761604, "size": 143037, "h4": 3.9994232268183234, "h8": 5.696373968610942, "h16": 6.3267251605680155, "h32": 7.8063158988119925, "h64": 9.689033140241317}