{"ea": 4823.317861908268, "size": 134269, "h4": 3.9995680858459446, "h8": 5.992753834126555, "h16": 6.032040538022073, "h32": 7.5944495101743374, "h64": 9.327582733919378}