{"ea": 5386.972452235747, "size": 153960, "h4": 3.999700721899999, "h8": 5.612530113432884, "h16": 6.249076744833946, "h32": 7.712406598127479, "h64": 9.524004473003163}