{"ea": 7744.950432122071, "size": 951084, "h4": 3.6472232303252947, "h8": 5.375081817908709, "h16": 6.989746938314955, "h32": 8.467327457130272, "h64": 9.998686039350595}