{"ea": 2646.609043418636, "size": 257949, "h4": 3.943203216125419, "h8": 5.773510813117117, "h16": 5.961651854319129, "h32": 7.219158452440693, "h64": 9.033312449838476}