{"ea": 1767.5821381943585, "size": 452115, "h4": 3.7754117313709807, "h8": 4.487747800069915, "h16": 5.730096218756088, "h32": 7.43462930238681, "h64": 9.285226265705123}