{"ea": 5058.03476338783, "size": 410601, "h4": 3.50202084579648, "h8": 4.42736722743285, "h16": 5.763081904095147, "h32": 7.370754025955084, "h64": 9.126451343464987}