{"ea": 3869.2984545640097, "size": 215359, "h4": 3.9876228520577834, "h8": 5.437087972153476, "h16": 6.015495030834808, "h32": 7.75005607537652, "h64": 9.629072232250973}