{"ea": 4540.469676666043, "size": 117143, "h4": 3.9997601449793345, "h8": 5.9724309888858365, "h16": 5.972919069466247, "h32": 7.043737668238636, "h64": 8.733878949375175}