{"ea": 3111.5940727253205, "size": 1150266, "h4": 3.7857782421972064, "h8": 5.35420183156576, "h16": 6.854758206408125, "h32": 8.460299407427662, "h64": 10.093218324854979}