{"ea": 8930.002696202277, "size": 727167, "h4": 3.4116402439609854, "h8": 4.438262378123194, "h16": 5.878447224031437, "h32": 7.5660691224305445, "h64": 9.25243403450598}