{"ea": 4649.81736125537, "size": 1130871, "h4": 3.635367955722023, "h8": 4.917028826779264, "h16": 6.1835310872470375, "h32": 7.677255319817205, "h64": 9.425946781719727}