{"ea": 11221.359799695507, "size": 996740, "h4": 3.835502117680536, "h8": 5.268672308474967, "h16": 6.577498522785959, "h32": 8.080007482362197, "h64": 9.700097387134278}