{"ea": 4641.188933900333, "size": 128524, "h4": 3.9997456198684143, "h8": 5.989805770548829, "h16": 5.996237871721023, "h32": 7.2102587350831495, "h64": 8.98626009284908}