{"ea": 15258.547648404272, "size": 987522, "h4": 3.4068874169354455, "h8": 4.996239560940908, "h16": 6.506145791765603, "h32": 8.042078666610495, "h64": 9.641527524682843}