{"ea": 452.59306612800145, "size": 1382677, "h4": 3.5425820312800886, "h8": 4.758362861269157, "h16": 5.80232240651471, "h32": 7.478017494136302, "h64": 9.310645488833401}