{"ea": 6209.402433533157, "size": 1084061, "h4": 3.871350519452794, "h8": 5.538267776570475, "h16": 7.0275689376585415, "h32": 8.446442198977032, "h64": 9.982235510565522}