{"ea": 3567.0543393856788, "size": 1184395, "h4": 3.683550898502694, "h8": 5.365833490200031, "h16": 6.948350848695963, "h32": 8.493621575241566, "h64": 10.067651943157568}