{"ea": 10180.145495439152, "size": 743542, "h4": 3.972250626432526, "h8": 5.714078232281166, "h16": 7.354918657106511, "h32": 8.974455053329823, "h64": 10.678706685653378}