{"ea": 2374.440726293991, "size": 380803, "h4": 3.7279837459917204, "h8": 5.28374604342201, "h16": 5.880888037875658, "h32": 7.474146805753653, "h64": 9.200489675428813}