{"ea": 3154.396209257874, "size": 2067315, "h4": 3.4847296603882376, "h8": 5.017732659031242, "h16": 6.465232107206525, "h32": 8.062805273318283, "h64": 9.726789019612141}