{"ea": 1367.9663515114607, "size": 637930, "h4": 3.847330851171488, "h8": 4.958973931834599, "h16": 5.992342017804871, "h32": 7.596823944759442, "h64": 9.355738615668361}