{"ea": 2440.3872875687275, "size": 140278, "h4": 3.999701633674418, "h8": 5.910512688439001, "h16": 6.104496556042312, "h32": 7.520261675042073, "h64": 9.301406818727425}