{"ea": 1254.3759347047312, "size": 333230, "h4": 3.7131773943970217, "h8": 4.839159931263373, "h16": 5.709376699134173, "h32": 7.424369071446283, "h64": 9.209226635105992}