{"ea": 1337.6669693826752, "size": 1565220, "h4": 3.7248003147235362, "h8": 5.353359761109163, "h16": 6.832234928708111, "h32": 8.365337753844361, "h64": 9.942274942477558}