{"ea": 5307.182094378143, "size": 1200640, "h4": 3.604961188458235, "h8": 5.153517838141281, "h16": 6.713946348233749, "h32": 8.233940056408933, "h64": 9.841356380359652}