{"ea": 9641.874512317108, "size": 666406, "h4": 3.789136656054671, "h8": 5.2608914958255815, "h16": 6.674280383600307, "h32": 8.187042373871174, "h64": 9.854559980209057}