{"ea": 2637.1319889268098, "size": 204678, "h4": 3.999106324796938, "h8": 5.689300392730403, "h16": 6.170410634675463, "h32": 7.838504408086535, "h64": 9.66341182631534}