{
  "ea": 6223.739104088439,
  "size": 1556477,
  "h4": 3.0379067592535867,
  "h8": 4.45493380252325,
  "h16": 6.032030120588086,
  "h32": 7.654594498105929,
  "h64": 9.241729646857594
}