{"ea": 4181.797214587407, "size": 126347, "h4": 3.9997767630228243, "h8": 5.963164066451614, "h16": 6.1330268856741, "h32": 7.610112434058587, "h64": 9.45829644188171}