{"ea": 465.9004553021644, "size": 3684704, "h4": 3.8023880103596257, "h8": 4.949135740631126, "h16": 6.190461403935267, "h32": 7.835329262417447, "h64": 9.647048776715176}