{"ea": 479.48630283679387, "size": 1182323, "h4": 3.6801893472097316, "h8": 5.1709620690624165, "h16": 6.672166301808572, "h32": 8.402685875485892, "h64": 10.166943524087014}