{"ea": 4661.919482424232, "size": 1635357, "h4": 3.7071726020613265, "h8": 5.494968598349843, "h16": 7.1588693006493, "h32": 8.669016567730225, "h64": 10.048369105272933}