{"ea": 3781.9367445354637, "size": 202251, "h4": 3.9964647187301043, "h8": 5.169624693374633, "h16": 6.181630384168568, "h32": 7.831930665979224, "h64": 9.683440695117557}