{"ea": 7871.9696503236555, "size": 1070559, "h4": 3.760464961961718, "h8": 5.554805198492635, "h16": 7.216571441836779, "h32": 8.66501112385193, "h64": 10.214211652755367}