{"ea": 7313.912295236823, "size": 1154591, "h4": 3.1155883433914626, "h8": 4.383075016007412, "h16": 5.875165609577314, "h32": 7.511686654470157, "h64": 9.248285366571512}