{"ea": 5380.981038782549, "size": 160340, "h4": 3.996007971381899, "h8": 5.405647235626954, "h16": 6.223230935896721, "h32": 7.892573739347457, "h64": 9.774930390797225}