{"ea": 5542.262706623325, "size": 937337, "h4": 3.784341417894123, "h8": 5.394446486000032, "h16": 7.0171135963140205, "h32": 8.537837615071773, "h64": 10.1244131396409}