{"ea": 761.2167314371246, "size": 749216, "h4": 3.3333857057068146, "h8": 4.3242113020240325, "h16": 5.684162898335621, "h32": 7.390507895618273, "h64": 9.159855857947385}