{"ea": 8995.954333968233, "size": 1258003, "h4": 3.7199647983455777, "h8": 5.119677276648459, "h16": 6.482857424207793, "h32": 8.000453897827317, "h64": 9.533896609175562}