{"ea": 6340.033949119313, "size": 1343650, "h4": 3.8095039481996213, "h8": 5.156067268554949, "h16": 6.393950909001931, "h32": 7.959889495885552, "h64": 9.655825853891265}