{"ea": 5100.5976945959055, "size": 118751, "h4": 3.9996770702961832, "h8": 5.987931778044947, "h16": 6.097534431034278, "h32": 7.514021221304333, "h64": 9.26217866698575}