{"ea": 2244.7615971388427, "size": 284462, "h4": 3.9626275749986357, "h8": 4.885493662143659, "h16": 5.825195317697657, "h32": 7.445521178089441, "h64": 9.286300843949427}