{"ea": 577.6684947596514, "size": 2084785, "h4": 3.8689389821157283, "h8": 4.729729299370369, "h16": 6.006820119615544, "h32": 7.727020828143103, "h64": 9.53451636888251}