{"ea": 1029.4167177842996, "size": 492264, "h4": 3.721623033982821, "h8": 4.3203197012238075, "h16": 5.523929868228646, "h32": 7.018506580556796, "h64": 8.747331557189327}