{"ea": 6576.256014159813, "size": 505082, "h4": 3.8152265560623735, "h8": 4.909304089391911, "h16": 6.324002956897607, "h32": 8.05465836216708, "h64": 9.813315526500258}