{"ea": 1707.6822228758745, "size": 979835, "h4": 3.9998053942372884, "h8": 5.9891419409820115, "h16": 6.096702798643792, "h32": 7.370253842077218, "h64": 9.040033282702824}