{"ea": 6434.219336419058, "size": 1599935, "h4": 3.6315661492123796, "h8": 4.934224451575061, "h16": 6.265053818397812, "h32": 7.840562677672934, "h64": 9.405535379559867}