{"ea": 2830.447514606273, "size": 648321, "h4": 3.5154582349944037, "h8": 4.3007879441570065, "h16": 5.756138621056017, "h32": 7.433264199375318, "h64": 9.209445258898437}