{"ea": 7463.776812326869, "size": 2356795, "h4": 3.6415048736103994, "h8": 5.118110204628882, "h16": 6.579988429101199, "h32": 8.155313984326394, "h64": 9.761628617548176}