{"ea": 12540.865130639075, "size": 2284844, "h4": 3.880200102015158, "h8": 5.678986583799169, "h16": 7.3705284982297385, "h32": 8.939806265553951, "h64": 10.433483768408617}