{"ea": 5950.422794812831, "size": 704049, "h4": 3.6370259189542584, "h8": 5.1121869011770675, "h16": 6.776549051087407, "h32": 8.428314605323003, "h64": 10.010817089355688}