{"ea": 2661.715405603939, "size": 797382, "h4": 3.5981125314682125, "h8": 4.623027639731774, "h16": 5.888723574555511, "h32": 7.435917259005933, "h64": 9.122560640012757}