{"ea": 5198.247761354027, "size": 861941, "h4": 3.902286515048532, "h8": 5.688132031391309, "h16": 7.144451176914718, "h32": 8.622809674762284, "h64": 10.178884560733685}