{"ea": 4531.832394354045, "size": 1150013, "h4": 3.7957144571916257, "h8": 5.466795000105797, "h16": 7.038786900173912, "h32": 8.468465216480805, "h64": 10.003152493589491}