{"ea": 3960.9383401689697, "size": 1830059, "h4": 3.15019228086975, "h8": 4.4726103060283515, "h16": 6.085044747456154, "h32": 7.717125367000458, "h64": 9.396889137172948}