{"ea": 1880.6872796720074, "size": 271082, "h4": 3.999825165818848, "h8": 5.895920485211903, "h16": 6.1012888705305475, "h32": 7.4072645702182385, "h64": 9.059052611600519}