{"ea": 5347.3239338596295, "size": 507813, "h4": 3.3100527776003936, "h8": 4.133119789260845, "h16": 5.560623311983746, "h32": 7.209153411446028, "h64": 9.004991303882068}