{"ea": 4708.415752357437, "size": 125565, "h4": 3.9996219371026163, "h8": 5.944491971793099, "h16": 5.976065478257855, "h32": 7.583536604340669, "h64": 9.35461835118425}