{"ea": 5382.829536743383, "size": 257616, "h4": 3.939555310642509, "h8": 4.788189933083613, "h16": 6.16557184247187, "h32": 7.831671023927042, "h64": 9.671650235303813}