{"ea": 5373.269897639372, "size": 112387, "h4": 3.999783959305436, "h8": 5.976945651476941, "h16": 6.093703419371243, "h32": 7.498418969758907, "h64": 9.345975163466687}