{"ea": 1387.1449994162313, "size": 321580, "h4": 3.7914700573130418, "h8": 4.7911718617686585, "h16": 6.097219398278845, "h32": 7.773425466449743, "h64": 9.576327266063457}