{"ea": 3905.51562498616, "size": 150892, "h4": 3.9524732501109714, "h8": 5.383971098078696, "h16": 5.89352372540519, "h32": 7.457213040817827, "h64": 9.263979309783245}