{"ea": 2239.6161392355884, "size": 2377433, "h4": 3.954387199785004, "h8": 4.952313732227502, "h16": 6.3546433865407295, "h32": 8.127776222233074, "h64": 10.018987089907494}