{"ea": 12074.620037583203, "size": 1049699, "h4": 3.846875866481806, "h8": 5.570021279974338, "h16": 6.966188646551228, "h32": 8.308512253638876, "h64": 9.827398656882268}