{"ea": 8087.395800076534, "size": 446343, "h4": 3.797135837699214, "h8": 5.115262924160335, "h16": 6.694676265317638, "h32": 8.458711966877871, "h64": 10.20847156533569}