{"ea": 11011.836900180162, "size": 870498, "h4": 3.2432939928850524, "h8": 3.993560274166371, "h16": 5.450771198273081, "h32": 7.155081543473904, "h64": 8.96006341724802}