{"ea": 5382.34831797882, "size": 153855, "h4": 3.9998257751176567, "h8": 5.831645291518952, "h16": 6.160033365005232, "h32": 7.677180836645714, "h64": 9.492341132170166}