{"ea": 1175.0749135838453, "size": 195579, "h4": 3.9987410321060084, "h8": 5.51809669864264, "h16": 5.919632101914672, "h32": 7.37784687682269, "h64": 9.146720581013437}