{"ea": 2691.4912834190304, "size": 1551131, "h4": 3.396667120677262, "h8": 4.45352104085707, "h16": 5.9181219220891865, "h32": 7.592356248530848, "h64": 9.368547240561156}