{"ea": 953.2627330530509, "size": 472144, "h4": 3.791743423549751, "h8": 4.796829271380948, "h16": 5.678061313239901, "h32": 7.325696630523359, "h64": 9.097528402419996}