{"ea": 6681.338990920317, "size": 1325259, "h4": 3.3744255989870013, "h8": 4.837582466333293, "h16": 6.357592492355385, "h32": 7.872709994061856, "h64": 9.41008039423063}