{"ea": 5330.460337692421, "size": 109864, "h4": 3.9995864648294295, "h8": 5.998476277886718, "h16": 6.378141049808699, "h32": 8.181564140864086, "h64": 10.070656244716679}