{"ea": 1889.9595937522859, "size": 2552583, "h4": 3.870833537414938, "h8": 5.544013917742905, "h16": 7.094302209273099, "h32": 8.504211439073897, "h64": 10.123313281282549}