{"ea": 1531.51562011512, "size": 340021, "h4": 3.402166228466336, "h8": 4.57978712559054, "h16": 5.983516130276558, "h32": 7.772169390440975, "h64": 9.63618282249642}