{"ea": 541.8440475893493, "size": 752133, "h4": 3.985935071306169, "h8": 5.321008547187558, "h16": 5.956741728589379, "h32": 7.5533336924060315, "h64": 9.437203863413895}