{"ea": 5847.524779344137, "size": 567767, "h4": 3.1725598861074573, "h8": 4.286655367294118, "h16": 5.563586761185025, "h32": 7.188001377143095, "h64": 8.964718202752774}