{"ea": 1544.1616085092007, "size": 492443, "h4": 3.8055537893497076, "h8": 4.7257957024624835, "h16": 5.831733367839672, "h32": 7.519530134538817, "h64": 9.282184384559375}