{"ea": 7100.772056101959, "size": 1284412, "h4": 3.9131561874884078, "h8": 5.758633489725224, "h16": 7.458019568081476, "h32": 9.15196650577192, "h64": 10.753894369866206}