{"ea": 9150.794894078106, "size": 1054457, "h4": 3.81939365270536, "h8": 5.536002182309554, "h16": 7.027964671073305, "h32": 8.562467165549968, "h64": 10.20153731655071}