{"ea": 1431.1381436055003, "size": 1740028, "h4": 3.7151636037739393, "h8": 4.297929332295087, "h16": 5.547850258227219, "h32": 7.175442563176154, "h64": 8.985692958652065}