{"ea": 578.0584180027456, "size": 655770, "h4": 3.9920896416611, "h8": 5.7901839178403804, "h16": 7.03436790036644, "h32": 8.836707322396034, "h64": 10.727920172459562}