{"ea": 7514.835501644992, "size": 603592, "h4": 3.9587868582581125, "h8": 5.909322699947019, "h16": 7.616418889820771, "h32": 9.283096654830853, "h64": 11.017726628689571}