{"ea": 8289.500222339513, "size": 288367, "h4": 3.926170877369407, "h8": 4.4661431365223105, "h16": 5.987491984536895, "h32": 7.781349103712948, "h64": 9.562938381534684}