{"ea": 9849.950872383957, "size": 1431469, "h4": 3.896722426311305, "h8": 5.620364212583969, "h16": 7.17149899368658, "h32": 8.754928300962764, "h64": 10.425944477733513}