{"ea": 3224.310464909318, "size": 832843, "h4": 3.7914704130785823, "h8": 5.081787403989404, "h16": 6.469549723278574, "h32": 8.188605757288652, "h64": 10.014900596622963}