{"ea": 5949.676175952203, "size": 1212752, "h4": 3.2206668047387708, "h8": 4.7339541403598995, "h16": 6.200753493526896, "h32": 7.709950434069777, "h64": 9.292139068895326}