{"ea": 8688.570306540787, "size": 533594, "h4": 3.8138384891391084, "h8": 5.214831678754849, "h16": 6.738349018192132, "h32": 8.394413840759562, "h64": 10.184661824962586}