{"ea": 1946.49455946195, "size": 204773, "h4": 3.8228367567267196, "h8": 4.954534269936726, "h16": 5.876427711377985, "h32": 7.527770222030983, "h64": 9.377880347640906}