{"ea": 4156.0956005774815, "size": 1032940, "h4": 3.926197240900595, "h8": 5.639178960013783, "h16": 7.220071388280843, "h32": 8.718837974094612, "h64": 10.328630062897991}