{"ea": 2838.4470954547182, "size": 266443, "h4": 3.8997518156948914, "h8": 5.184764725979078, "h16": 5.8603886432116425, "h32": 7.458808226335308, "h64": 9.2756993056584}