{"ea": 1474.1455517067068, "size": 664088, "h4": 3.442808947173587, "h8": 4.646866672032734, "h16": 6.143625689493273, "h32": 7.84269242179544, "h64": 9.664727239646966}