{"ea": 4660.649964341475, "size": 1056085, "h4": 3.6473552578344894, "h8": 5.409163272782514, "h16": 7.106351093663426, "h32": 8.7006492985687, "h64": 10.247158952590922}