{"ea": 6564.570159667517, "size": 998402, "h4": 3.2608698077689184, "h8": 4.528843327548124, "h16": 6.079802287089641, "h32": 7.660843713150256, "h64": 9.355885799584286}