{"ea": 1776.9149020958314, "size": 350645, "h4": 3.9069302722132804, "h8": 4.874794927183513, "h16": 6.101025075429455, "h32": 7.817676078601443, "h64": 9.649139219719993}