{"ea": 6482.797865773217, "size": 1553163, "h4": 3.508550003887851, "h8": 4.680735811591057, "h16": 6.1919821339392325, "h32": 7.8120091287924565, "h64": 9.459329567756113}