{"ea": 10019.12150704988, "size": 1312496, "h4": 3.8225679064875613, "h8": 5.046842950650601, "h16": 6.562619303377075, "h32": 8.120922290651828, "h64": 9.63270037031369}