{"ea": 1389.8885194840307, "size": 270558, "h4": 3.8765562512314924, "h8": 5.467168722417432, "h16": 6.798117617870266, "h32": 8.2506957983416, "h64": 10.030340250170372}