{"ea": 2851.729644712461, "size": 170509, "h4": 3.9731726197627135, "h8": 5.574372665547672, "h16": 6.016576943631207, "h32": 7.600694557859766, "h64": 9.43335701302334}