{"ea": 11134.879815955013, "size": 436200, "h4": 3.5611402479066667, "h8": 4.45410364198362, "h16": 6.129719490682833, "h32": 7.852831284271313, "h64": 9.646664205464532}