{"ea": 5329.486675119543, "size": 787996, "h4": 2.6205416100706653, "h8": 4.225522008792078, "h16": 5.841337349197277, "h32": 7.553592948194101, "h64": 9.313913185256077}