{"ea": 5184.959186086446, "size": 985928, "h4": 3.893129059038496, "h8": 5.68208429715442, "h16": 7.341562180703756, "h32": 8.91856957990191, "h64": 10.57471224398636}