{"ea": 8305.709020058208, "size": 1036791, "h4": 3.652272583868476, "h8": 5.341866803667773, "h16": 7.004251320471959, "h32": 8.4100484852613, "h64": 9.959248177056017}