{"ea": 312.0037250920031, "size": 3268720, "h4": 3.9613295430441315, "h8": 5.627262089423786, "h16": 7.471444795682354, "h32": 9.349146959991904, "h64": 11.242530282193531}