{"ea": 1479.9066323149443, "size": 1899091, "h4": 3.9035244943268683, "h8": 4.944212530238559, "h16": 5.881004494143104, "h32": 7.463690504673477, "h64": 9.228379780526694}