{"ea": 510.41354424572927, "size": 858612, "h4": 3.935066206685555, "h8": 4.885147471186586, "h16": 6.009835761160516, "h32": 7.67750330635312, "h64": 9.533420416240958}