{"ea": 10021.274910818058, "size": 994281, "h4": 3.7827835188853403, "h8": 5.354089184141635, "h16": 6.735474711736195, "h32": 8.16470664765699, "h64": 9.785483175505236}