{"ea": 416.9795940628806, "size": 1517096, "h4": 3.9175770465896824, "h8": 4.74486433310137, "h16": 5.983173392767802, "h32": 7.6578293671957, "h64": 9.491322315998788}