{"ea": 2308.791947602908, "size": 162444, "h4": 3.9775963530585248, "h8": 5.3862984503679785, "h16": 6.036771133411076, "h32": 7.732340844514569, "h64": 9.586216858194762}