{"ea": 8078.734949567267, "size": 814719, "h4": 3.525436581575332, "h8": 4.390350090536902, "h16": 5.972238006994239, "h32": 7.682411457363763, "h64": 9.373499819944936}