{"ea": 4763.064738059593, "size": 973543, "h4": 3.8806108868554614, "h8": 5.702401902913572, "h16": 7.359237729720755, "h32": 8.808984200358612, "h64": 10.362721547185235}