{"ea": 2082.423340575988, "size": 1326051, "h4": 3.8517331384636524, "h8": 5.491595814867392, "h16": 7.066037641770008, "h32": 8.543963731318328, "h64": 10.122565494925182}