{"ea": 1982.022428651786, "size": 209652, "h4": 3.9997797993728623, "h8": 5.903775075876103, "h16": 5.959264019408537, "h32": 7.303229205326943, "h64": 9.020854387548408}