{"ea": 1360.141325760096, "size": 277043, "h4": 3.499382042769766, "h8": 4.520826714430823, "h16": 5.9465589977288875, "h32": 7.57724735683699, "h64": 9.320826722219895}