{"ea": 1839.9671867161167, "size": 447666, "h4": 3.2620457399859224, "h8": 4.430469464464898, "h16": 5.746936762315509, "h32": 7.431612938949238, "h64": 9.207337202610315}