{"ea": 398.75181482128517, "size": 1126828, "h4": 3.9840868470497823, "h8": 4.937150606076576, "h16": 5.991494727963127, "h32": 7.765815696644008, "h64": 9.57344091336487}