{"ea": 10853.080530732383, "size": 1504813, "h4": 3.8395263737996217, "h8": 5.596130405098138, "h16": 7.014758040742386, "h32": 8.514415468834482, "h64": 10.031113366073015}