{"ea": 7439.629425536303, "size": 1262781, "h4": 3.6538257075869627, "h8": 5.301828475444048, "h16": 6.889293941765476, "h32": 8.340705975604592, "h64": 9.855038153168179}