{"ea": 2473.387943283329, "size": 294961, "h4": 3.8736339620586757, "h8": 5.015773370239367, "h16": 5.7105503941509275, "h32": 7.296150428532224, "h64": 9.11830128015565}