{"ea": 8499.542629035888, "size": 254259, "h4": 3.9988105979355058, "h8": 5.562996852639626, "h16": 6.58727481250234, "h32": 8.160230151969719, "h64": 9.93645613804108}