{"ea": 4261.07284810952, "size": 1869353, "h4": 3.7722724762527022, "h8": 5.177675517685616, "h16": 6.506878038131459, "h32": 8.075406442309053, "h64": 9.768925291544239}