{"ea": 414.37760600027025, "size": 3023072, "h4": 3.6295507386465777, "h8": 4.6105307687197525, "h16": 5.652473235400626, "h32": 7.278421349594389, "h64": 9.035160853981901}