{"ea": 7011.137627217044, "size": 665686, "h4": 3.6977489810658457, "h8": 5.08527787712276, "h16": 6.582497159467464, "h32": 8.200793366373482, "h64": 9.820894458485835}