{"ea": 5225.174899041736, "size": 240420, "h4": 3.6154169023049985, "h8": 4.521485896348802, "h16": 5.687385446724491, "h32": 7.322621651349646, "h64": 9.171108721515623}