{"ea": 2398.5130606860093, "size": 288136, "h4": 3.6891746122346745, "h8": 5.102632534477232, "h16": 5.842096868479388, "h32": 7.403506644696261, "h64": 9.163930916155259}