{"ea": 8387.323435165294, "size": 1264243, "h4": 3.6178907616967333, "h8": 5.269821404860657, "h16": 6.8881369300230055, "h32": 8.430415181392377, "h64": 10.02142921944386}