{"ea": 5409.722612899435, "size": 123009, "h4": 3.9996727202438755, "h8": 5.914206262133938, "h16": 6.22089658706088, "h32": 7.877175786798191, "h64": 9.698342400568109}