{"ea": 4984.8292454928815, "size": 307914, "h4": 3.387944569790359, "h8": 4.111199609681371, "h16": 5.646716307157143, "h32": 7.351557425200264, "h64": 9.155398480803026}