{"ea": 4937.143326537054, "size": 107954, "h4": 3.999751899911975, "h8": 5.995537827027851, "h16": 6.057598050868689, "h32": 7.2810820486473355, "h64": 9.115001855684168}