{"ea": 2649.885731245833, "size": 399180, "h4": 3.9757007424452975, "h8": 5.727888126584245, "h16": 5.866692604663257, "h32": 7.096911605885717, "h64": 8.779590798021417}