{"ea": 2907.6149187769943, "size": 425075, "h4": 3.2681626607270458, "h8": 4.195504250255882, "h16": 5.595805590215647, "h32": 7.2902418575555235, "h64": 9.100245637135284}