{"ea": 3804.241779905589, "size": 1286913, "h4": 3.4920073023769644, "h8": 4.320225672539435, "h16": 5.745188701322418, "h32": 7.368751619350366, "h64": 9.031346126725085}