{"ea": 7270.732420055832, "size": 1149477, "h4": 3.898134619860665, "h8": 5.612193823910903, "h16": 7.1614396042116475, "h32": 8.73697444441135, "h64": 10.443445613385325}