{"ea": 6070.474339793336, "size": 1206785, "h4": 3.6973369863678958, "h8": 5.414191126867474, "h16": 7.120641175658971, "h32": 8.756407093708368, "h64": 10.319676251581885}