{"ea": 6848.365411270072, "size": 1038296, "h4": 3.7349749887202917, "h8": 5.406027765135031, "h16": 6.9339614475154185, "h32": 8.43524703075515, "h64": 10.020369258610566}