{"ea": 2714.3039936221935, "size": 201321, "h4": 3.8288715524034194, "h8": 5.106938764102408, "h16": 6.030391561534669, "h32": 7.606745850631772, "h64": 9.47516399956724}