{"ea": 7164.676514312186, "size": 1319586, "h4": 3.107897748150082, "h8": 4.440939635941458, "h16": 5.951834094572787, "h32": 7.556657340719352, "h64": 9.187061714114378}