{
  "ea": 2428.20781067274,
  "size": 1755852,
  "h4": 2.9796484691403786,
  "h8": 4.471400912373931,
  "h16": 6.059482925204994,
  "h32": 7.762060250047583,
  "h64": 9.319472514255779
}