{"ea": 803.1620729818486, "size": 419526, "h4": 3.871749628940802, "h8": 5.337858819144366, "h16": 6.095476340618802, "h32": 7.725570049738782, "h64": 9.495074672198012}