{"ea": 304.8114575569385, "size": 2199750, "h4": 3.6165888582033685, "h8": 4.380663302220277, "h16": 5.70978251654981, "h32": 7.3816153474752495, "h64": 9.202852784944284}