{"ea": 3713.733319216006, "size": 1031232, "h4": 3.990138216016918, "h8": 5.373923327227825, "h16": 5.77218602569665, "h32": 7.286775637675662, "h64": 9.116033884067207}