{"ea": 7005.946480281402, "size": 966952, "h4": 3.355102608973465, "h8": 4.3370834550392185, "h16": 5.91223201738171, "h32": 7.614339798881608, "h64": 9.332998003745988}