{"ea": 15986.947617738384, "size": 1341263, "h4": 3.957178965370638, "h8": 5.714851569276805, "h16": 7.3513280504566145, "h32": 8.819748799403875, "h64": 10.430353704775012}