{"ea": 5710.68781216808, "size": 961785, "h4": 3.867041345217035, "h8": 5.290794774246918, "h16": 6.681556119792445, "h32": 8.133175269858459, "h64": 9.775146068449956}