{"ea": 3396.9687493292827, "size": 2203684, "h4": 3.8553846904993603, "h8": 5.419720140189369, "h16": 6.954444789408388, "h32": 8.539146259663578, "h64": 10.199436297327553}