{"ea": 4447.052509953908, "size": 209055, "h4": 3.9996695965630753, "h8": 5.974169197868458, "h16": 6.0629418234254615, "h32": 7.745018091459819, "h64": 9.30730023031212}