{"ea": 7171.3585909899675, "size": 1142572, "h4": 3.853822191154352, "h8": 5.484470312957127, "h16": 6.826417254005326, "h32": 8.340974497642335, "h64": 9.943293207545365}