{"ea": 3729.9506704333767, "size": 462297, "h4": 3.852297777973485, "h8": 4.966888778604944, "h16": 6.3626035141686845, "h32": 8.105844850623168, "h64": 9.962073663557401}