{"ea": 2355.8140767525174, "size": 141271, "h4": 3.999767166030014, "h8": 5.904647530619267, "h16": 6.102486277047607, "h32": 7.744593861328166, "h64": 9.574268293085845}