{"ea": 1565.3766598376133, "size": 4667940, "h4": 3.4878693191187256, "h8": 4.439838273433428, "h16": 5.686252653957012, "h32": 7.335765856449567, "h64": 9.100994716871428}