{"ea": 9355.657528867405, "size": 905542, "h4": 3.8884706730596768, "h8": 5.657413327055268, "h16": 7.250420437579729, "h32": 8.760717130697781, "h64": 10.341855443101194}