{"ea": 3956.088711819394, "size": 157157, "h4": 3.99969223963164, "h8": 5.952725338005396, "h16": 6.234556618543309, "h32": 7.5670567228433985, "h64": 9.43468821207649}