{"ea": 11209.780960620887, "size": 1292979, "h4": 3.6710899976335565, "h8": 5.190088755879339, "h16": 6.607064778392898, "h32": 8.076623553364673, "h64": 9.63321791156445}