{"ea": 5984.264964980649, "size": 1740026, "h4": 3.530382928517829, "h8": 5.012490094991067, "h16": 6.635623619664568, "h32": 8.32212646171305, "h64": 10.047717526113413}