{"ea": 4451.72285599005, "size": 935935, "h4": 3.626449532452232, "h8": 4.664945492283026, "h16": 5.662191745695631, "h32": 7.097559613580789, "h64": 8.869774403254041}