{"ea": 9449.319227344766, "size": 1515172, "h4": 3.5538970092969215, "h8": 4.927359023641451, "h16": 6.502104427804141, "h32": 8.051684760091414, "h64": 9.626423177410366}