{"ea": 319.33446014262535, "size": 1976615, "h4": 3.9555318658054093, "h8": 4.87307552806919, "h16": 6.117578203945498, "h32": 7.8335781663055215, "h64": 9.598026410171741}