{"ea": 5406.286940656593, "size": 519885, "h4": 3.4902176506839613, "h8": 4.336938990165244, "h16": 5.710004644608925, "h32": 7.395058997405581, "h64": 9.16916784479511}