{"ea": 634.9139773373698, "size": 2407971, "h4": 2.6690688430550056, "h8": 4.083194883656357, "h16": 5.741510703366364, "h32": 7.456561818849107, "h64": 9.294369767777034}