{"ea": 7679.692677353916, "size": 968829, "h4": 3.8945287939840023, "h8": 5.701461575491525, "h16": 7.334364545761611, "h32": 8.903391452336091, "h64": 10.553228379586013}