{"ea": 10570.534660385947, "size": 1119898, "h4": 3.9842739933273057, "h8": 5.872397160790047, "h16": 7.520428264624371, "h32": 8.981329325236157, "h64": 10.56804984041287}