{"ea": 4912.007072864001, "size": 125488, "h4": 3.999555376387878, "h8": 5.9894727459706125, "h16": 6.118994485277668, "h32": 7.549231473383548, "h64": 9.345644305282399}