{"ea": 10946.010181285263, "size": 648785, "h4": 3.577934385152553, "h8": 4.629628165723217, "h16": 6.088607886489978, "h32": 7.772530181368692, "h64": 9.523961215583803}