{
  "ea": 5346.151933923161,
  "size": 3528704,
  "h4": 3.671636067146698,
  "h8": 5.491098335661234,
  "h16": 7.289828297729413,
  "h32": 8.850896766971438,
  "h64": 10.353997976958059
}