{"ea": 12195.5191770963, "size": 742327, "h4": 3.879765421813546, "h8": 5.749386006676975, "h16": 7.4725181577468245, "h32": 9.031600204581686, "h64": 10.615973952092691}