{"ea": 2153.0804777736316, "size": 1169056, "h4": 3.7242273973517053, "h8": 5.244744989130067, "h16": 6.739426287979823, "h32": 8.227076455554181, "h64": 9.787547324540142}