{"ea": 2030.1913994868064, "size": 249597, "h4": 3.761653769624693, "h8": 5.2180348482950745, "h16": 6.276797409590708, "h32": 7.828160424569878, "h64": 9.626083611867896}