{"ea": 9972.254158119431, "size": 388979, "h4": 3.793482396379627, "h8": 4.93486582301237, "h16": 6.376726678898672, "h32": 8.078568396432825, "h64": 9.831913428400114}