{"ea": 2496.652024638157, "size": 319406, "h4": 3.7509797490086925, "h8": 4.702369126794537, "h16": 5.856776347614035, "h32": 7.541388199471856, "h64": 9.366022866949903}