{"ea": 839.5141789444574, "size": 376349, "h4": 3.9987059219502807, "h8": 5.50460484202376, "h16": 5.930197829417617, "h32": 7.495710031243156, "h64": 9.295273451738415}