{"ea": 1478.8089415876984, "size": 709767, "h4": 3.744645213343282, "h8": 4.626614294315336, "h16": 5.9761645930303136, "h32": 7.605907522802805, "h64": 9.433420156485282}