{"ea": 6141.517594549892, "size": 1291448, "h4": 3.7615668364636665, "h8": 5.343503476122376, "h16": 6.856044454712343, "h32": 8.456990882578257, "h64": 10.066650405317155}