{"ea": 8298.883988143038, "size": 1424272, "h4": 3.914187528652798, "h8": 5.14770480181285, "h16": 6.677467632784631, "h32": 8.201219569087847, "h64": 9.769562045906095}