{"ea": 1185.9663231537506, "size": 353491, "h4": 3.975489227583943, "h8": 4.6591673037530885, "h16": 5.70792772407504, "h32": 7.348166603861979, "h64": 9.194295599047422}