{"ea": 9543.244829361009, "size": 757846, "h4": 3.934215375935776, "h8": 5.775145440748847, "h16": 7.433377842184839, "h32": 9.012979512141007, "h64": 10.695584016128356}