{"ea": 851.4445985984181, "size": 566133, "h4": 3.989554620807964, "h8": 5.102806629398185, "h16": 6.284048046713567, "h32": 8.049229540677517, "h64": 9.945242043696819}