{"ea": 613.0945531262655, "size": 3015771, "h4": 3.5669001183386007, "h8": 4.559485957142433, "h16": 6.00509987849681, "h32": 7.731074555126174, "h64": 9.574270651478933}