{"ea": 420.7198991836835, "size": 1435125, "h4": 3.9589451350166467, "h8": 4.904947012909245, "h16": 6.269810748151649, "h32": 8.006421773655202, "h64": 9.825237875186858}