{"ea": 9001.78265908858, "size": 1196995, "h4": 3.6753183817523185, "h8": 5.37770709242789, "h16": 6.757877287482136, "h32": 8.282453287458598, "h64": 9.850549897374387}