{"ea": 4880.817553977808, "size": 1168588, "h4": 3.871715696929356, "h8": 5.4038936300471345, "h16": 7.003685737951985, "h32": 8.558362128021978, "h64": 10.08980172840439}