{"ea": 5589.980694432209, "size": 747527, "h4": 3.9728544787172098, "h8": 5.281007189766367, "h16": 6.736523879682782, "h32": 8.334498097019274, "h64": 9.869173881376952}