{"ea": 2298.381701152253, "size": 351995, "h4": 3.1834410112942386, "h8": 4.337223741953996, "h16": 5.8337322373078635, "h32": 7.522399325639025, "h64": 9.294574144143004}