{"ea": 1738.1140537482831, "size": 158020, "h4": 3.9996189483893594, "h8": 5.9491666013898845, "h16": 6.119515986291877, "h32": 7.790982341596127, "h64": 9.605006963214478}