{"ea": 2742.4809606138715, "size": 1254100, "h4": 3.9538684225266794, "h8": 5.291864623807859, "h16": 6.122005994635755, "h32": 7.771945318456138, "h64": 9.628067728161366}