{"ea": 5256.997182660923, "size": 247193, "h4": 3.898154542160001, "h8": 4.496843324930129, "h16": 5.921976922479871, "h32": 7.584027384277373, "h64": 9.415286874505117}