{"ea": 7184.6885631535415, "size": 1044436, "h4": 3.02084121184482, "h8": 4.138447532769286, "h16": 5.72546178901908, "h32": 7.423104929520327, "h64": 9.108164239379413}