{"ea": 6509.731212241617, "size": 1068346, "h4": 3.673905784080591, "h8": 5.2185813783500805, "h16": 6.885796583468762, "h32": 8.423883418501497, "h64": 10.097395347726353}