{"ea": 3889.9905573207843, "size": 260031, "h4": 3.7628015926161615, "h8": 5.262552912169124, "h16": 5.804325131082771, "h32": 7.329621684921038, "h64": 9.066891807008755}