{"ea": 3256.0824579291184, "size": 213787, "h4": 3.99944748991269, "h8": 5.693428565123714, "h16": 6.120482921719267, "h32": 7.699916398123618, "h64": 9.477585783451072}