{"ea": 691.1377539847565, "size": 613154, "h4": 3.70133700426979, "h8": 4.696315885119088, "h16": 6.005870963490769, "h32": 7.718860148041942, "h64": 9.510628822009}