{"ea": 779.1688452940357, "size": 504652, "h4": 3.998682760982379, "h8": 5.874270508053872, "h16": 6.385695709081476, "h32": 7.926960385779642, "h64": 9.759090106172987}