{"ea": 1780.3190051540053, "size": 263255, "h4": 3.9663081993591387, "h8": 4.988550119357325, "h16": 5.70709553112003, "h32": 7.310093879921774, "h64": 9.162312479063289}