{"ea": 10932.87631943231, "size": 1061414, "h4": 3.602588095356431, "h8": 4.675451281491339, "h16": 6.104053036511597, "h32": 7.60217822696162, "h64": 9.134049507539368}