{"ea": 1062.1061803173993, "size": 213255, "h4": 3.915862784219788, "h8": 5.331868058252411, "h16": 6.064666475869985, "h32": 7.731172472505873, "h64": 9.565920607097656}