{"ea": 9330.979976769708, "size": 1125848, "h4": 3.8049081903387085, "h8": 5.55656265120359, "h16": 7.227203832919385, "h32": 8.814962390399879, "h64": 10.398375656282457}