{"ea": 10857.451504458957, "size": 1044536, "h4": 3.797708257946598, "h8": 5.548344603117011, "h16": 7.048135781414331, "h32": 8.525784343818405, "h64": 10.106300202875566}