{"ea": 7027.665430976043, "size": 1698986, "h4": 3.7081534953604094, "h8": 5.252114323623218, "h16": 6.931500054609062, "h32": 8.587623410096647, "h64": 10.261206038381793}