{"ea": 11427.90305567679, "size": 1132660, "h4": 3.8090968612178004, "h8": 5.354078744373193, "h16": 6.858200614761397, "h32": 8.30327336935679, "h64": 9.847257782956163}