{"ea": 1018.2635715063184, "size": 442682, "h4": 3.837208514115314, "h8": 4.730033708005063, "h16": 5.915439330941528, "h32": 7.664596903028315, "h64": 9.557841736276742}