{"ea": 5313.284406611352, "size": 456268, "h4": 3.521804841593461, "h8": 4.274993345429863, "h16": 5.820904471843888, "h32": 7.581781580443589, "h64": 9.409648003160484}