{"ea": 9302.267499576388, "size": 857515, "h4": 3.811152993508826, "h8": 5.239062893958307, "h16": 6.611046725380323, "h32": 8.12401484073174, "h64": 9.820840574538618}