{"ea": 7880.510933287875, "size": 760230, "h4": 3.857156015683688, "h8": 5.602497978385328, "h16": 7.140574678227162, "h32": 8.64232636161399, "h64": 10.26561600552007}