{"ea": 4462.616587794059, "size": 1232108, "h4": 3.670447552821474, "h8": 5.1595936015264545, "h16": 6.721560552425885, "h32": 8.270409840986616, "h64": 9.893073232440251}