{"ea": 1453.2436303919385, "size": 351121, "h4": 3.5671614583482762, "h8": 4.619164914259718, "h16": 6.021189388303039, "h32": 7.711354831500417, "h64": 9.520102497105798}