{"ea": 7679.042055803896, "size": 1688841, "h4": 3.7815140612777824, "h8": 4.74556848615431, "h16": 6.175768506782916, "h32": 7.6405486389313175, "h64": 9.178782674168728}