{"ea": 446.3298205179808, "size": 1057500, "h4": 3.979773195876194, "h8": 4.9487742914208335, "h16": 5.829124820081153, "h32": 7.571315885584152, "h64": 9.475597897203313}