{"ea": 9324.808074529508, "size": 1512553, "h4": 3.74300352353152, "h8": 5.23242045717903, "h16": 6.471265752669402, "h32": 7.888322869920044, "h64": 9.47893963010243}