{"ea": 1353.7343733529365, "size": 3115768, "h4": 3.7954169333332732, "h8": 5.167393502706923, "h16": 6.009881469967833, "h32": 7.511240451283568, "h64": 9.117841667799514}