{"ea": 2639.9092800376097, "size": 473026, "h4": 3.9533919686269, "h8": 4.859806670459638, "h16": 6.018231923420826, "h32": 7.681470133634676, "h64": 9.504263713172495}