{"ea": 1974.8277099341065, "size": 659278, "h4": 3.9931930904112014, "h8": 5.896973031797911, "h16": 7.698625098382491, "h32": 9.485004018533104, "h64": 11.292966108420465}