{"ea": 7944.488459831018, "size": 852966, "h4": 3.7629019988269166, "h8": 5.113538344153666, "h16": 6.551342868121399, "h32": 8.118417000047614, "h64": 9.780699992361884}