{"ea": 5361.131166310277, "size": 113833, "h4": 3.9998518700373173, "h8": 5.9759168360556965, "h16": 5.993202430211468, "h32": 7.097311946293026, "h64": 8.86695653718874}