{"ea": 11185.73058353139, "size": 834293, "h4": 3.8501834373668786, "h8": 5.454253860402346, "h16": 6.815876618074471, "h32": 8.396498766666795, "h64": 10.063154847378613}