{"ea": 1017.3220455577538, "size": 446750, "h4": 3.546959771416523, "h8": 4.599376305001233, "h16": 5.673919338363758, "h32": 7.270160536464383, "h64": 9.026579055750865}