{"ea": 2356.260756935739, "size": 950078, "h4": 3.5017975039402955, "h8": 4.3948851078030735, "h16": 5.233656496244423, "h32": 6.739008436017238, "h64": 8.432706147647309}