{"ea": 2943.937997653924, "size": 779155, "h4": 3.279229643363234, "h8": 4.6831880934797185, "h16": 6.280157223590499, "h32": 7.876942499506699, "h64": 9.54228352649184}