{"ea": 1639.843906867042, "size": 410465, "h4": 3.9996266559206903, "h8": 5.953999351999098, "h16": 6.191370954790678, "h32": 7.433966322698365, "h64": 9.11299989332979}