{"ea": 4932.011738070002, "size": 1154830, "h4": 3.8852631455231914, "h8": 5.63791985921327, "h16": 7.149477365632585, "h32": 8.738800306713781, "h64": 10.357300645650714}