{"ea": 5134.431040461629, "size": 133068, "h4": 3.870111026814169, "h8": 5.701019841836785, "h16": 5.906047703788014, "h32": 7.451859562490371, "h64": 9.285545642830042}