{"ea": 5373.7658769653035, "size": 245429, "h4": 3.555546649019977, "h8": 4.332154877433936, "h16": 5.913383338012595, "h32": 7.678085011705118, "h64": 9.536333652163904}