{"ea": 2055.475642862419, "size": 258697, "h4": 3.7852830650706046, "h8": 4.823258254954564, "h16": 5.980579776561084, "h32": 7.6692195542916615, "h64": 9.504944272873892}