{"ea": 3340.6130314066845, "size": 1117169, "h4": 3.9997501819752586, "h8": 5.972092666739538, "h16": 5.985548125180359, "h32": 7.3308463311780105, "h64": 8.976571452076884}