{"ea": 382.02907677028645, "size": 1982784, "h4": 3.685922185335553, "h8": 4.915433576979735, "h16": 5.805438905854928, "h32": 7.37344999642386, "h64": 9.164299436530065}