{"ea": 481.8733290211981, "size": 1426729, "h4": 3.9638155837370617, "h8": 5.155907623844934, "h16": 6.3979405714441855, "h32": 8.06622332231226, "h64": 9.843262378192865}