{"ea": 2962.71858075148, "size": 228198, "h4": 3.999622993084482, "h8": 5.877629555611245, "h16": 6.100250492913549, "h32": 7.636393244549122, "h64": 9.403148495205043}