{"ea": 3893.177510071575, "size": 271541, "h4": 3.9979394172686513, "h8": 5.58421504023274, "h16": 6.059243918332405, "h32": 7.631135553460183, "h64": 9.365114197212135}