{"ea": 3239.20268234791, "size": 1221145, "h4": 3.4053418126446884, "h8": 4.912083002455126, "h16": 6.447363945079494, "h32": 7.946244807036789, "h64": 9.521392770793408}