{"ea": 6103.761959153718, "size": 1377978, "h4": 3.6300725311155, "h8": 4.338947590917629, "h16": 5.7209325096937835, "h32": 7.456348187367675, "h64": 9.249748855378659}