{"ea": 5350.901818302289, "size": 123038, "h4": 3.999750544063077, "h8": 5.990607169960725, "h16": 6.29321687599518, "h32": 7.908146140376953, "h64": 9.795768984047942}