{"ea": 396.57074979192333, "size": 2600029, "h4": 3.762656482742519, "h8": 4.223995583148799, "h16": 5.44815229766097, "h32": 7.143974914256974, "h64": 8.993765077761056}