{"ea": 6611.2092163959105, "size": 1612907, "h4": 3.0726014276162545, "h8": 4.8964440578519985, "h16": 6.4925164756744485, "h32": 8.15632498287304, "h64": 9.880279014857829}