{"ea": 2166.0454219337375, "size": 1614297, "h4": 3.9055577894676468, "h8": 5.539626717104486, "h16": 6.724904123301515, "h32": 8.166128842668277, "h64": 9.668417075571844}