{"ea": 5120.695939109163, "size": 306562, "h4": 3.9993364352759118, "h8": 5.6366387556754525, "h16": 6.122866518230836, "h32": 7.668048840437592, "h64": 9.493405490563056}