{"ea": 2198.4567011460954, "size": 132986, "h4": 3.9995918300759086, "h8": 5.958831941894857, "h16": 6.317651827567186, "h32": 7.710784162025983, "h64": 9.58139848468219}