{"ea": 1663.0883832156512, "size": 1296358, "h4": 3.7804814323676412, "h8": 5.389069226990289, "h16": 6.860804720264972, "h32": 8.41740331618552, "h64": 9.99884242777617}