{"ea": 1594.144106791002, "size": 486959, "h4": 2.934518219861293, "h8": 4.0603212514173155, "h16": 5.559595853424376, "h32": 7.338848323180032, "h64": 9.161636384372192}