{"ea": 9019.767619363533, "size": 655134, "h4": 3.7659650805420495, "h8": 5.192282821569293, "h16": 6.869062658231961, "h32": 8.52196039576275, "h64": 10.201075460173731}