{"ea": 3701.947646180035, "size": 1379478, "h4": 3.967918440389089, "h8": 4.848466318938074, "h16": 6.002640596675699, "h32": 7.545933655993289, "h64": 9.261710542182167}