{"ea": 4076.759361671778, "size": 1080298, "h4": 3.554478050708217, "h8": 4.49390676618296, "h16": 6.0157192391646035, "h32": 7.710170289936082, "h64": 9.499766441983379}