{"ea": 4646.10869764777, "size": 912745, "h4": 3.9683935868915245, "h8": 5.835132373637149, "h16": 7.314096547369765, "h32": 8.860873927604782, "h64": 10.504353745356147}