{"ea": 12184.402918339081, "size": 620770, "h4": 3.969040283087605, "h8": 5.854407481179907, "h16": 7.545056433038607, "h32": 9.2206158599127, "h64": 10.986351105584397}