{"ea": 5356.628234775371, "size": 225152, "h4": 3.6343400279363998, "h8": 4.555727998148114, "h16": 6.012426153431182, "h32": 7.70309296497193, "h64": 9.51200882235241}