{"ea": 5410.652726747882, "size": 1243375, "h4": 3.6807019656036557, "h8": 5.1939792129726285, "h16": 6.610571753107298, "h32": 8.071806523218232, "h64": 9.593692934638128}