{"ea": 8214.250451551965, "size": 683189, "h4": 3.739700302271115, "h8": 5.145166703311748, "h16": 6.778464560345448, "h32": 8.332617262039523, "h64": 9.971169235742964}