{"ea": 2865.3696946905993, "size": 264917, "h4": 3.8862731862613433, "h8": 5.433648352741768, "h16": 6.172611807581432, "h32": 7.734610984107121, "h64": 9.549761286362218}