{"ea": 11036.542815630597, "size": 733821, "h4": 3.973807526677158, "h8": 5.735151304516995, "h16": 7.309768499111261, "h32": 8.874645067130512, "h64": 10.490279245276696}