{"ea": 7534.581501749307, "size": 813413, "h4": 3.6008514839363075, "h8": 5.175657584480378, "h16": 6.831369025963384, "h32": 8.40456600822235, "h64": 9.958426169115402}