{"ea": 5345.9975148911935, "size": 286334, "h4": 3.672589358693551, "h8": 5.094748716665946, "h16": 6.518155340211279, "h32": 8.243188218412238, "h64": 10.120017820378084}