{"ea": 1127.1859144197367, "size": 484376, "h4": 3.675825277580291, "h8": 4.830552318713687, "h16": 5.905138490977106, "h32": 7.5794784926671674, "h64": 9.36718338089199}