{"ea": 2107.1400301064045, "size": 1315581, "h4": 3.709184697777273, "h8": 5.025433766026897, "h16": 6.5944734866047785, "h32": 8.099827757636433, "h64": 9.624389138942913}