{"ea": 4971.856569407912, "size": 1213826, "h4": 3.8662482808286027, "h8": 5.360386810624551, "h16": 6.818182107334044, "h32": 8.23910119929312, "h64": 9.796358748899815}