{"ea": 5341.41084908403, "size": 185104, "h4": 3.962091350279284, "h8": 4.893956779845468, "h16": 6.090445056148953, "h32": 7.841841469217432, "h64": 9.74687619659105}