{"ea": 6136.123345101698, "size": 996543, "h4": 3.6670229147246216, "h8": 5.237869453976808, "h16": 6.789928825103631, "h32": 8.295090907178569, "h64": 9.879810876791668}