{"ea": 3724.090901422622, "size": 958954, "h4": 3.778089013041008, "h8": 5.382857594496057, "h16": 6.984152971319607, "h32": 8.531529148391497, "h64": 10.186949479077924}