{"ea": 5643.642899169221, "size": 1036508, "h4": 3.930226458438378, "h8": 5.775376731967973, "h16": 7.566334749494398, "h32": 9.17783549320016, "h64": 10.787737206775962}