{"ea": 3841.8254302871114, "size": 184206, "h4": 3.9441962617776665, "h8": 5.5770015750648625, "h16": 5.954489495029264, "h32": 7.4357671597171295, "h64": 9.19138265680053}