{"ea": 3226.074426510921, "size": 735169, "h4": 3.3232061507895563, "h8": 4.367362568449317, "h16": 5.9507614568620895, "h32": 7.694427009120343, "h64": 9.424838308422181}