{"ea": 2665.5193757971647, "size": 905634, "h4": 3.7026388385980438, "h8": 4.384356991460589, "h16": 5.658765255676926, "h32": 7.357914286271557, "h64": 9.163357251123404}