{"ea": 11288.708803811815, "size": 617427, "h4": 3.9886950890884547, "h8": 5.024339015615302, "h16": 6.081250892724846, "h32": 7.581265214396906, "h64": 9.2883669609197}