{"ea": 5700.711631817869, "size": 1288557, "h4": 3.753430921191611, "h8": 5.40423478873619, "h16": 6.956421704593136, "h32": 8.51905476800643, "h64": 10.139912710226572}