{"ea": 6388.897301327383, "size": 1102735, "h4": 3.869330964004806, "h8": 5.527861321100066, "h16": 7.144617578718866, "h32": 8.694163439707058, "h64": 10.315639288058222}