{"ea": 544.3831104015101, "size": 4279730, "h4": 3.6643664712088397, "h8": 4.418223497209915, "h16": 5.60255262755124, "h32": 7.262357149975755, "h64": 9.054776296515833}