{"ea": 529.5459273577054, "size": 6866475, "h4": 3.9883653306320666, "h8": 5.339086951086243, "h16": 6.328547888657272, "h32": 7.963103624524631, "h64": 9.80258783173089}