{"ea": 987.7576347232279, "size": 538682, "h4": 3.991971945562174, "h8": 5.136059687975315, "h16": 6.268418116179297, "h32": 7.974491874720927, "h64": 9.784699406893075}