{"ea": 1187.8964766170677, "size": 805799, "h4": 3.8533909013371765, "h8": 4.600368943218863, "h16": 5.764259890160243, "h32": 7.392386427446866, "h64": 9.199578689430856}