{"ea": 4234.412161308629, "size": 939051, "h4": 3.790321217002758, "h8": 5.12769349376984, "h16": 6.500285231058651, "h32": 8.191974942035916, "h64": 10.034555541792859}