{"ea": 7276.74403243621, "size": 887948, "h4": 3.8086327839361953, "h8": 5.254094306902301, "h16": 6.576304526314159, "h32": 8.139602709156645, "h64": 9.848731171986262}