{"ea": 2423.362010521719, "size": 156995, "h4": 3.879519293832365, "h8": 5.451541180486517, "h16": 5.947993979543247, "h32": 7.421056895387059, "h64": 9.195518191769356}