{"ea": 7156.227722512845, "size": 1373510, "h4": 3.779557546666192, "h8": 5.338953199249829, "h16": 6.943515307377527, "h32": 8.481674573016956, "h64": 10.09108449879124}