{"ea": 1369.4057691276084, "size": 715434, "h4": 3.5912507675111778, "h8": 4.733055129200034, "h16": 6.043260049948158, "h32": 7.649800840161745, "h64": 9.435991929797964}