{"ea": 3408.135715610797, "size": 344324, "h4": 3.8572479033847307, "h8": 4.450600371545198, "h16": 5.618717080899488, "h32": 7.303765148603637, "h64": 9.126735752212808}