{"ea": 2856.4039710920965, "size": 287216, "h4": 3.7981945969192883, "h8": 4.917255793760766, "h16": 5.983336349203423, "h32": 7.671160758009313, "h64": 9.486129654496256}