{"ea": 5310.487573796582, "size": 135414, "h4": 3.9993045890174237, "h8": 5.574402216180976, "h16": 6.131589937683566, "h32": 7.805077062440324, "h64": 9.677522332218176}