{"ea": 11899.890979878908, "size": 1336643, "h4": 3.298941530168824, "h8": 4.982544253059566, "h16": 6.655393449232909, "h32": 8.224157413432678, "h64": 9.79384700896772}