{"ea": 765.4513927494123, "size": 284553, "h4": 3.5554662443540925, "h8": 4.591605199157793, "h16": 5.743530376332284, "h32": 7.438995841344401, "h64": 9.262516839619174}