{"ea": 9707.910464544113, "size": 614929, "h4": 3.530060972713248, "h8": 4.780171819330128, "h16": 6.273173241790767, "h32": 7.965870208312785, "h64": 9.634045813846601}