{"ea": 4840.559488935572, "size": 976764, "h4": 3.9190719368740856, "h8": 5.705771238144709, "h16": 7.307431859676828, "h32": 8.930933226001645, "h64": 10.618037103569858}