{"ea": 5641.488681263077, "size": 1374180, "h4": 3.7558883140768398, "h8": 5.039830741947429, "h16": 6.326601142936099, "h32": 7.799545492852801, "h64": 9.384420021766795}