{"ea": 6521.013791132089, "size": 1389276, "h4": 3.780115427727138, "h8": 5.202458854187362, "h16": 6.737964222872362, "h32": 8.321864580691724, "h64": 9.9199626178179}