{"ea": 8667.542422875431, "size": 930516, "h4": 3.712397778985119, "h8": 5.401964710555609, "h16": 7.05066940965745, "h32": 8.640917764593553, "h64": 10.319120152181423}