{"ea": 11270.0020918284, "size": 481961, "h4": 3.9081818837899593, "h8": 5.241257958800121, "h16": 6.530832013089421, "h32": 8.126741660928225, "h64": 9.839351939709582}