{"ea": 6729.41492907061, "size": 1127573, "h4": 3.8598201086622974, "h8": 4.944231899566014, "h16": 5.9708438339226575, "h32": 7.46593896910227, "h64": 9.183318705371544}