{"ea": 1379.9644732287315, "size": 652795, "h4": 3.9978296591771914, "h8": 5.300458748473721, "h16": 6.109464578828054, "h32": 7.717309506892026, "h64": 9.482570160978458}