{"ea": 1661.5152881078277, "size": 500066, "h4": 3.8471639752053552, "h8": 5.206044022214806, "h16": 6.033363733476491, "h32": 7.6354430079810705, "h64": 9.420755335611664}