{"ea": 5026.246317804259, "size": 1130259, "h4": 3.6304952377702424, "h8": 5.226839290770275, "h16": 6.73874947418137, "h32": 8.26957978388317, "h64": 9.860015123345905}