{"ea": 5388.4612421524735, "size": 182187, "h4": 3.9974937797182215, "h8": 5.867742458865833, "h16": 7.062269087654473, "h32": 8.683111392651606, "h64": 10.586689173912843}