{"ea": 516.1599560180749, "size": 830810, "h4": 3.9857893082101192, "h8": 5.580148561674315, "h16": 6.030715492513202, "h32": 7.467434051412809, "h64": 9.273146244413471}