{"ea": 3770.6742187508507, "size": 270748, "h4": 3.9940239870707153, "h8": 5.661595941744151, "h16": 6.308016061798147, "h32": 7.973521115912747, "h64": 9.776463047661741}