{"ea": 1265.8464883320084, "size": 571748, "h4": 3.5908308618127545, "h8": 4.776272824120624, "h16": 5.871932956464663, "h32": 7.557625452445777, "h64": 9.382781887669488}