{"ea": 9004.221060277152, "size": 555034, "h4": 3.5405022495779512, "h8": 5.112840316281291, "h16": 6.7027633517813126, "h32": 8.376564097555068, "h64": 10.138183542737487}