{"ea": 5502.887535758919, "size": 947958, "h4": 3.830904697612107, "h8": 5.624735612355172, "h16": 7.231273605419538, "h32": 8.6740907523568, "h64": 10.287843837574044}