{"ea": 5407.892269664013, "size": 1103279, "h4": 3.572215046912496, "h8": 5.103288019086869, "h16": 6.601313753987403, "h32": 8.059484219225464, "h64": 9.589110353136174}