{"ea": 6654.519398597946, "size": 1017411, "h4": 3.621884257675929, "h8": 4.697293846044358, "h16": 6.038774947183979, "h32": 7.6070264490820865, "h64": 9.301890679300822}