{"ea": 5309.0377932857955, "size": 299845, "h4": 3.4104991637163016, "h8": 4.228935226730368, "h16": 5.758779889135409, "h32": 7.477646226003269, "h64": 9.316425990716645}