{"ea": 5388.180858228801, "size": 432309, "h4": 3.3212911228603206, "h8": 4.380188727054855, "h16": 5.797221275138673, "h32": 7.516849948240079, "h64": 9.359377727023759}