{"ea": 6988.891229354532, "size": 1169970, "h4": 3.5789189006207707, "h8": 4.804329459676808, "h16": 6.497076008862324, "h32": 8.089462810233286, "h64": 9.76662282734748}