{"ea": 1465.3908051828473, "size": 239185, "h4": 3.9507696445506015, "h8": 5.029169155509307, "h16": 6.102967905730766, "h32": 7.800445110096462, "h64": 9.645735226407762}