{"ea": 8748.103125500329, "size": 804690, "h4": 3.5260340577136544, "h8": 4.94533553711839, "h16": 6.526474135638051, "h32": 8.124149012191747, "h64": 9.834203877605301}