{"ea": 5389.995770351302, "size": 115347, "h4": 3.999721271295874, "h8": 5.993409726474283, "h16": 6.1417266879433425, "h32": 7.6118480183498, "h64": 9.444653630556434}