{"ea": 6067.319181644249, "size": 1046612, "h4": 3.8980710718509552, "h8": 5.59773024069425, "h16": 7.002141993181386, "h32": 8.438084652082672, "h64": 9.983657736096555}