{"ea": 1793.4057805177165, "size": 854526, "h4": 3.9630832384257726, "h8": 5.5716107550813305, "h16": 6.207793432775505, "h32": 7.626347770441561, "h64": 9.415553741926947}