{"ea": 684.0406235817403, "size": 560829, "h4": 3.9846043025331856, "h8": 5.464708588750807, "h16": 7.064614668478942, "h32": 8.856147536932603, "h64": 10.69653841548503}