{"ea": 1326.0190050510564, "size": 1375512, "h4": 3.4092887829296448, "h8": 4.769288122069716, "h16": 5.982126793366921, "h32": 7.29904968025785, "h64": 8.947009737706416}