{"ea": 10533.230117974983, "size": 860915, "h4": 3.937651958110341, "h8": 5.644581287068242, "h16": 7.410446719108466, "h32": 9.02104152662182, "h64": 10.69194166858195}