{"ea": 10316.125667030334, "size": 1339491, "h4": 3.777770944056278, "h8": 5.507058994626301, "h16": 7.171999366675814, "h32": 8.817285099653782, "h64": 10.515502986368645}