{"ea": 5356.833908776057, "size": 134676, "h4": 3.998794356856004, "h8": 5.719319461457109, "h16": 6.584450399684062, "h32": 8.339822889869117, "h64": 10.252073554952847}