{"ea": 5401.1876003264515, "size": 335944, "h4": 3.468513671515908, "h8": 4.350095708954563, "h16": 5.945589554386952, "h32": 7.769715959551182, "h64": 9.68356443382216}