{"ea": 5392.721488618594, "size": 113773, "h4": 3.9995747100920376, "h8": 5.551484863820015, "h16": 6.107742440298598, "h32": 7.715677149585554, "h64": 9.587943995399272}