{"ea": 2210.4566962249096, "size": 1180950, "h4": 3.8048421130825396, "h8": 5.373144035450304, "h16": 7.080042568714116, "h32": 8.659201621086298, "h64": 10.2396980921585}