{"ea": 8053.333141464403, "size": 764511, "h4": 3.9201133069362877, "h8": 5.6743612050573, "h16": 6.9746674012078556, "h32": 8.532626379769736, "h64": 10.16309695940662}