{"ea": 9255.859749341422, "size": 701129, "h4": 3.946547129067615, "h8": 5.735134247772462, "h16": 7.387539626123942, "h32": 8.946539946636742, "h64": 10.584558212933867}