{"ea": 751.5298287437205, "size": 729299, "h4": 3.9860313486545316, "h8": 5.698755109051399, "h16": 6.035034539789363, "h32": 7.627454042113951, "h64": 9.420298962498304}