{"ea": 743.3191493229056, "size": 1920432, "h4": 3.999793049076042, "h8": 5.877540796770365, "h16": 6.226011256001245, "h32": 7.89677977469043, "h64": 9.701760927838471}