{"ea": 12370.072391288546, "size": 1101555, "h4": 3.8437482457165544, "h8": 5.191751681582476, "h16": 6.5597248531786185, "h32": 8.088155393048208, "h64": 9.653932465712915}