{"ea": 955.2859168671855, "size": 1390733, "h4": 3.857572567749345, "h8": 4.690549194633709, "h16": 5.789803720642118, "h32": 7.42014873716559, "h64": 9.270241858355192}