{"ea": 3029.3335509281274, "size": 427427, "h4": 3.995730180555757, "h8": 4.813693008818197, "h16": 5.77691823789883, "h32": 7.473991023534163, "h64": 9.316550672209514}