{"ea": 5300.880365798422, "size": 298185, "h4": 2.732319944879201, "h8": 3.902013417734765, "h16": 5.317293366166094, "h32": 7.0146874839637725, "h64": 8.813034523119697}