{"ea": 646.3569688454946, "size": 566813, "h4": 3.5276362709549947, "h8": 4.803528333762198, "h16": 5.958322952221575, "h32": 7.622028329964131, "h64": 9.43877151985935}