{"ea": 14192.533365727471, "size": 854490, "h4": 3.7742143193990323, "h8": 5.551166004646693, "h16": 7.2063785602267085, "h32": 8.799268429435223, "h64": 10.45926742355779}