{"ea": 2908.708737097253, "size": 217507, "h4": 3.977282725595635, "h8": 5.208136491363879, "h16": 6.054013495152435, "h32": 7.825499848909731, "h64": 9.720338144583817}