{"ea": 905.3029119488659, "size": 2196268, "h4": 3.694713071102963, "h8": 4.619500062751321, "h16": 5.7159616040113015, "h32": 7.3114539665913325, "h64": 9.152196014824602}