{"ea": 4254.518630944332, "size": 621255, "h4": 3.9241708617961293, "h8": 4.942855442878324, "h16": 5.910722500833433, "h32": 7.594439512106328, "h64": 9.38778640383645}