{"ea": 4570.459152163211, "size": 1062072, "h4": 3.8168769755596, "h8": 5.4907609534972215, "h16": 6.929109348291231, "h32": 8.387872168639383, "h64": 9.939392304089306}