{"ea": 1667.0533327163496, "size": 431529, "h4": 3.996946015472451, "h8": 5.269689187428561, "h16": 6.226613452083701, "h32": 7.921843137586881, "h64": 9.783252409788652}