{"ea": 11263.03819864449, "size": 1091865, "h4": 3.5076218017295187, "h8": 5.094553046800982, "h16": 6.546705324076148, "h32": 8.169052652106213, "h64": 9.905168532089874}