{"ea": 1998.7188764827035, "size": 480957, "h4": 3.953496144203839, "h8": 5.1089038339368065, "h16": 6.490145508431155, "h32": 8.182044591478274, "h64": 9.998379654635858}