{"ea": 6725.956881454274, "size": 1462855, "h4": 3.3686886915030554, "h8": 4.922665250287506, "h16": 6.557575186466463, "h32": 8.030573282068204, "h64": 9.615036512331542}