{"ea": 5128.1063903509375, "size": 123499, "h4": 3.9996746778656282, "h8": 5.998188744662951, "h16": 6.012266381377297, "h32": 7.389091259140783, "h64": 9.109745260636817}