{"ea": 4454.5995224302, "size": 1130536, "h4": 3.5596736000831912, "h8": 5.281225794273011, "h16": 6.918881441190188, "h32": 8.426821674870933, "h64": 10.056569253313583}