{"ea": 4773.877405177943, "size": 1322622, "h4": 3.7594693793945755, "h8": 5.430612455220342, "h16": 7.037286685120494, "h32": 8.547839949372976, "h64": 10.004515265589863}