{"ea": 1678.9777909203692, "size": 565186, "h4": 3.6484199145304226, "h8": 5.175024539489699, "h16": 6.385849644765067, "h32": 8.024693843787949, "h64": 9.793300799588497}