{"ea": 1075.8776145713869, "size": 359261, "h4": 3.9995743563582336, "h8": 5.879084178289872, "h16": 5.918204618786703, "h32": 7.234509896214215, "h64": 8.97217266186264}