{"ea": 9196.77876108515, "size": 358581, "h4": 3.9972425101162026, "h8": 5.877211684086966, "h16": 7.213893774744804, "h32": 8.6735386856565, "h64": 10.256820589736302}