{"ea": 3800.868239491672, "size": 133294, "h4": 3.9996177298377913, "h8": 5.9890199038095036, "h16": 6.248658291953624, "h32": 7.744520020618369, "h64": 9.59792817725038}