{"ea": 2269.376299503738, "size": 235472, "h4": 3.9988910325494427, "h8": 5.807384975088375, "h16": 6.461518347314925, "h32": 8.042233989454811, "h64": 9.813599937664975}