{"ea": 9016.291945485986, "size": 1020427, "h4": 3.850748674885241, "h8": 5.685388168421349, "h16": 7.318247067183395, "h32": 8.826688815379384, "h64": 10.386101780077109}