{"ea": 4768.477222502206, "size": 1518451, "h4": 3.831162239629608, "h8": 4.899022014380964, "h16": 6.060409049420782, "h32": 7.730453539561722, "h64": 9.526599933593474}