{"ea": 3502.8416307926923, "size": 1331811, "h4": 3.880571330350488, "h8": 5.498369774405864, "h16": 6.9095799053849, "h32": 8.368155262294174, "h64": 9.939352041080019}