{"ea": 463.9029635735426, "size": 1089590, "h4": 3.9435714464370264, "h8": 4.962226977333705, "h16": 6.344535568532047, "h32": 8.060908170073915, "h64": 9.887452459961585}