{"ea": 3757.234194864949, "size": 1242711, "h4": 3.85337537872598, "h8": 5.168670171227994, "h16": 6.396202806389846, "h32": 7.806259048951409, "h64": 9.412705778560124}