{"ea": 2393.995461361813, "size": 482744, "h4": 3.6315648915341776, "h8": 4.736528897045243, "h16": 5.860594021901799, "h32": 7.531567830361169, "h64": 9.369793969427164}