{"ea": 1529.2708147353794, "size": 220492, "h4": 3.9997796633882396, "h8": 5.896032584474342, "h16": 5.996251429408453, "h32": 7.604233144050832, "h64": 9.360428833902422}