{"ea": 5921.485119537219, "size": 1126400, "h4": 3.504069327190692, "h8": 5.048984665084399, "h16": 6.7410293218482, "h32": 8.376652994102576, "h64": 10.024140894708298}