{"ea": 5501.9441396911525, "size": 1279508, "h4": 3.80605445600955, "h8": 5.461923715486929, "h16": 7.081104494331898, "h32": 8.603221827108534, "h64": 10.185392974821406}