{"ea": 5178.718301767076, "size": 447317, "h4": 3.8795276105246606, "h8": 5.585886608788757, "h16": 6.935714824850609, "h32": 8.72024422340155, "h64": 10.525749675422892}