{"ea": 11073.20340148444, "size": 1151166, "h4": 3.639516765530618, "h8": 4.5667114109098765, "h16": 5.9808068170958, "h32": 7.42087464780116, "h64": 8.987187005046046}