{"ea": 6592.709324361033, "size": 1085206, "h4": 3.7926165043515487, "h8": 5.493118665821131, "h16": 7.242180082503461, "h32": 8.97055546762977, "h64": 10.7556803699301}