{"ea": 2952.560207925606, "size": 158851, "h4": 3.8410562587006805, "h8": 4.833717618518203, "h16": 5.712479157859937, "h32": 7.343645297442276, "h64": 9.151038805287817}