{"ea": 458.1768937772996, "size": 1169888, "h4": 3.9993035458743753, "h8": 5.530325599495003, "h16": 6.005715001685315, "h32": 7.596898202596013, "h64": 9.363555015026646}