{"ea": 5075.913458761472, "size": 1479847, "h4": 3.658568208784206, "h8": 5.220440306746365, "h16": 6.516931321675949, "h32": 8.15596250388722, "h64": 9.919115619913645}