{"ea": 2632.9263737131037, "size": 240021, "h4": 3.967166460070695, "h8": 5.297974153712959, "h16": 6.501710882178809, "h32": 8.22825005610877, "h64": 10.047797690061264}