{"ea": 9303.577501983706, "size": 638366, "h4": 3.4164254961732072, "h8": 4.276317889699193, "h16": 5.731765126734048, "h32": 7.420202502772536, "h64": 9.121355241717177}