{"ea": 5368.62767883771, "size": 210779, "h4": 3.5880226412376697, "h8": 4.026359370475669, "h16": 5.534514434803592, "h32": 7.257658473031382, "h64": 9.151174091549228}