{"ea": 3520.25724193577, "size": 152119, "h4": 3.9857657153490553, "h8": 5.177140852825424, "h16": 6.052021095936926, "h32": 7.726357116164316, "h64": 9.604110405143343}