{"ea": 840.5252102716668, "size": 4790090, "h4": 3.5606663242473964, "h8": 4.417784667071533, "h16": 5.468385134890671, "h32": 6.95802068622949, "h64": 8.681000072529496}