{"ea": 7283.490959415603, "size": 700379, "h4": 3.956057355622732, "h8": 5.521194898400385, "h16": 6.864720549352299, "h32": 8.366994397899363, "h64": 9.923803944350041}