{"ea": 2897.3514366106615, "size": 245075, "h4": 3.8747242553681294, "h8": 5.721363862478338, "h16": 5.8465694735563964, "h32": 6.707635338298069, "h64": 8.448113589658224}