{"ea": 5281.12963142428, "size": 127941, "h4": 3.9994108452891757, "h8": 5.990876072784693, "h16": 6.315321058161707, "h32": 7.782160918961367, "h64": 9.661834626003216}