{"ea": 12302.766450415385, "size": 1163672, "h4": 3.9395462133544386, "h8": 5.765767758860252, "h16": 7.240711507666969, "h32": 8.743301785671452, "h64": 10.39031483468824}