{"ea": 7308.806017801523, "size": 1271393, "h4": 3.626169682006382, "h8": 5.277910193422425, "h16": 6.766057945017838, "h32": 8.336683240791151, "h64": 9.903503592278444}