{"ea": 8816.73143906344, "size": 1156854, "h4": 3.5560177815130283, "h8": 5.1596467935104595, "h16": 6.688019149812343, "h32": 8.251154914342274, "h64": 9.87595463638152}