{"ea": 7319.86460330893, "size": 668860, "h4": 3.624043809139005, "h8": 5.014332674661739, "h16": 6.58495864429023, "h32": 8.256058761189756, "h64": 9.979039246681639}