{"ea": 1602.6939582552134, "size": 564481, "h4": 3.548562466025497, "h8": 4.7013041796288695, "h16": 6.101175123711621, "h32": 7.833064374415482, "h64": 9.627110030328552}