{"ea": 5430.666213162855, "size": 172015, "h4": 3.957916539265024, "h8": 5.1276693814879035, "h16": 6.08542103028639, "h32": 7.672531418576197, "h64": 9.521355818974495}