{"ea": 4343.978375033042, "size": 925108, "h4": 3.7660100080151078, "h8": 5.482531091262127, "h16": 7.076175631935352, "h32": 8.596328658069424, "h64": 10.166313108789193}