{"ea": 3129.5840407932, "size": 645879, "h4": 3.8861097310628643, "h8": 4.939879829528642, "h16": 6.07813954929955, "h32": 7.835111186892856, "h64": 9.666127384781275}