{"ea": 643.2771371559506, "size": 259173, "h4": 3.912050066530463, "h8": 5.297722300648806, "h16": 6.043132819232694, "h32": 7.71503900274036, "h64": 9.517588174636021}