{"ea": 1719.337168363727, "size": 242296, "h4": 3.9997749380140557, "h8": 5.824269623757155, "h16": 6.213780257993682, "h32": 7.7561354353820295, "h64": 9.612021038121945}