{"ea": 433.26902567694435, "size": 1526710, "h4": 3.9704083525421523, "h8": 4.565306883234793, "h16": 5.8628292741508385, "h32": 7.608151313150011, "h64": 9.48831765919066}