{"ea": 8197.743651000515, "size": 728344, "h4": 3.6724415122973384, "h8": 5.246233853674934, "h16": 6.8115267129704655, "h32": 8.39448481127558, "h64": 9.991711906092426}