{"ea": 6950.566809508799, "size": 1309095, "h4": 3.86705641497153, "h8": 5.74856241580434, "h16": 7.3451386101065275, "h32": 8.897473132597685, "h64": 10.458418823577386}