{"ea": 6430.425785001567, "size": 813258, "h4": 3.894384688248322, "h8": 5.692152798901143, "h16": 7.291020075689433, "h32": 8.82779298240828, "h64": 10.479370154995785}