{"ea": 4860.885002891985, "size": 109107, "h4": 3.99966325275477, "h8": 5.99677845904808, "h16": 6.10783808902201, "h32": 7.524273126955643, "h64": 9.378193119975759}