{"ea": 9218.281741369457, "size": 1572437, "h4": 3.72895291479633, "h8": 5.128302437639864, "h16": 6.419007718798642, "h32": 7.867463147572242, "h64": 9.458644774692928}