{"ea": 8908.675732948634, "size": 2272842, "h4": 3.868440671457823, "h8": 5.651427361328873, "h16": 7.378473538054503, "h32": 9.06708091205204, "h64": 10.787122065687708}