{"ea": 448.54088725374527, "size": 1050121, "h4": 3.975274665163273, "h8": 5.415060357409965, "h16": 6.3388511308095055, "h32": 7.964704407969801, "h64": 9.734459541573958}