{"ea": 4520.8902459974415, "size": 131680, "h4": 3.999631008416775, "h8": 5.977165336648732, "h16": 6.002192637268607, "h32": 7.229467309559337, "h64": 9.004842187978856}