{"ea": 962.8048754940927, "size": 429987, "h4": 3.940205654743366, "h8": 5.0654286871558005, "h16": 6.488202805047198, "h32": 8.182169436377926, "h64": 10.015188891744764}