{"ea": 3957.109425753703, "size": 294455, "h4": 3.711029851863812, "h8": 4.71386690251575, "h16": 6.244632572977798, "h32": 8.049646787225434, "h64": 9.963201720111321}