{"ea": 6300.657417659086, "size": 1085344, "h4": 3.4023779245006653, "h8": 4.7052345374068665, "h16": 6.146479903987007, "h32": 7.676982628052097, "h64": 9.377148410246878}