{"ea": 2417.6210888062274, "size": 228071, "h4": 3.912471895941512, "h8": 5.509370190189658, "h16": 5.853333829383161, "h32": 7.26117737646727, "h64": 9.079020477603741}