{"ea": 4364.944672345295, "size": 1080878, "h4": 3.3678859373365393, "h8": 4.165366620382679, "h16": 5.665434038858267, "h32": 7.3586545122448666, "h64": 9.074340078335837}