{"ea": 10000.32510617592, "size": 1405653, "h4": 3.596002511179516, "h8": 4.438061508006757, "h16": 6.050404103489102, "h32": 7.737573594282092, "h64": 9.354711153484736}