{"ea": 1527.2196451882844, "size": 723737, "h4": 3.8922701160009447, "h8": 5.625657957380617, "h16": 5.874905696646251, "h32": 7.306342251765034, "h64": 9.018359271128793}