{"ea": 2484.6630117226905, "size": 319062, "h4": 3.9598696153916615, "h8": 5.297691155718287, "h16": 6.073945409877846, "h32": 7.725043999789469, "h64": 9.51608791960206}