{"ea": 4561.926366106612, "size": 203918, "h4": 3.9356208178148986, "h8": 4.973570745799334, "h16": 5.7706348834901, "h32": 7.518205249163513, "h64": 9.342471812781032}