{"ea": 4883.838024574558, "size": 148462, "h4": 3.9726172889032765, "h8": 5.244286670448903, "h16": 6.161235460244351, "h32": 7.897629816639842, "h64": 9.815547359323496}