{"ea": 7380.561790425926, "size": 1086696, "h4": 3.9504894012205316, "h8": 5.817047355428438, "h16": 7.457085437035921, "h32": 9.003230790586485, "h64": 10.529773845706869}