{"ea": 8804.00185333462, "size": 1020909, "h4": 3.617159202101628, "h8": 5.322638009599052, "h16": 7.035664110019077, "h32": 8.6387839787801, "h64": 10.30509721709727}