{"ea": 4844.363853603571, "size": 1569167, "h4": 3.5043945743381224, "h8": 4.8191545400812235, "h16": 6.257303705020867, "h32": 7.784324066537459, "h64": 9.381795470879112}