{"ea": 10161.58848906285, "size": 992459, "h4": 3.784976154334266, "h8": 5.567331272411629, "h16": 7.181585425998109, "h32": 8.708565799338308, "h64": 10.243607093345837}