{"ea": 4488.403792653357, "size": 633498, "h4": 3.603159915655077, "h8": 4.240737647318217, "h16": 5.679904132024593, "h32": 7.385186831541637, "h64": 9.184266843147828}