{"ea": 686.2027829932699, "size": 539904, "h4": 3.995515887461203, "h8": 5.064966502027442, "h16": 6.2256171107847615, "h32": 7.976579594023773, "h64": 9.823144743626118}