{"ea": 3940.4120566291836, "size": 1046572, "h4": 3.5577343966850856, "h8": 5.190208475874773, "h16": 6.684286413912184, "h32": 8.177005250194327, "h64": 9.82211887800515}