{"ea": 10512.778865369868, "size": 937491, "h4": 3.670613896619793, "h8": 5.274057277308352, "h16": 6.946764110783358, "h32": 8.541024484655516, "h64": 10.15257759133862}