{"ea": 2625.0390177008194, "size": 347418, "h4": 3.3460649650588765, "h8": 4.346416884839363, "h16": 5.768645477776262, "h32": 7.463560171585539, "h64": 9.283408219075506}