{"ea": 10159.044637201052, "size": 431121, "h4": 3.807140091406449, "h8": 5.225383367441371, "h16": 6.575630385590641, "h32": 8.161884281110824, "h64": 9.881586077568212}