{"ea": 6051.364638209965, "size": 977475, "h4": 3.7848168581757946, "h8": 5.616346521361884, "h16": 7.2507075387575775, "h32": 8.878092581696611, "h64": 10.551013731580937}