{"ea": 3613.5573401044635, "size": 163690, "h4": 3.9348159056269996, "h8": 5.587059158304703, "h16": 5.997293781860979, "h32": 7.504452406447504, "h64": 9.342823532817388}