{"ea": 2177.2019628744906, "size": 236726, "h4": 3.978999495842054, "h8": 5.100705841152571, "h16": 5.7026429625752, "h32": 7.13514209896709, "h64": 8.830339514437053}