{"ea": 667.9546534090628, "size": 569356, "h4": 3.916922104708487, "h8": 4.985401650733709, "h16": 5.812161447863311, "h32": 7.4765533303618605, "h64": 9.317901921148849}