{"ea": 1619.1060028092645, "size": 267223, "h4": 3.954091086929666, "h8": 4.990283960582158, "h16": 6.123092857845199, "h32": 7.8680823828626325, "h64": 9.716119857177073}