{"ea": 551.0058424715761, "size": 740970, "h4": 3.1543174670048026, "h8": 4.491836137962671, "h16": 5.863331118986283, "h32": 7.556283091252343, "h64": 9.340432520240604}