{"ea": 2944.283804451944, "size": 649900, "h4": 3.223507476149756, "h8": 4.159581750017992, "h16": 5.793965802132462, "h32": 7.501497581648269, "h64": 9.301485621803419}