{"ea": 3343.2312143040617, "size": 997038, "h4": 3.699451244426368, "h8": 5.405992281823169, "h16": 6.873473879236336, "h32": 8.280719968367007, "h64": 9.867195307486151}