{"ea": 8429.244811911558, "size": 1242516, "h4": 3.862536297659422, "h8": 5.6268099171561445, "h16": 7.231974948230336, "h32": 8.694057174560946, "h64": 10.23962825655067}