{"ea": 7551.87841259983, "size": 1609377, "h4": 3.4240339266236575, "h8": 4.7090458575208975, "h16": 6.231864469544744, "h32": 7.789909466803917, "h64": 9.40968265352069}