{"ea": 691.9766299018245, "size": 4268782, "h4": 3.7520971256278455, "h8": 4.740957396128503, "h16": 6.21522694378002, "h32": 7.945867815429788, "h64": 9.808573700864216}