{"ea": 11397.43102388878, "size": 806769, "h4": 3.69469857475276, "h8": 5.172345537130274, "h16": 6.789574337310586, "h32": 8.340910716618474, "h64": 10.028783034563592}