{"ea": 11281.731291367336, "size": 715019, "h4": 3.5794027997755355, "h8": 4.563967939028979, "h16": 6.043738637281635, "h32": 7.696385516652334, "h64": 9.376606572269136}