{"ea": 11520.045715506167, "size": 916154, "h4": 3.842432637546139, "h8": 5.629780639976017, "h16": 7.181559400904618, "h32": 8.826112212210653, "h64": 10.497303176063049}