{"ea": 6374.783666491098, "size": 892301, "h4": 3.7314969870406722, "h8": 5.306496917122066, "h16": 6.976730791411983, "h32": 8.46794194613518, "h64": 10.060789738372135}