{"ea": 6108.191685728102, "size": 1062850, "h4": 3.8771530419232865, "h8": 5.6416681821877726, "h16": 7.111716164209121, "h32": 8.604574502937346, "h64": 10.216821906249855}