{"ea": 11431.702016038837, "size": 416351, "h4": 3.9723379302086124, "h8": 5.735709827025347, "h16": 7.241571629761656, "h32": 8.911649391413325, "h64": 10.679818808719185}