{"ea": 3083.184992188498, "size": 1115381, "h4": 3.700516035391254, "h8": 5.274227061797047, "h16": 6.826208923169491, "h32": 8.351884111155599, "h64": 9.886924423331383}