{"ea": 10526.641680465631, "size": 1168151, "h4": 3.754863074254329, "h8": 5.433427495085243, "h16": 6.844131636984641, "h32": 8.391099129403788, "h64": 10.020231668631187}