{"ea": 835.7778308331842, "size": 2555849, "h4": 3.614940067137935, "h8": 4.638784100951083, "h16": 6.119637659054252, "h32": 7.869218261282175, "h64": 9.72861108028248}