{"ea": 2463.114534220865, "size": 217047, "h4": 3.974448336122173, "h8": 5.490853355343667, "h16": 5.954870137265745, "h32": 7.646345469449676, "h64": 9.439046022150848}