{"ea": 3582.9322770163512, "size": 1342046, "h4": 3.4882251986078483, "h8": 5.123602175730751, "h16": 6.681962795859233, "h32": 8.098715791984405, "h64": 9.665112316832932}