{"ea": 2585.778825014368, "size": 253379, "h4": 3.9998500638469654, "h8": 5.87218759944699, "h16": 5.972518736255214, "h32": 7.283661964830012, "h64": 8.80063192577987}