{"ea": 6477.497534444657, "size": 1114026, "h4": 3.8916082051625414, "h8": 5.614471461242683, "h16": 7.058481762352439, "h32": 8.534802468963925, "h64": 10.112373950201281}