{"ea": 10572.272726596591, "size": 600346, "h4": 3.9399301281930015, "h8": 5.797672940254863, "h16": 7.492394720512924, "h32": 9.151650401334766, "h64": 10.864298471661797}