{"ea": 6979.5443813499505, "size": 1174317, "h4": 3.6005309882452665, "h8": 5.279639134766445, "h16": 7.060366474249527, "h32": 8.599824490449645, "h64": 10.152456430437503}