{"ea": 5163.391412566933, "size": 136223, "h4": 3.8777934107941694, "h8": 4.78749444623174, "h16": 5.855354001240829, "h32": 7.601988490984201, "h64": 9.493821044230947}