{"ea": 3631.1456272859723, "size": 1005910, "h4": 3.9701068727079774, "h8": 5.719794491022666, "h16": 7.355393045205384, "h32": 9.089160535345064, "h64": 10.839542577070247}