{"ea": 3620.0796906679207, "size": 1235143, "h4": 3.7699525780105123, "h8": 5.479673044091808, "h16": 6.9945336208738365, "h32": 8.508353883755888, "h64": 10.06953419641047}