{"ea": 5486.130307865799, "size": 880770, "h4": 3.517957279056253, "h8": 4.2999616787284225, "h16": 5.7030089480733, "h32": 7.358116560104962, "h64": 9.09043880262102}