{"ea": 1285.7005204879918, "size": 670703, "h4": 3.9845238401105387, "h8": 5.173126078063138, "h16": 5.901413901269298, "h32": 7.388635943029165, "h64": 9.112974239271988}