{"ea": 9762.388155764296, "size": 1242790, "h4": 3.831469980692688, "h8": 5.1421115132378725, "h16": 6.399089422180406, "h32": 7.9103322093643875, "h64": 9.517879100087494}