{"ea": 6298.442880973314, "size": 602596, "h4": 3.3888045627763352, "h8": 4.971459586453721, "h16": 6.622485203338657, "h32": 8.367014121196945, "h64": 10.146304109837883}