{"ea": 2353.1746703749695, "size": 173511, "h4": 3.9973580363288073, "h8": 5.590083963199104, "h16": 6.0539779444938535, "h32": 7.513785412706026, "h64": 9.345787137935986}