{"ea": 7876.863781591262, "size": 2728614, "h4": 3.1574721854987633, "h8": 4.5800075472158515, "h16": 6.274525028690375, "h32": 7.866676044323166, "h64": 9.571664638028972}