{"ea": 2967.7182785721593, "size": 1091187, "h4": 3.8998870675745074, "h8": 5.6470269856939925, "h16": 7.332316609558786, "h32": 9.009670709818742, "h64": 10.651257328860753}