{"ea": 679.9749184383105, "size": 1104298, "h4": 2.8285936575685295, "h8": 4.247617525891281, "h16": 5.546035657855217, "h32": 7.191027113980829, "h64": 8.93413944780774}