{"ea": 5364.967333788673, "size": 164953, "h4": 3.880436899145768, "h8": 4.871599762779745, "h16": 6.164371300980133, "h32": 7.916961651172894, "h64": 9.778783435223781}