{"ea": 11259.336577773, "size": 1075304, "h4": 3.897899149598218, "h8": 5.483128282872104, "h16": 7.1095455176293685, "h32": 8.736637653119327, "h64": 10.332673273609306}