{"ea": 3559.4919028273885, "size": 1110267, "h4": 3.7485125437555693, "h8": 5.37985981546136, "h16": 6.97608070819601, "h32": 8.53485996526939, "h64": 10.175049697957043}