{"ea": 10754.701814599593, "size": 1174595, "h4": 3.8436794193952224, "h8": 5.192362992328748, "h16": 6.39879391292103, "h32": 7.925876796120833, "h64": 9.468894225290551}