{"ea": 2573.444339895919, "size": 1151286, "h4": 3.6451030997032263, "h8": 5.015145181166912, "h16": 6.4889171587636625, "h32": 8.096664202663757, "h64": 9.743889127863051}