{"ea": 9499.841033038556, "size": 988399, "h4": 3.7345791466299256, "h8": 5.354806848516921, "h16": 6.733259180911437, "h32": 8.197609548411599, "h64": 9.816825747954775}