{"ea": 15260.772676640368, "size": 1467998, "h4": 3.929629734275978, "h8": 5.713215518815371, "h16": 7.261585519259508, "h32": 8.819454004046586, "h64": 10.515078043476894}