{"ea": 4794.590332258395, "size": 940833, "h4": 3.9251094415556276, "h8": 5.7385180541709, "h16": 7.4933088520315945, "h32": 9.150685714309855, "h64": 10.812976619994714}