{"ea": 5416.342276473758, "size": 835494, "h4": 3.8767767731474496, "h8": 5.390902783464668, "h16": 7.010092571731612, "h32": 8.621142220659703, "h64": 10.32186312565194}