{"ea": 616.2797964300911, "size": 2627437, "h4": 3.892949344129896, "h8": 4.696561315449615, "h16": 5.853935532519333, "h32": 7.532399863159851, "h64": 9.340789987736574}