{"ea": 1595.2251475005335, "size": 205747, "h4": 3.998325609547688, "h8": 5.209475850871989, "h16": 6.082367684245479, "h32": 7.836155067797636, "h64": 9.711973103371218}