{"ea": 4166.496658451643, "size": 306536, "h4": 3.556993194703176, "h8": 4.3875893502879, "h16": 5.419205820299734, "h32": 6.903394367317994, "h64": 8.566616255717165}