{"ea": 5242.654120178111, "size": 156613, "h4": 3.9997603144783955, "h8": 5.866797035268743, "h16": 6.156797604731684, "h32": 7.841007712781335, "h64": 9.528088616255161}