{"ea": 1909.7838575458463, "size": 370061, "h4": 3.6050091517639364, "h8": 4.756251599183967, "h16": 6.048824753894861, "h32": 7.747442610427566, "h64": 9.581954800537845}