{"ea": 2373.74447475383, "size": 171250, "h4": 3.9974486061367793, "h8": 5.715637891432625, "h16": 5.966548663565163, "h32": 7.421951888789241, "h64": 9.199034349318708}