{"ea": 492.74437742668016, "size": 1136458, "h4": 3.1824368754108137, "h8": 4.235518080293188, "h16": 5.851596510464791, "h32": 7.570542589778679, "h64": 9.356130001342002}