{"ea": 410.1645348498489, "size": 2459141, "h4": 3.9927524419682836, "h8": 5.020560385867835, "h16": 5.662831523659026, "h32": 7.303057818956393, "h64": 9.025572305990469}