{"ea": 5143.606099399462, "size": 167766, "h4": 3.999740135213126, "h8": 5.801345812109343, "h16": 6.34646301156636, "h32": 7.843513702651334, "h64": 9.685891098692618}