{"ea": 4583.259894545611, "size": 155193, "h4": 3.9997542860003676, "h8": 5.834682231513426, "h16": 6.424671490688697, "h32": 8.15193192412977, "h64": 10.050450590937569}