{"ea": 5995.752400861111, "size": 1279113, "h4": 3.914576265691485, "h8": 5.706472084588393, "h16": 7.415866673464597, "h32": 9.087389859295063, "h64": 10.791993467468348}