{"ea": 7320.175796722097, "size": 1220601, "h4": 3.8601600062851285, "h8": 5.487734298277733, "h16": 6.790190831119105, "h32": 8.14458038133478, "h64": 9.609702199731709}