{"ea": 1238.5378447101673, "size": 649662, "h4": 3.8679633195610474, "h8": 5.280100887701309, "h16": 5.772092500266103, "h32": 7.240976066502343, "h64": 8.995835252349178}