{"ea": 3098.239361483454, "size": 192741, "h4": 3.6328256431521337, "h8": 5.377127353388478, "h16": 5.852843341190132, "h32": 7.36840751726451, "h64": 9.20811361575321}