{"ea": 2339.9907323298507, "size": 875606, "h4": 3.078080196157442, "h8": 4.185106983201151, "h16": 5.597704526043413, "h32": 7.339263735880582, "h64": 9.134973409885223}