{"ea": 4285.096643177154, "size": 237361, "h4": 3.9996985173070234, "h8": 5.906014507797695, "h16": 6.1201073404018445, "h32": 7.685066173729101, "h64": 9.527529102999583}