{"ea": 5369.7769358763135, "size": 304951, "h4": 3.179440943522966, "h8": 3.7606059820918976, "h16": 5.383760180810283, "h32": 7.1411024253909865, "h64": 8.945787155335577}