{"ea": 10503.461058714527, "size": 512268, "h4": 3.883711861067262, "h8": 4.92849765800488, "h16": 6.229883138279233, "h32": 7.719573753634667, "h64": 9.40977880853387}