{"ea": 8731.085631640844, "size": 1369212, "h4": 3.9648428263822293, "h8": 5.855507905302552, "h16": 7.628464351527975, "h32": 9.190667705698639, "h64": 10.653320672245016}