{"ea": 3484.742283247245, "size": 168107, "h4": 3.9977829756698053, "h8": 5.67196161226785, "h16": 6.181663244681795, "h32": 7.741469139313443, "h64": 9.580598873518209}