{"ea": 2296.499150369116, "size": 219597, "h4": 3.998317163510521, "h8": 5.824594892963431, "h16": 6.018324323976248, "h32": 7.650423323488265, "h64": 9.471350032534112}