{"ea": 7237.477155295674, "size": 898008, "h4": 3.6964634320983327, "h8": 5.306585885010288, "h16": 6.926831411803219, "h32": 8.454194620241957, "h64": 10.021348886178977}