{"ea": 5400.229730978233, "size": 335619, "h4": 3.673547350936239, "h8": 5.25106243466473, "h16": 6.323137342644304, "h32": 7.89886301873603, "h64": 9.656002606266558}