{"ea": 4628.291415671038, "size": 161396, "h4": 3.999392660915348, "h8": 5.594815157460601, "h16": 6.177842008602067, "h32": 7.7951295671428475, "h64": 9.666232112757282}