{"ea": 7017.391694044869, "size": 1103758, "h4": 3.7463927917131943, "h8": 5.396538459827937, "h16": 6.947080706116594, "h32": 8.496180345447048, "h64": 10.078387665016429}