{"ea": 4528.198765710823, "size": 1022621, "h4": 3.601034395835602, "h8": 5.2477261555699695, "h16": 6.576300534293467, "h32": 8.093719298179408, "h64": 9.654307779554374}