{"ea": 9657.025144844296, "size": 1054924, "h4": 3.8102831406809834, "h8": 5.414095565712755, "h16": 6.997383084945627, "h32": 8.586917566212081, "h64": 10.25424844800687}