{"ea": 7397.370161166986, "size": 867393, "h4": 3.2640474793908014, "h8": 4.729316397284134, "h16": 6.249675349212083, "h32": 7.865979945241488, "h64": 9.601856760368157}