{"ea": 1600.805746640839, "size": 360410, "h4": 3.8970643696367224, "h8": 5.312062812404481, "h16": 6.119011114984078, "h32": 7.695031112192577, "h64": 9.508322291304765}