{"ea": 5530.087806329153, "size": 1482291, "h4": 3.5151766878929207, "h8": 5.135645016255903, "h16": 6.571369799413484, "h32": 8.00358160359427, "h64": 9.566126791438386}