{"ea": 1585.3068620462684, "size": 658665, "h4": 3.5566546965302326, "h8": 4.565983625300197, "h16": 5.789919662591506, "h32": 7.423616072346624, "h64": 9.245321289494054}