{"ea": 570.9139587218539, "size": 1484067, "h4": 3.8250648869685895, "h8": 4.609763146695872, "h16": 5.882801969375005, "h32": 7.572555984635256, "h64": 9.450162191680146}