{"ea": 5002.435324083974, "size": 206298, "h4": 3.9997176283732006, "h8": 5.957677308442033, "h16": 6.400599690315902, "h32": 7.8583393673948665, "h64": 9.614699860219517}