{"ea": 2780.2613171539733, "size": 548450, "h4": 2.972215180071385, "h8": 3.876665102733826, "h16": 5.37882295721953, "h32": 7.078219582672938, "h64": 8.82620993388921}