{
  "ea": 11057.730791411102,
  "size": 1532888,
  "h4": 3.4558629982045073,
  "h8": 4.760048300806036,
  "h16": 6.277978815006865,
  "h32": 7.895251759513902,
  "h64": 9.585631276934581
}