{"ea": 2034.4580861963827, "size": 899647, "h4": 3.6885411416259553, "h8": 5.044964725488995, "h16": 6.130346291457777, "h32": 7.704877817624137, "h64": 9.41772798796649}