{"ea": 5233.230322317097, "size": 246934, "h4": 3.7478822043397786, "h8": 4.366456836535448, "h16": 5.689528882623893, "h32": 7.365718767178103, "h64": 9.200844037837703}