{"ea": 9885.651549504886, "size": 731052, "h4": 3.7839451979295653, "h8": 5.119274776192428, "h16": 6.697793625767165, "h32": 8.364133369777603, "h64": 10.076461810897733}