{"ea": 1099.1540069795292, "size": 1746475, "h4": 3.617162945149813, "h8": 5.172231667857686, "h16": 6.2757539640760704, "h32": 7.621173427357592, "h64": 9.285414956022766}