{"ea": 5035.1690497203235, "size": 739669, "h4": 3.910667535533217, "h8": 5.771252512101837, "h16": 7.509971403995247, "h32": 9.235694238608222, "h64": 10.99400756885057}