{"ea": 5247.53355229158, "size": 143325, "h4": 3.996196053726795, "h8": 5.416572461173441, "h16": 5.803503336108996, "h32": 7.349105741924133, "h64": 9.174410277418463}