{"ea": 1692.5007916003929, "size": 186241, "h4": 3.9984275373897895, "h8": 5.971326009298178, "h16": 6.656414646528416, "h32": 8.26633042131203, "h64": 10.11537497437915}