{"ea": 2519.4816054521357, "size": 357662, "h4": 3.8914253858771635, "h8": 4.782295096403031, "h16": 5.794021508555128, "h32": 7.428837834026773, "h64": 9.234121568192684}