{"ea": 2398.7477992022505, "size": 952930, "h4": 3.7143196531081326, "h8": 4.5319946200627115, "h16": 6.098061245143852, "h32": 7.880144226419261, "h64": 9.677105509589204}