{"ea": 8933.91506173732, "size": 634055, "h4": 3.3878734576598344, "h8": 4.5120507906190905, "h16": 6.050667313487034, "h32": 7.754394167334237, "h64": 9.39176166582682}