{"ea": 3069.212618675097, "size": 562092, "h4": 3.999597145809088, "h8": 5.842414598733182, "h16": 5.909147538120693, "h32": 7.203350504203424, "h64": 8.963478775408776}