{"ea": 6693.996989410227, "size": 1449521, "h4": 3.812550410912249, "h8": 5.494078426957495, "h16": 6.994565838303467, "h32": 8.397172161114534, "h64": 9.984946140821403}