{"ea": 4478.5898295632405, "size": 1088359, "h4": 3.8461185572293113, "h8": 5.2883793613232815, "h16": 6.5249357721482415, "h32": 8.044056816607133, "h64": 9.68821215535699}