{"ea": 8292.988672885082, "size": 1123254, "h4": 3.7367568230505044, "h8": 5.381738631914937, "h16": 7.027414878516042, "h32": 8.644929057121587, "h64": 10.3116750810463}