{"ea": 3306.186141789886, "size": 981498, "h4": 3.9779132708586875, "h8": 5.7626503955164425, "h16": 6.497520708048468, "h32": 8.11822272357155, "h64": 9.839700747224942}