{"ea": 6207.451903685737, "size": 963572, "h4": 3.1899098984822585, "h8": 4.5958610633329275, "h16": 6.08236871644973, "h32": 7.548887481167644, "h64": 9.143476625558625}