{"ea": 4134.864228490797, "size": 315866, "h4": 3.9548833354272563, "h8": 4.570776195830677, "h16": 6.041109363292771, "h32": 7.7901075946602525, "h64": 9.638697413753974}