{"ea": 5890.129932124834, "size": 1397460, "h4": 3.526109106380858, "h8": 4.9690039128558166, "h16": 6.3606518999837345, "h32": 7.898264968058255, "h64": 9.452224867071946}