{"ea": 11375.84138736072, "size": 720139, "h4": 3.8336401252843197, "h8": 5.449933963800644, "h16": 7.0489161336897475, "h32": 8.744662256747727, "h64": 10.483429619772673}