{"ea": 1677.0788531391336, "size": 1339783, "h4": 3.637709471497165, "h8": 5.473901595244826, "h16": 7.106689512757267, "h32": 8.595003977833962, "h64": 10.200967234379284}