{"ea": 7173.99734224551, "size": 1001138, "h4": 3.3770992708446843, "h8": 5.042401474381903, "h16": 6.770814828892248, "h32": 8.48372812718918, "h64": 10.226024056250735}