{"ea": 1957.5569931355542, "size": 932012, "h4": 3.686041160915538, "h8": 5.226548174120194, "h16": 6.620401748065631, "h32": 7.998235035891113, "h64": 9.554970598393584}