{"ea": 4371.439935447294, "size": 1206232, "h4": 3.711640189689672, "h8": 5.2317613670188585, "h16": 6.956218886074195, "h32": 8.543063992290111, "h64": 10.13504308258425}