{"ea": 4347.062016338925, "size": 1393203, "h4": 3.5446529844001633, "h8": 4.710313215761352, "h16": 6.17130377464438, "h32": 7.773603485026393, "h64": 9.382878215548033}