{"ea": 5144.973603361851, "size": 146931, "h4": 3.9900110238927793, "h8": 5.941753615123344, "h16": 6.942442138291266, "h32": 8.682609813203275, "h64": 10.437073492006672}