{"ea": 3075.0181172202415, "size": 1718254, "h4": 3.1141108785642304, "h8": 4.488825506841666, "h16": 5.906983474159561, "h32": 7.5472215303517345, "h64": 9.197160770026159}