{"ea": 5444.984792287271, "size": 336889, "h4": 3.0346212984107566, "h8": 3.9361269043469616, "h16": 5.345208479334959, "h32": 7.037136377474112, "h64": 8.836037754757056}