{"ea": 3786.8738056459088, "size": 286744, "h4": 3.815427145431343, "h8": 5.096318073903722, "h16": 6.017397701529325, "h32": 7.68146455116403, "h64": 9.55119331165209}