{"ea": 2905.7590243033087, "size": 314197, "h4": 3.83239020681806, "h8": 4.5427327073401385, "h16": 5.717976335703277, "h32": 7.368259191297544, "h64": 9.186404209106502}