{"ea": 413.50788566040256, "size": 1404651, "h4": 3.9258831770500255, "h8": 5.1406803852826535, "h16": 6.2515632794889795, "h32": 7.907783553865453, "h64": 9.596333117356853}