{"ea": 1928.32605196097, "size": 1200730, "h4": 3.653212308841724, "h8": 5.361917045703677, "h16": 7.046468948071759, "h32": 8.606427080016866, "h64": 10.264703970402621}