{"ea": 1575.148640883132, "size": 337242, "h4": 3.906039973580374, "h8": 4.922848638311246, "h16": 6.019831163360262, "h32": 7.704846069215424, "h64": 9.517515649073397}