{"ea": 7703.808339263835, "size": 768740, "h4": 3.277014530519159, "h8": 4.557306054420302, "h16": 6.092928883044909, "h32": 7.6942288041051, "h64": 9.341515460275446}