{"ea": 1860.0215067383594, "size": 694587, "h4": 3.689718050417333, "h8": 4.600383645921424, "h16": 5.845030607280149, "h32": 7.541192430982352, "h64": 9.38331560940537}