{"ea": 1502.6090451938908, "size": 908377, "h4": 3.4596273690772086, "h8": 4.30007857361263, "h16": 5.594695220172461, "h32": 7.243031652880954, "h64": 9.000191615181695}