{"ea": 781.8130361341545, "size": 1934101, "h4": 3.4507525412484723, "h8": 4.629433994560035, "h16": 5.774180293482132, "h32": 7.354583647076599, "h64": 9.15245793204867}