{"ea": 2766.3928665982335, "size": 405446, "h4": 3.9997888971580786, "h8": 5.935278110220989, "h16": 6.051599191064884, "h32": 7.423219883449843, "h64": 9.204158248731385}