{"ea": 5143.474407624894, "size": 1286923, "h4": 3.837162579248714, "h8": 5.061680055021714, "h16": 6.016099437264046, "h32": 7.447997389341122, "h64": 9.10051575961174}