{"ea": 5278.447368703501, "size": 149392, "h4": 3.9816442103212735, "h8": 5.16419383244529, "h16": 5.882037074160908, "h32": 7.436313713627709, "h64": 9.2552494393186}