{"ea": 1430.9492411243066, "size": 3679256, "h4": 3.8625412725447976, "h8": 5.12374665237554, "h16": 6.596641725083602, "h32": 8.288072236305414, "h64": 10.109205871696597}