{"ea": 4420.359081561357, "size": 1209192, "h4": 3.8215267240885384, "h8": 5.2038727464445245, "h16": 6.766652393571843, "h32": 8.340722069138577, "h64": 9.924165468037272}