{"ea": 4925.1199229029735, "size": 1501134, "h4": 3.8496837347455384, "h8": 5.239963450438932, "h16": 6.670940410852802, "h32": 8.250530316989092, "h64": 9.903340107007933}