{"ea": 6909.649447341891, "size": 419518, "h4": 3.9757832747419797, "h8": 5.716581341454681, "h16": 7.323301841695292, "h32": 9.002640397497945, "h64": 10.731927650096805}