{"ea": 5432.362992537386, "size": 1374694, "h4": 3.3224509240883426, "h8": 5.0570792224459, "h16": 6.741010553035991, "h32": 8.429320631292313, "h64": 10.10145745708488}