{"ea": 5040.360768638449, "size": 113078, "h4": 3.999650195439731, "h8": 5.985573318217135, "h16": 6.01543125720542, "h32": 7.576808772831289, "h64": 9.290739194786482}