{"ea": 2496.6087698363044, "size": 565754, "h4": 3.592670238514696, "h8": 4.123084554538821, "h16": 5.543294020022676, "h32": 7.26586088951195, "h64": 9.05843737917628}