{"ea": 4482.096220783343, "size": 1056885, "h4": 3.83564391434838, "h8": 5.644567703677392, "h16": 7.250653316714107, "h32": 8.851130098245898, "h64": 10.47914962631863}