{"ea": 665.0949053987747, "size": 542700, "h4": 3.145635752053824, "h8": 4.400397727801916, "h16": 5.562907016088133, "h32": 7.224103227348906, "h64": 9.048662364584974}