{"ea": 6415.478005688349, "size": 1155497, "h4": 3.5534476084943236, "h8": 4.861942453875876, "h16": 6.412462087778758, "h32": 8.040613945160713, "h64": 9.709026096541677}