{"ea": 5354.125390417393, "size": 1092686, "h4": 3.8786241238584913, "h8": 5.3902540151658656, "h16": 6.7696413295613205, "h32": 8.273860682767843, "h64": 9.956316342398681}