{"ea": 2766.6706535317885, "size": 1442257, "h4": 3.87623142621986, "h8": 5.64902963215089, "h16": 7.182121697406746, "h32": 8.637234096472614, "h64": 10.12913227404428}