{"ea": 3440.714611876406, "size": 1598457, "h4": 3.696791363419168, "h8": 5.121995403974164, "h16": 6.801373799687916, "h32": 8.507972887337603, "h64": 10.26304624317975}