{"ea": 4697.444183130515, "size": 124025, "h4": 3.9997413366634396, "h8": 5.938414858091836, "h16": 6.049586274200375, "h32": 7.494254195456498, "h64": 9.274736565406291}