{"ea": 9209.35166183864, "size": 1091367, "h4": 3.3809369733520134, "h8": 4.801875418847388, "h16": 6.234778367886039, "h32": 7.79325361706284, "h64": 9.415325427148222}