{"ea": 1262.3404397706236, "size": 254943, "h4": 3.9995320647261265, "h8": 5.932247873391438, "h16": 5.961239847770525, "h32": 7.425521429984525, "h64": 9.18741510021733}