{"ea": 1833.981935908244, "size": 403523, "h4": 3.867593921748944, "h8": 4.9446654286152985, "h16": 5.764065208957116, "h32": 7.3334190260552194, "h64": 9.113575302234839}