{"ea": 5839.222872238312, "size": 1062207, "h4": 3.9184294806320574, "h8": 5.546980626098481, "h16": 7.101136642055174, "h32": 8.55111571045299, "h64": 9.995635842447484}