{"ea": 1312.583882157516, "size": 244799, "h4": 3.830292378392226, "h8": 5.170211443746517, "h16": 6.119816900096625, "h32": 7.778310435446057, "h64": 9.618998215491409}