{"ea": 9890.012236202907, "size": 958682, "h4": 3.8055111880655326, "h8": 5.553767860082216, "h16": 7.267802187851929, "h32": 8.783317540419258, "h64": 10.282390051326477}