{"ea": 7047.427378552057, "size": 819693, "h4": 3.797914412051247, "h8": 5.508457380242611, "h16": 7.022896035590368, "h32": 8.475684542352349, "h64": 10.074635147643656}