{"ea": 2516.105356290277, "size": 1395033, "h4": 3.3315537803159314, "h8": 4.624341417795805, "h16": 6.258787319983647, "h32": 7.895995989261673, "h64": 9.513094464851175}