{"ea": 5560.4970110670065, "size": 1007495, "h4": 3.8549300616701045, "h8": 5.67479821024179, "h16": 7.352983029184853, "h32": 8.948209510467537, "h64": 10.571497748043896}