{"ea": 2781.7260162799275, "size": 761854, "h4": 3.9985404414596486, "h8": 5.582389896546527, "h16": 6.087459847607748, "h32": 7.590454827567958, "h64": 9.238763255071953}