{"ea": 1199.5663000197253, "size": 1213795, "h4": 3.646890898389383, "h8": 4.577536225238221, "h16": 5.516195834841992, "h32": 6.997389095631117, "h64": 8.725453359688938}