{"ea": 6627.477994194174, "size": 871401, "h4": 3.307673996979555, "h8": 4.489242166166825, "h16": 5.96765877411622, "h32": 7.561221610156402, "h64": 9.215128578384038}