{"ea": 5404.4840095643, "size": 239004, "h4": 3.9061283928789874, "h8": 5.364076157558213, "h16": 6.34029754433101, "h32": 8.031137683886069, "h64": 9.850605527625394}