{"ea": 4406.558272871609, "size": 1025697, "h4": 3.689989385706421, "h8": 5.341955515003554, "h16": 7.013845241105356, "h32": 8.663879165488092, "h64": 10.415890570791408}