{"ea": 3599.834302981678, "size": 462878, "h4": 3.995454833246943, "h8": 5.727188331971226, "h16": 6.9796494365273025, "h32": 8.68048464324621, "h64": 10.495158030074816}