{"ea": 2491.4212535918036, "size": 1182387, "h4": 3.500712697083464, "h8": 4.340779996525249, "h16": 5.8624079036995385, "h32": 7.4822122186374, "h64": 9.17832052760977}