{"ea": 2321.317491774589, "size": 1618630, "h4": 3.731350507520351, "h8": 4.472619286433668, "h16": 5.493688778685341, "h32": 7.013124622964392, "h64": 8.75488150372104}