{"ea": 7951.336992797375, "size": 498304, "h4": 3.861022191423642, "h8": 4.764142436724816, "h16": 5.847202869873322, "h32": 7.263056999606908, "h64": 8.973589876770234}