{"ea": 1449.7993652205978, "size": 825694, "h4": 3.9589005631766563, "h8": 5.218344847636479, "h16": 6.035920494878157, "h32": 7.632110784526947, "h64": 9.4909202555606}