{"ea": 8454.670772796911, "size": 893709, "h4": 3.945577146787068, "h8": 5.792345541109651, "h16": 7.564659360893031, "h32": 9.05686136997523, "h64": 10.607017992980964}