{"ea": 1423.2781698732856, "size": 1711802, "h4": 3.8103798733880496, "h8": 4.96111840519032, "h16": 6.0494501611462965, "h32": 7.779578919777014, "h64": 9.636541435033168}