{"ea": 1132.152872081213, "size": 996098, "h4": 3.406363915400953, "h8": 4.782051204567676, "h16": 6.335564138076494, "h32": 8.017400154147271, "h64": 9.822311033542425}