{"ea": 1513.8319056049097, "size": 1599863, "h4": 3.5438253298891778, "h8": 4.43720812772114, "h16": 5.71347284044227, "h32": 7.344484876611844, "h64": 9.058143020323874}