{"ea": 9522.660499233089, "size": 964034, "h4": 3.693846214283469, "h8": 5.3332536408724724, "h16": 6.942654886812715, "h32": 8.580735650965211, "h64": 10.244574556282682}