{"ea": 5322.299945370835, "size": 119134, "h4": 3.999731615537282, "h8": 5.995557165082286, "h16": 6.140214701136565, "h32": 7.863816867585371, "h64": 9.732788121806932}