{"ea": 5371.557213460472, "size": 155517, "h4": 3.981343191337821, "h8": 5.2803989383175995, "h16": 5.767288894729612, "h32": 7.325236518352787, "h64": 9.184139575331505}