{"ea": 634.2413079747023, "size": 240415, "h4": 3.9153835061710733, "h8": 5.153996236671821, "h16": 6.024567086400913, "h32": 7.648679241619574, "h64": 9.51640052263121}