{"ea": 5553.165967911104, "size": 1257716, "h4": 3.8823042703623383, "h8": 5.702013368144192, "h16": 7.09152495477983, "h32": 8.536838499622863, "h64": 9.971377152834958}