{"ea": 5310.82971008283, "size": 259860, "h4": 3.9183781673242897, "h8": 4.720831971202081, "h16": 6.100828332286124, "h32": 7.8162446935042755, "h64": 9.626616249196811}