{"ea": 2830.2975610482395, "size": 270145, "h4": 3.9996634561931135, "h8": 5.842070103715514, "h16": 6.086969917208888, "h32": 7.666609375236289, "h64": 9.442704682552385}