{"ea": 4174.606132953602, "size": 463164, "h4": 3.773063129429901, "h8": 4.7197050601436725, "h16": 6.030798816129866, "h32": 7.677382402795554, "h64": 9.471229176387176}