{"ea": 1047.6016447281718, "size": 300961, "h4": 3.8596151258716462, "h8": 5.19912043164871, "h16": 5.942206685093392, "h32": 7.526528151071695, "h64": 9.36499672698183}