{"ea": 12458.21173311092, "size": 1143713, "h4": 3.452504414917231, "h8": 4.901653600285037, "h16": 6.489194091386019, "h32": 7.9830654734468105, "h64": 9.569143183961085}