{"ea": 452.5305824373367, "size": 3435567, "h4": 3.278826836030091, "h8": 4.570314345691557, "h16": 5.917195541703828, "h32": 7.625892248001706, "h64": 9.38345862600659}