{"ea": 3673.357073971267, "size": 1895230, "h4": 3.0070143766552997, "h8": 4.605578213605028, "h16": 6.234492091182593, "h32": 7.861387817062163, "h64": 9.595614433340153}