{"ea": 1425.449687147655, "size": 1452473, "h4": 2.9947383573676314, "h8": 4.019313036829708, "h16": 5.560082612156355, "h32": 7.259531216340262, "h64": 8.98969674982212}