{"ea": 1957.0520088789383, "size": 211680, "h4": 3.9232295402745545, "h8": 4.770974161538403, "h16": 5.73024006399856, "h32": 7.345151132880986, "h64": 9.144121682837877}