{"ea": 542.791631385416, "size": 4529528, "h4": 3.049292324733398, "h8": 4.079116575123345, "h16": 5.628030085941402, "h32": 7.427658525373288, "h64": 9.31275825857723}