{"ea": 2186.079829801523, "size": 1517420, "h4": 3.546130744464686, "h8": 5.006823333276794, "h16": 6.283321121226329, "h32": 7.791085941110426, "h64": 9.39055387979209}