{"ea": 2684.3452797247683, "size": 154512, "h4": 3.999624184400976, "h8": 5.982707628297445, "h16": 6.119729864526546, "h32": 7.5517238583121244, "h64": 9.366680100233456}