{"ea": 7877.899540378536, "size": 615628, "h4": 3.8184142015511795, "h8": 5.542755975009813, "h16": 7.042252813680869, "h32": 8.69450151475851, "h64": 10.436086030638963}