{"ea": 753.3601651036429, "size": 2338157, "h4": 3.917633695634489, "h8": 4.834349518298383, "h16": 6.084551518838355, "h32": 7.830514955213109, "h64": 9.697945386486374}