{"ea": 5464.640900140522, "size": 813366, "h4": 3.833468966986897, "h8": 5.537774412978748, "h16": 7.150797815340314, "h32": 8.73985105914507, "h64": 10.408133341093478}