{"ea": 8659.740646153597, "size": 1566484, "h4": 3.52652607783274, "h8": 4.887603240703643, "h16": 6.270262288395676, "h32": 7.716114810249398, "h64": 9.255753894659849}