{"ea": 2835.082658368139, "size": 1036881, "h4": 3.8710713569438346, "h8": 5.60440376933958, "h16": 7.270652066840121, "h32": 8.85857713272894, "h64": 10.522127446906087}