{"ea": 5392.177462138276, "size": 210197, "h4": 3.8618669642943315, "h8": 4.790458181132609, "h16": 5.7565098240989405, "h32": 7.410680457778773, "h64": 9.212567681754503}