{"ea": 4980.871709429284, "size": 1257056, "h4": 3.5916296918281603, "h8": 5.132136638025728, "h16": 6.662771129869263, "h32": 8.281051980179445, "h64": 9.923356754667168}