{"ea": 4656.550930226486, "size": 924691, "h4": 3.733296456717316, "h8": 5.421955305097914, "h16": 7.1668848026480845, "h32": 8.772032219472761, "h64": 10.430798345528949}