{"ea": 9479.811976893596, "size": 700015, "h4": 3.998750145313883, "h8": 4.941519251277793, "h16": 6.056641273613295, "h32": 7.569054548760862, "h64": 9.231461982559138}