{"ea": 2690.5501733398028, "size": 615304, "h4": 3.856748932544088, "h8": 5.442868891580412, "h16": 6.191388022640073, "h32": 7.762976020903151, "h64": 9.558640112108913}