{"ea": 1711.3077595348625, "size": 316968, "h4": 3.841389612703681, "h8": 5.199574834132838, "h16": 5.878295304449389, "h32": 7.543472285639821, "h64": 9.366249550264943}