{"ea": 1868.794579419695, "size": 180247, "h4": 3.9864372261164256, "h8": 5.5825125960865245, "h16": 5.927801695632114, "h32": 7.537071881442503, "h64": 9.343051481547636}