{"ea": 10510.749415595741, "size": 1276962, "h4": 3.692541860306581, "h8": 5.143068980621413, "h16": 6.60685569321278, "h32": 8.108264379313063, "h64": 9.655351372868981}