{"ea": 892.3413898801045, "size": 403037, "h4": 3.7586780402046114, "h8": 4.860151215342491, "h16": 5.911204655514071, "h32": 7.565482868484622, "h64": 9.380831824606645}