{"ea": 4356.276537618301, "size": 378619, "h4": 3.199592744190513, "h8": 4.477441703548963, "h16": 6.080610896399179, "h32": 7.834156891914896, "h64": 9.648178051751767}