{"ea": 4829.092530248787, "size": 770991, "h4": 3.992026004493396, "h8": 5.250587132308142, "h16": 6.1795194667871485, "h32": 7.6581608210186, "h64": 9.29005848021292}