{"ea": 5003.129654427057, "size": 1120415, "h4": 3.7093970219322636, "h8": 5.468951103724956, "h16": 7.061163966564773, "h32": 8.52408429538986, "h64": 10.149270543532769}