{"ea": 5228.749367664726, "size": 1081993, "h4": 3.526226520911413, "h8": 4.698751251119724, "h16": 6.13568854884136, "h32": 7.646793443196576, "h64": 9.270203486419403}