{"ea": 5479.550430209604, "size": 1316904, "h4": 3.7481927804380066, "h8": 5.177201654325401, "h16": 6.489279114043645, "h32": 7.96181813616063, "h64": 9.559408260417584}