{"ea": 6860.942327093253, "size": 1238855, "h4": 3.839226145914605, "h8": 5.344093064528126, "h16": 7.0517791378886745, "h32": 8.672549054956104, "h64": 10.335131720580591}