{"ea": 3897.5790946457832, "size": 532390, "h4": 3.4021541729963958, "h8": 4.306785841361478, "h16": 5.815848021204375, "h32": 7.557338331562674, "h64": 9.426490008821744}