{"ea": 3569.9581423544946, "size": 374391, "h4": 3.9995768839109624, "h8": 5.790430692370684, "h16": 5.91943733042144, "h32": 7.378534828010473, "h64": 9.071961713485958}