{"ea": 2148.826152403952, "size": 313644, "h4": 3.4885731276502323, "h8": 4.762513539106823, "h16": 5.989729614236298, "h32": 7.72571648901871, "h64": 9.582043638667498}