{"ea": 598.5777931917576, "size": 676590, "h4": 3.997468268586974, "h8": 5.628485132566672, "h16": 5.814261834563443, "h32": 7.043031436209079, "h64": 8.736887615073451}