{"ea": 2034.9666831874574, "size": 757780, "h4": 3.1556736057440773, "h8": 4.605792207082642, "h16": 6.322361426505156, "h32": 8.005357318401114, "h64": 9.807300667716268}