{"ea": 8564.852151820229, "size": 488579, "h4": 3.7410326382405703, "h8": 5.088232717321786, "h16": 6.522790863561859, "h32": 7.9877929954273155, "h64": 9.623784028818786}