{"ea": 5160.999110413089, "size": 109256, "h4": 3.9996511376208534, "h8": 5.917973763613808, "h16": 6.25481596471146, "h32": 7.770260533346135, "h64": 9.634649162875046}