{"ea": 3472.4196211488575, "size": 226266, "h4": 3.999346009056312, "h8": 5.851800992032681, "h16": 5.949652252011417, "h32": 7.349884943419768, "h64": 9.108201095329175}