{"ea": 2337.9602682476007, "size": 274265, "h4": 3.853252477615175, "h8": 5.027359660563509, "h16": 5.928863966344187, "h32": 7.618005035066162, "h64": 9.50444030622574}