{"ea": 3381.4478268451226, "size": 122496, "h4": 3.9995726586929217, "h8": 5.992614451814889, "h16": 6.00007274889566, "h32": 7.26596347996626, "h64": 9.016881398839024}