{"ea": 5193.562459232447, "size": 1442928, "h4": 3.710818114402225, "h8": 5.156270588267697, "h16": 6.628776681223346, "h32": 8.137052296974018, "h64": 9.669182512318365}