{"ea": 4598.411749701082, "size": 276508, "h4": 3.971598943447928, "h8": 5.342982263618286, "h16": 6.105065790337393, "h32": 7.833661522215512, "h64": 9.675134532673074}