{"ea": 8653.337105078705, "size": 1278347, "h4": 3.904294468196698, "h8": 5.542395270783917, "h16": 7.019816457677642, "h32": 8.610055258126176, "h64": 10.24477823441704}