{"ea": 929.7711387026606, "size": 1133044, "h4": 3.8426684843351886, "h8": 5.670156516024221, "h16": 7.254030250994504, "h32": 8.811133717824474, "h64": 10.431943760235635}