{"ea": 1927.4524307009099, "size": 462404, "h4": 3.823226602115994, "h8": 4.924281694185263, "h16": 6.197759133469747, "h32": 7.7476583234848935, "h64": 9.485808179984534}