{"ea": 1771.2942492693765, "size": 479473, "h4": 3.990529826945135, "h8": 4.964876661877538, "h16": 5.911175612917941, "h32": 7.579442274420037, "h64": 9.439281469912753}