{"ea": 5865.578693622461, "size": 1006502, "h4": 3.8649143090365814, "h8": 5.312365698080404, "h16": 6.72864673132047, "h32": 8.163186737839169, "h64": 9.639374279554863}