{"ea": 5371.934574336872, "size": 322210, "h4": 3.516345083064101, "h8": 5.079661192413502, "h16": 6.697981255007553, "h32": 8.412398942751988, "h64": 10.176311723486517}