{"ea": 1010.773561022851, "size": 532176, "h4": 3.6193314936943866, "h8": 5.1316315197936735, "h16": 5.740815460903216, "h32": 7.185211909462652, "h64": 8.990397792546911}