{"ea": 1459.127156450231, "size": 3591818, "h4": 3.609666352556168, "h8": 4.518113654165779, "h16": 5.735220504188949, "h32": 7.25114667072995, "h64": 9.000240701761886}