{"ea": 2515.015628343846, "size": 224627, "h4": 3.6384777568468345, "h8": 4.9193571309651425, "h16": 5.805697369295514, "h32": 7.390778670734922, "h64": 9.248423258703875}