{"ea": 12574.645232116956, "size": 1997808, "h4": 3.4050799620009164, "h8": 4.606766285872133, "h16": 6.106612336036569, "h32": 7.629848835933675, "h64": 9.092621049033692}