{"ea": 4222.487853436407, "size": 947473, "h4": 3.867528118496325, "h8": 5.599351328595557, "h16": 7.289332168320679, "h32": 8.904996859060873, "h64": 10.609389253559474}