{"ea": 568.1919808101795, "size": 996296, "h4": 3.993737929380048, "h8": 5.675482575942704, "h16": 6.078122611450144, "h32": 7.655710234387994, "h64": 9.476142561805556}