{"ea": 5746.219570921714, "size": 1197896, "h4": 3.8212656849918956, "h8": 5.521280073626418, "h16": 7.09859817935671, "h32": 8.666088888463976, "h64": 10.301929436620462}