{"ea": 2077.1058665990586, "size": 135888, "h4": 3.989621083247492, "h8": 5.798231435293032, "h16": 6.021017716097521, "h32": 7.399115954466682, "h64": 9.244432298871466}