{"ea": 11442.22254623873, "size": 690311, "h4": 3.388715065119238, "h8": 4.479036202485979, "h16": 5.699199611328224, "h32": 7.347361959282385, "h64": 9.070754849504056}