{"ea": 5400.756221253633, "size": 162734, "h4": 3.854895657339051, "h8": 5.119170343326471, "h16": 5.934139863810484, "h32": 7.540501799436722, "h64": 9.340626334721403}