{"ea": 8192.547762441407, "size": 1021472, "h4": 2.9571255970754478, "h8": 4.4275439959318295, "h16": 5.841510527940201, "h32": 7.540316661394105, "h64": 9.256849861335123}