{"ea": 659.2967968455803, "size": 2653131, "h4": 3.6962029418836497, "h8": 5.038516018456117, "h16": 6.551983855266726, "h32": 8.354151879609407, "h64": 10.246889816954596}