{"ea": 408.9352711723886, "size": 1637578, "h4": 3.9779577167304176, "h8": 5.323810764199266, "h16": 6.535016749862227, "h32": 8.184412883613092, "h64": 10.000805818560954}