{"ea": 3222.4312159970254, "size": 623979, "h4": 3.9982828529018337, "h8": 5.698042450799331, "h16": 6.1711431554335805, "h32": 7.779602717581181, "h64": 9.625351889333885}