{"ea": 8258.746458232343, "size": 142555, "h4": 3.999606685350685, "h8": 5.879421487689969, "h16": 5.925102484360076, "h32": 7.225782598619431, "h64": 8.938549077658758}