{"ea": 8817.458177552418, "size": 1126043, "h4": 3.8894506937668103, "h8": 5.611891185571682, "h16": 7.209294479867572, "h32": 8.613985175208622, "h64": 10.152748232460132}