{"ea": 586.5729874173292, "size": 1165999, "h4": 3.0619614645330953, "h8": 3.987476330877339, "h16": 5.537556607826554, "h32": 7.232149841755471, "h64": 9.073071749504983}