{"ea": 4102.669262361624, "size": 149534, "h4": 3.9988249431791276, "h8": 5.503736806945621, "h16": 6.188489109929722, "h32": 7.9031862825788295, "h64": 9.803134558553246}