{"ea": 5354.173768937346, "size": 214035, "h4": 3.271638553939015, "h8": 4.171271127791224, "h16": 5.634040262737497, "h32": 7.350642048305012, "h64": 9.164884430595778}