{"ea": 7567.477813373205, "size": 1029410, "h4": 3.5890013602907223, "h8": 4.742923618784015, "h16": 6.117108907778425, "h32": 7.71533720432137, "h64": 9.384612331079461}