{"ea": 5365.04640234738, "size": 247820, "h4": 3.923039111649106, "h8": 4.599964011765579, "h16": 5.775624079017237, "h32": 7.5097884025429975, "h64": 9.399235462215946}