{"ea": 1687.7006550794563, "size": 215297, "h4": 3.9995464544660635, "h8": 5.94915685491876, "h16": 6.016646416417775, "h32": 7.4038245808441, "h64": 9.21459434540072}