{"ea": 7196.9927492593515, "size": 481721, "h4": 3.890256329647259, "h8": 5.569927641733314, "h16": 7.088185759978229, "h32": 8.753071338088116, "h64": 10.518237594325075}