{"ea": 1887.3103573403384, "size": 314909, "h4": 3.9998465339394125, "h8": 5.956769119003635, "h16": 6.027202465140128, "h32": 7.3848985887576095, "h64": 8.911600143733125}