{"ea": 5849.743011457589, "size": 1061990, "h4": 3.862170919822315, "h8": 5.453893462726974, "h16": 7.073400820938923, "h32": 8.744742970151055, "h64": 10.434395237065367}