{"ea": 2383.176911872889, "size": 286886, "h4": 3.4895804436823687, "h8": 4.322382826362526, "h16": 5.6983521083532, "h32": 7.4033866769319925, "h64": 9.226770295925142}