{"ea": 6062.031314790605, "size": 664102, "h4": 3.449723230258847, "h8": 4.662002132796275, "h16": 6.2973003247817445, "h32": 8.068708127836306, "h64": 9.812063250913784}