{"ea": 2592.424548063705, "size": 142939, "h4": 3.9994657352360483, "h8": 5.8025170688132865, "h16": 6.078608300457031, "h32": 7.614997696594219, "h64": 9.44460813965976}