{"ea": 9091.294249073384, "size": 1560114, "h4": 3.2740361796634607, "h8": 4.732013576783562, "h16": 6.2302577556188306, "h32": 7.738372392675206, "h64": 9.290637777344179}