{"ea": 5321.987597641163, "size": 275693, "h4": 3.86749096189645, "h8": 4.7648939805253825, "h16": 6.151391948730666, "h32": 7.86846808325363, "h64": 9.680773318138147}