{"ea": 13403.803729737223, "size": 1008500, "h4": 3.7490301347903454, "h8": 5.497695892456658, "h16": 7.154199935431654, "h32": 8.691279225681157, "h64": 10.215179773621536}