{"ea": 9478.961369300807, "size": 1096047, "h4": 3.7427499112953604, "h8": 5.337048686567625, "h16": 6.750996719483837, "h32": 8.118231437913044, "h64": 9.735902934886896}