{"ea": 10660.013694998806, "size": 887145, "h4": 3.919812151433677, "h8": 5.828123096206255, "h16": 7.579736082544127, "h32": 9.412705001970114, "h64": 11.339593686536077}