{"ea": 7833.457081968304, "size": 910226, "h4": 3.9439548429650797, "h8": 5.670913926746383, "h16": 7.18967473478714, "h32": 8.745671113380936, "h64": 10.415535767721032}