{"ea": 5115.390992151749, "size": 1507916, "h4": 3.2922563450318183, "h8": 4.70615785592209, "h16": 6.078717359040486, "h32": 7.596808457107123, "h64": 9.227889751521655}