{"ea": 4540.946380859777, "size": 208544, "h4": 3.9953756458791023, "h8": 5.137463326395563, "h16": 6.0202310053057175, "h32": 7.711578111225969, "h64": 9.549460239944333}