{"ea": 5390.480733457259, "size": 188405, "h4": 3.964021717445432, "h8": 5.766689529776885, "h16": 6.298961840312255, "h32": 7.991675081394864, "h64": 9.812191164624835}