{"ea": 482.02217209960395, "size": 2861781, "h4": 3.257412632766206, "h8": 4.45821260489039, "h16": 5.819010227975278, "h32": 7.30488891013095, "h64": 8.9988378229045}