{"ea": 1879.6889444801689, "size": 1296273, "h4": 3.6834597611719264, "h8": 5.183956554361864, "h16": 6.71262948475694, "h32": 8.233955503290495, "h64": 9.799038857480795}