{"ea": 8443.27928050421, "size": 342659, "h4": 3.9995368642042797, "h8": 5.705616243852656, "h16": 6.30394745782465, "h32": 7.893312763123467, "h64": 9.636289891793172}