{"ea": 2743.6256625496844, "size": 357484, "h4": 3.9671575239187136, "h8": 5.1393836035934015, "h16": 6.409190221692928, "h32": 8.050234367124547, "h64": 9.706369493235822}