{"ea": 2107.4162516932074, "size": 263320, "h4": 3.9645475306039897, "h8": 5.2875775192301155, "h16": 5.785272856688696, "h32": 7.318277121324639, "h64": 9.14960109811889}