{"ea": 2137.5279288935676, "size": 1116665, "h4": 3.8263203726877943, "h8": 5.622971379358267, "h16": 7.331517648543434, "h32": 8.872206556193394, "h64": 10.505859803844277}