{"ea": 5379.582397933298, "size": 144343, "h4": 3.9792414997542296, "h8": 5.73999018111715, "h16": 6.059923688443389, "h32": 7.6446242426482485, "h64": 9.472343472920803}