{"ea": 9246.894831308087, "size": 877196, "h4": 3.9484900850822022, "h8": 5.806413540901836, "h16": 7.411725151392884, "h32": 8.928468647393666, "h64": 10.602141193752136}