{"ea": 5336.197737425648, "size": 129184, "h4": 3.9996951613567964, "h8": 5.996763632267976, "h16": 6.50090895903639, "h32": 8.130003609363804, "h64": 10.027701094588664}