{"ea": 3415.812228253263, "size": 474124, "h4": 3.527166063760806, "h8": 4.613833465776283, "h16": 5.821372247321262, "h32": 7.538650187445489, "h64": 9.320741894275198}