{"ea": 3371.4449976912288, "size": 476691, "h4": 3.837468907375814, "h8": 4.827666461013642, "h16": 6.05027592931781, "h32": 7.790570048781115, "h64": 9.63025716313993}