{"ea": 3263.064837598579, "size": 1081616, "h4": 3.9028194438908717, "h8": 5.641994249397777, "h16": 7.2661627465958105, "h32": 8.868502477243187, "h64": 10.30906840808171}