{"ea": 1839.2024293591314, "size": 224065, "h4": 3.9998230916202115, "h8": 5.951922320905441, "h16": 6.017889872888971, "h32": 7.577746991023063, "h64": 9.36014198754317}