{"ea": 6750.653612798101, "size": 728990, "h4": 3.216793581071107, "h8": 4.315360116860273, "h16": 5.774533133864649, "h32": 7.419691535340687, "h64": 9.05707161957477}