{"ea": 3954.71578919656, "size": 994651, "h4": 3.8763494589462226, "h8": 5.383779001817458, "h16": 6.497258980219021, "h32": 8.003469430388442, "h64": 9.62931586652812}