{"ea": 6350.448157170066, "size": 1046767, "h4": 3.8053485850729545, "h8": 5.598618566546634, "h16": 7.303322566696389, "h32": 8.754509269078202, "h64": 10.291588201706343}