{"ea": 3503.6575362858816, "size": 177045, "h4": 3.998218730001497, "h8": 5.563524485006008, "h16": 6.184833632581553, "h32": 7.800618160444042, "h64": 9.664140530372443}