{"ea": 5372.514138716495, "size": 421984, "h4": 3.471053820557305, "h8": 4.35853954263575, "h16": 5.6969396160519405, "h32": 7.393172141339818, "h64": 9.177963900036405}