{"ea": 10694.492132893838, "size": 501984, "h4": 3.789282225158769, "h8": 4.803188152049172, "h16": 6.113771911301824, "h32": 7.7589924951581875, "h64": 9.464452102334278}