{"ea": 1566.0960302018063, "size": 1829327, "h4": 3.507664220747404, "h8": 4.568431899309416, "h16": 6.12994845639071, "h32": 7.879509547899014, "h64": 9.711341513995656}