{"ea": 6773.686042260587, "size": 1337015, "h4": 3.8008184324375387, "h8": 5.589588990557315, "h16": 7.222347327231224, "h32": 8.72838031148689, "h64": 10.307726346272268}