{"ea": 5348.752291786391, "size": 119511, "h4": 3.999701127498296, "h8": 5.99141040217474, "h16": 6.033006870892113, "h32": 7.594955428858787, "h64": 9.360062529279647}