{"ea": 491.88780344966125, "size": 2887125, "h4": 3.9064348535671627, "h8": 4.9936813881692155, "h16": 6.204375597468581, "h32": 7.844979744930706, "h64": 9.630301359273185}