{"ea": 6780.757895286645, "size": 902384, "h4": 3.6759030310562375, "h8": 5.208111968452183, "h16": 6.944408780764774, "h32": 8.60738576137116, "h64": 10.364918335578963}