{"ea": 3755.1865473306534, "size": 1119364, "h4": 3.6941877881041525, "h8": 5.471803871323152, "h16": 7.122127913129462, "h32": 8.592060055194441, "h64": 10.214022297318154}