{"ea": 670.4542335751631, "size": 296507, "h4": 3.9689061373571066, "h8": 5.765823253142882, "h16": 6.659847711518939, "h32": 8.404655932453464, "h64": 10.270486751828695}