{"ea": 5361.546108011292, "size": 105695, "h4": 3.9997806416104513, "h8": 5.992886535092524, "h16": 6.115547857188709, "h32": 7.568427266929891, "h64": 9.379797416715265}