{"ea": 4850.216052857178, "size": 1563691, "h4": 3.913696768515759, "h8": 4.839190954307339, "h16": 6.122198721604522, "h32": 7.756795347828076, "h64": 9.547843168532703}