{"ea": 7683.729968306006, "size": 1147830, "h4": 3.611309099551942, "h8": 5.288440232089828, "h16": 6.947122294697051, "h32": 8.475932338116326, "h64": 10.049996751044402}