{"ea": 2471.3674801033185, "size": 211798, "h4": 3.9804071667528933, "h8": 5.33045447367946, "h16": 6.651942208639186, "h32": 8.284519647720426, "h64": 10.057225777266536}