{"ea": 895.4152058311809, "size": 392145, "h4": 3.9993115888406163, "h8": 5.947677392651569, "h16": 6.05844672199174, "h32": 7.34758213827301, "h64": 9.035828179751633}