{"ea": 1224.838058885396, "size": 937260, "h4": 3.918270304228815, "h8": 4.818852151828184, "h16": 5.950310849808915, "h32": 7.652192025676473, "h64": 9.543173971831383}