{"ea": 8403.229611084877, "size": 1078060, "h4": 3.88323215443849, "h8": 5.747920244210128, "h16": 7.37383299127168, "h32": 8.951997825879598, "h64": 10.541500714094422}