{"ea": 1816.235158777449, "size": 273692, "h4": 3.984334005801103, "h8": 4.79531537094622, "h16": 6.097543159933215, "h32": 7.875826162266866, "h64": 9.756430168247922}