{"ea": 3608.63646835186, "size": 411118, "h4": 3.379110826342915, "h8": 4.346266708498723, "h16": 5.849028352413771, "h32": 7.605177311888832, "h64": 9.432871226240085}