{"ea": 9039.415345407062, "size": 793373, "h4": 3.743864970399824, "h8": 5.0243399655651855, "h16": 6.465317457105274, "h32": 8.017213667669887, "h64": 9.690129378775733}