{"ea": 6385.078753449835, "size": 1067495, "h4": 3.9155888759404514, "h8": 5.393350160950389, "h16": 6.963214018756836, "h32": 8.520328696442121, "h64": 10.221690461823073}