{"ea": 7869.345237152035, "size": 1201364, "h4": 3.347646858712748, "h8": 4.891800342299762, "h16": 6.410047133545179, "h32": 7.985695697758584, "h64": 9.691467053634048}