{"ea": 5307.001249271777, "size": 115473, "h4": 3.9997758811022766, "h8": 5.996034186963968, "h16": 6.142911565289584, "h32": 7.832386651841648, "h64": 9.602654885893159}