{"ea": 4214.280558631039, "size": 997617, "h4": 3.758867045383215, "h8": 5.511030559736519, "h16": 7.20067857378212, "h32": 8.812302025203579, "h64": 10.324092480083952}