{"ea": 5362.834813780085, "size": 190263, "h4": 3.999274677960692, "h8": 5.364777787460547, "h16": 6.47542571295493, "h32": 8.12725611945492, "h64": 9.996933021226566}