{"ea": 7172.516856423618, "size": 727300, "h4": 3.9504134249409657, "h8": 5.795674583607624, "h16": 7.465302404318239, "h32": 9.142931987389417, "h64": 10.894412074196815}