{"ea": 951.536153616955, "size": 740580, "h4": 3.5941573620656717, "h8": 4.93629861465976, "h16": 6.471268751498059, "h32": 8.171200635998712, "h64": 9.942989162346482}