{"ea": 5284.582093496015, "size": 252134, "h4": 3.6229563907237896, "h8": 4.40167271373817, "h16": 5.89464209368043, "h32": 7.634645076025845, "h64": 9.497462568147904}