{"ea": 8306.22482351868, "size": 1050920, "h4": 3.900580327816625, "h8": 5.080371497976029, "h16": 6.164114188833109, "h32": 7.654270509680345, "h64": 9.309729296825338}