{"ea": 10820.191575818364, "size": 335055, "h4": 3.961513145759773, "h8": 5.680070017399149, "h16": 7.268215389391996, "h32": 8.9399031206811, "h64": 10.685309150331314}