{"ea": 6177.794216328639, "size": 1116801, "h4": 3.802216233686355, "h8": 5.264876100466198, "h16": 6.718255611948897, "h32": 8.195892058674463, "h64": 9.81253680517013}