{"ea": 2303.167431216, "size": 1643747, "h4": 3.359803506345372, "h8": 4.320618442950998, "h16": 5.789112907896, "h32": 7.547940777809761, "h64": 9.370931272731765}