{"ea": 4076.7474365270978, "size": 1056454, "h4": 3.7495971462021593, "h8": 5.347737602528204, "h16": 6.773143887028286, "h32": 8.109362071351807, "h64": 9.585193050242328}