{"ea": 782.2983444125235, "size": 586684, "h4": 3.983871033098463, "h8": 5.202519472189162, "h16": 6.0559234544166785, "h32": 7.787270077576894, "h64": 9.679933552832818}