{"ea": 5422.199535185521, "size": 123359, "h4": 3.9995693021913, "h8": 5.98167386992047, "h16": 6.114379051528205, "h32": 7.727917696856698, "h64": 9.537606081490454}