{"ea": 5308.1855693418565, "size": 134065, "h4": 3.9970034320660526, "h8": 5.218182582769433, "h16": 6.0373128159652545, "h32": 7.656944178372507, "h64": 9.518993451456595}