{"ea": 8127.032051343597, "size": 1355040, "h4": 3.6105027110828924, "h8": 5.1783839342983065, "h16": 6.594046698736191, "h32": 8.180904962193047, "h64": 9.764965300162324}