{"ea": 2376.789767882779, "size": 2880381, "h4": 3.7014402572388523, "h8": 5.114381924054988, "h16": 6.7195173932288395, "h32": 8.535956515074862, "h64": 10.412267869210428}