{"ea": 6840.457090644192, "size": 1888383, "h4": 3.8645972652260894, "h8": 5.384135241318914, "h16": 7.022745980435988, "h32": 8.700120906093801, "h64": 10.406186989127477}