{"ea": 3408.803698723692, "size": 1263524, "h4": 3.731347579747833, "h8": 5.400598503982078, "h16": 7.05662051879948, "h32": 8.503412693736575, "h64": 10.13703254735868}