{"ea": 7825.279628483988, "size": 738426, "h4": 3.874303900389068, "h8": 5.289317614496064, "h16": 6.9421755427991405, "h32": 8.636429759707255, "h64": 10.35174186198765}