{"ea": 10821.177903941472, "size": 663273, "h4": 3.774943507733939, "h8": 5.454684319395668, "h16": 7.1618560485856975, "h32": 8.773564197393721, "h64": 10.450139302559263}