{"ea": 4077.802256045469, "size": 2719676, "h4": 3.8895850488293124, "h8": 4.783066609506549, "h16": 5.852384440809432, "h32": 7.357828963689301, "h64": 9.140464201555025}