{"ea": 4676.482079588609, "size": 594457, "h4": 3.7732159492231476, "h8": 4.5788678053928304, "h16": 5.9748361724368175, "h32": 7.6087762510386305, "h64": 9.397234268554948}