{"ea": 5011.724594855809, "size": 129913, "h4": 3.9995665048320044, "h8": 5.987557091007558, "h16": 6.024979662367567, "h32": 7.483886542747336, "h64": 9.227735703365877}