{"ea": 5363.56799098852, "size": 229029, "h4": 3.522009885488835, "h8": 4.424842647354519, "h16": 5.607614028668672, "h32": 7.303163968811117, "h64": 9.13525279192471}