{"ea": 12710.055077760248, "size": 1042330, "h4": 3.91507668630359, "h8": 5.785519996098524, "h16": 7.540297702691401, "h32": 9.190910030807999, "h64": 10.710715744272168}