{"ea": 7847.319804591728, "size": 764675, "h4": 3.4423382347662272, "h8": 4.7914938803347775, "h16": 6.442534926484454, "h32": 8.139033251204047, "h64": 9.82165044388016}