{"ea": 5070.864700806457, "size": 166297, "h4": 3.896445389811899, "h8": 4.883476704360135, "h16": 5.873965043380149, "h32": 7.623412816022341, "h64": 9.524894328571303}