{"ea": 5366.99307614068, "size": 136519, "h4": 3.9690044216208076, "h8": 5.4071830408799535, "h16": 6.398428072182071, "h32": 8.186597033687944, "h64": 10.105646980512958}