{"ea": 9688.297409036255, "size": 1280575, "h4": 3.9521246660916316, "h8": 5.706472022985567, "h16": 7.139128408165732, "h32": 8.564714805417562, "h64": 10.192908761725137}