{"ea": 4692.44616599092, "size": 788888, "h4": 3.798858682765316, "h8": 5.530679620317121, "h16": 7.184789432128248, "h32": 8.85462426497711, "h64": 10.545319122248689}