{"ea": 5428.78305511909, "size": 125369, "h4": 3.9883604382217133, "h8": 5.065269877776604, "h16": 5.810761570025393, "h32": 7.414818843372215, "h64": 9.253410890854468}