{"ea": 1639.219264419089, "size": 1132372, "h4": 3.6370010602200162, "h8": 5.291969430840224, "h16": 6.964735217373337, "h32": 8.681620710402939, "h64": 10.333711947340229}