{"ea": 3962.0736380999047, "size": 124650, "h4": 3.999705370307465, "h8": 5.98457468750467, "h16": 6.013996472339858, "h32": 7.400369344371398, "h64": 9.206573496589979}