{"ea": 567.9941323947254, "size": 2069521, "h4": 3.9638441306295054, "h8": 4.826010122346387, "h16": 5.8789170080072655, "h32": 7.580446163212077, "h64": 9.409159241532276}