{"ea": 7696.794944572738, "size": 1000541, "h4": 3.754464025836199, "h8": 5.023234064000029, "h16": 6.627427510534469, "h32": 8.299527997273877, "h64": 10.005864729554576}