{"ea": 4895.091414506829, "size": 1148081, "h4": 3.7243037024492214, "h8": 5.391751134942345, "h16": 6.857791115988004, "h32": 8.21907126470051, "h64": 9.790844822072106}