{"ea": 9140.45299178267, "size": 928538, "h4": 3.8105934163975403, "h8": 5.09349591068993, "h16": 6.612269525278293, "h32": 8.320389355660694, "h64": 10.054927433770452}