{"ea": 5399.384566962913, "size": 196414, "h4": 3.6532892432699997, "h8": 4.48988898914465, "h16": 5.735703638184823, "h32": 7.450212835903293, "h64": 9.299596769413998}