{"ea": 3706.6706509817427, "size": 807620, "h4": 3.922045106236683, "h8": 4.525989719492972, "h16": 5.826373790817962, "h32": 7.478780853118797, "h64": 9.326379490265655}