{"ea": 11514.621321574725, "size": 1034257, "h4": 3.80894214070298, "h8": 5.603484039750747, "h16": 7.102625065217815, "h32": 8.518563332804348, "h64": 10.019452084494642}