{"ea": 595.8298105683447, "size": 881857, "h4": 3.485234469037115, "h8": 4.159193491204766, "h16": 5.460484832420391, "h32": 7.16861836308548, "h64": 9.031252582109435}