{"ea": 8440.84764689874, "size": 640626, "h4": 3.8427712120889663, "h8": 5.492809313943781, "h16": 6.79208545056415, "h32": 8.384305852230305, "h64": 10.064605800389739}