{"ea": 12258.966590180187, "size": 1022593, "h4": 3.8548728007467776, "h8": 5.529024976012004, "h16": 7.116401715057232, "h32": 8.769501640480428, "h64": 10.258055003435356}