{"ea": 8783.830002287237, "size": 1256534, "h4": 3.8321178972380374, "h8": 5.146787412302153, "h16": 6.572416426950352, "h32": 8.092608437313203, "h64": 9.63414749588193}