{"ea": 9348.593467624549, "size": 731384, "h4": 3.736345991043519, "h8": 5.530805043144942, "h16": 7.1724200695432145, "h32": 8.718150179402976, "h64": 10.338350119524137}