{"ea": 2106.462746597402, "size": 478684, "h4": 2.612248620331754, "h8": 3.898599324553509, "h16": 5.489902680841328, "h32": 7.24987535730393, "h64": 9.073769161950036}