{"ea": 4254.539534732417, "size": 361319, "h4": 3.5007420680900356, "h8": 4.712030794844695, "h16": 6.15854732746271, "h32": 7.9087816268886595, "h64": 9.74276757515126}