{"ea": 9697.56607093793, "size": 1059395, "h4": 3.9265619053600225, "h8": 5.520192505104339, "h16": 6.999960846996909, "h32": 8.44225798614853, "h64": 9.946984000209737}