{"ea": 3091.630280176992, "size": 242740, "h4": 3.9987557434420897, "h8": 5.494330464566381, "h16": 6.749225682744535, "h32": 8.383970838422199, "h64": 10.198086054765497}