{"ea": 4619.584112835705, "size": 459881, "h4": 3.5353370643799726, "h8": 4.166792820128283, "h16": 5.621033504274653, "h32": 7.348587685196636, "h64": 9.18103813000851}