{"ea": 1983.918836229296, "size": 191445, "h4": 3.9996665669087426, "h8": 5.959498377431035, "h16": 5.9910376402151915, "h32": 7.342222503334065, "h64": 9.12595757994351}