{"ea": 2354.704373833896, "size": 535357, "h4": 3.859435459703322, "h8": 5.257323462660056, "h16": 5.62301966864059, "h32": 6.887251524058989, "h64": 8.595309768324414}