{"ea": 8825.022592436477, "size": 1548838, "h4": 3.8561893345995397, "h8": 5.623084729902339, "h16": 7.2048460376156305, "h32": 8.792208309284609, "h64": 10.336338828492812}