{"ea": 5482.112169238166, "size": 1213511, "h4": 3.7206316483787685, "h8": 5.173382008580251, "h16": 6.675716352307893, "h32": 8.229254535238095, "h64": 9.819153022446702}