{"ea": 5693.049994626078, "size": 1149374, "h4": 3.9013197495430503, "h8": 5.6960818184950135, "h16": 7.22185781508785, "h32": 8.656460953075968, "h64": 10.174875817993913}