{"ea": 8621.563616552596, "size": 799818, "h4": 3.8419243683924, "h8": 5.4921265289128485, "h16": 6.988903940072692, "h32": 8.576394581241225, "h64": 10.169294397219103}