{"ea": 3839.172603236124, "size": 1284084, "h4": 3.5789916871967575, "h8": 4.6748430105799965, "h16": 6.166369928620176, "h32": 7.669732206272686, "h64": 9.270083948014832}