{"ea": 10987.886848607031, "size": 774771, "h4": 3.664307133489178, "h8": 5.167227651065364, "h16": 6.608037714988882, "h32": 8.2224416949146, "h64": 9.935955609768156}