{"ea": 5294.611258902583, "size": 1132731, "h4": 3.7749045004752797, "h8": 5.14651839731322, "h16": 6.711211033767837, "h32": 8.202371832625563, "h64": 9.78077993200127}