{"ea": 5449.951634789039, "size": 162402, "h4": 3.973805895266858, "h8": 4.836981528856072, "h16": 5.892595863716384, "h32": 7.526159712022878, "h64": 9.371585563169749}