{"ea": 774.177040739751, "size": 377569, "h4": 3.8954569658288545, "h8": 4.992144197830195, "h16": 5.9229588450051605, "h32": 7.435043913312518, "h64": 9.222094721361021}