{"ea": 821.4074369376891, "size": 351942, "h4": 3.7482322596450297, "h8": 4.857689433693522, "h16": 5.807187552916767, "h32": 7.454534180636536, "h64": 9.240808034940912}