{"ea": 4002.6187910128738, "size": 1270486, "h4": 3.891902198188316, "h8": 5.766217748885527, "h16": 7.373115640029248, "h32": 8.742391661369954, "h64": 10.214095737647824}