{"ea": 5197.144766014697, "size": 1103632, "h4": 3.8607906940221817, "h8": 5.65686219896565, "h16": 7.312830123900369, "h32": 8.842376348392197, "h64": 10.446713519312432}