{"ea": 2961.5368828499277, "size": 1107624, "h4": 3.7732639991677663, "h8": 5.514015844807456, "h16": 6.908753943811419, "h32": 8.318181804855197, "h64": 9.929584542102113}