{"ea": 1593.1474280753337, "size": 1650801, "h4": 3.830532107304855, "h8": 4.708743279698854, "h16": 5.880313366563929, "h32": 7.56327702136252, "h64": 9.37422188402017}