{"ea": 8619.317054300811, "size": 921372, "h4": 3.9470510172381084, "h8": 5.579497440176114, "h16": 7.101102300182246, "h32": 8.576716168260653, "h64": 10.206101583071836}