{"ea": 12224.396933470578, "size": 1052826, "h4": 3.8858073114971425, "h8": 5.764632364664571, "h16": 7.563229465433919, "h32": 9.147331120251645, "h64": 10.873347173652675}