{"ea": 7408.5524297117045, "size": 704704, "h4": 3.8288602613636202, "h8": 5.502753531957964, "h16": 7.146543269814706, "h32": 8.753382534500526, "h64": 10.368663251677154}