{"ea": 4698.041620925019, "size": 2055127, "h4": 3.597573412353497, "h8": 5.2987095357372915, "h16": 7.051734388366379, "h32": 8.699728904554394, "h64": 10.35378272625604}