{"ea": 1501.738928588293, "size": 791598, "h4": 3.852277482208151, "h8": 4.654107312061074, "h16": 5.835400483355096, "h32": 7.392406050172535, "h64": 9.182529903692615}