{"ea": 7742.787282897324, "size": 848492, "h4": 3.8671660145875046, "h8": 5.630456435556464, "h16": 7.313467145946553, "h32": 8.929201399983494, "h64": 10.647876610191235}