{"ea": 8235.614734211846, "size": 1161673, "h4": 3.8910831973257007, "h8": 5.553038179622439, "h16": 7.201418410249214, "h32": 8.725344104114164, "h64": 10.32108543321285}