{"ea": 3784.2768757899184, "size": 227745, "h4": 3.6555634206402905, "h8": 4.309251484890176, "h16": 5.810905354830317, "h32": 7.552280299133228, "h64": 9.40714408840038}