{"ea": 488.1355219748458, "size": 2529628, "h4": 3.834374564890143, "h8": 5.165080190343797, "h16": 6.8170330337545835, "h32": 8.620858383990841, "h64": 10.471267569770298}