{"ea": 14187.48900371759, "size": 963842, "h4": 3.929986857259949, "h8": 5.743915526539698, "h16": 7.397777528058064, "h32": 8.973856982861498, "h64": 10.662129828631562}