{"ea": 464.4887873913462, "size": 4373072, "h4": 3.3402782765987467, "h8": 4.399368818415356, "h16": 5.822684754932757, "h32": 7.514849504433022, "h64": 9.314698599116621}