{"ea": 3074.2520018354826, "size": 550661, "h4": 3.3366375375196364, "h8": 4.0660072127499, "h16": 5.484503235191954, "h32": 7.197321119290988, "h64": 8.991636463932055}