{"ea": 2643.2807907266583, "size": 273161, "h4": 3.999624254712761, "h8": 5.814243975010559, "h16": 5.850067103742849, "h32": 7.0311257364241255, "h64": 8.742072068017135}