{"ea": 5542.62926575007, "size": 892514, "h4": 3.4997708148909465, "h8": 4.478487014659173, "h16": 6.0911777221552, "h32": 7.799942569210019, "h64": 9.514322699536319}