{"ea": 8735.864034158432, "size": 1237431, "h4": 3.7724761069191954, "h8": 5.395795399699973, "h16": 6.914374172784912, "h32": 8.297910204999859, "h64": 9.859115427396546}