{"ea": 4855.1297021428645, "size": 1210387, "h4": 3.881077301686027, "h8": 5.693864997339135, "h16": 7.343931323449022, "h32": 8.904794320524463, "h64": 10.456264666619806}