{"ea": 2138.737306490638, "size": 228290, "h4": 3.9548360330753543, "h8": 5.1576792238466975, "h16": 6.0302551375548745, "h32": 7.693526078183458, "h64": 9.555625282805027}