{"ea": 13664.64323642375, "size": 736223, "h4": 3.843173461073138, "h8": 5.346898521362515, "h16": 6.52734340645885, "h32": 7.893506533146775, "h64": 9.468121088472124}