{"ea": 2238.509129823815, "size": 236663, "h4": 3.988505139923366, "h8": 5.482513069884761, "h16": 6.183219270331216, "h32": 7.604964133398832, "h64": 9.361456049955049}