{"ea": 5229.810751729719, "size": 182446, "h4": 3.835794316868398, "h8": 5.162248415734528, "h16": 5.889872749498776, "h32": 7.384881409746733, "h64": 9.18294008445531}