{"ea": 5907.326028232623, "size": 1276552, "h4": 3.6018139027419585, "h8": 4.903710934089863, "h16": 6.49593968599063, "h32": 8.106994103411697, "h64": 9.713825885645312}