{"ea": 5383.32904527725, "size": 147368, "h4": 3.9984763874745513, "h8": 5.245187114434211, "h16": 6.377105778315395, "h32": 8.013643716595817, "h64": 9.880245915242714}