{"ea": 4726.567490113257, "size": 1293578, "h4": 3.688390358401816, "h8": 4.996498044993389, "h16": 6.313889892494915, "h32": 7.797412891820869, "h64": 9.402186290356843}