{"ea": 1680.7901808806778, "size": 565293, "h4": 3.7938755776476825, "h8": 4.635646201707904, "h16": 5.858269647460664, "h32": 7.485342599043885, "h64": 9.17761917415896}