{"ea": 5046.037855480695, "size": 1378452, "h4": 3.7050831774863795, "h8": 5.446327197554535, "h16": 7.082023151086432, "h32": 8.705972057278137, "h64": 10.351561597712578}