{"ea": 2366.471366718985, "size": 221602, "h4": 3.8722071837191203, "h8": 5.661263395413329, "h16": 6.10175118421445, "h32": 7.607796089977173, "h64": 9.456030896813182}