{"ea": 11290.143579238342, "size": 1560547, "h4": 3.773073546983066, "h8": 5.031762649818353, "h16": 6.357327852919796, "h32": 7.876861767293342, "h64": 9.369132098467638}