{"ea": 4671.646107328889, "size": 147468, "h4": 3.999692635017662, "h8": 5.995998968002921, "h16": 6.263138060352342, "h32": 7.999160157593762, "h64": 9.836563346431241}