{"ea": 5371.833562952862, "size": 114916, "h4": 3.999780432383292, "h8": 5.9907801444254964, "h16": 6.1677760611508425, "h32": 7.495547644001265, "h64": 9.360924014870871}