{"ea": 3430.2660291864763, "size": 954734, "h4": 3.977130061523259, "h8": 5.512263613555401, "h16": 6.735807881587377, "h32": 8.139083116337659, "h64": 9.767223510426106}