{"ea": 6456.823166697879, "size": 1193225, "h4": 3.7411074062439145, "h8": 5.593521382404479, "h16": 7.263997771175741, "h32": 8.812403270405975, "h64": 10.37999633988316}