{"ea": 2821.9128886340486, "size": 257288, "h4": 3.7134642012730743, "h8": 4.336843373394504, "h16": 5.609999071267438, "h32": 7.334746405899153, "h64": 9.18833446426871}