{"ea": 8904.908331528612, "size": 898517, "h4": 3.7237268470540204, "h8": 5.320670098656349, "h16": 6.711898413849834, "h32": 8.18855015297746, "h64": 9.773470598334216}