{"ea": 568.4997007119877, "size": 2700016, "h4": 3.9663277031466393, "h8": 4.943350982885532, "h16": 5.885756754687522, "h32": 7.545967538555657, "h64": 9.380804833835228}