{"ea": 1401.173946687506, "size": 1258785, "h4": 3.888031017688181, "h8": 5.6699795705812335, "h16": 7.238833745413713, "h32": 8.75706731469591, "h64": 10.352609687490867}