{"ea": 1397.2243012290858, "size": 341956, "h4": 3.9997462646993895, "h8": 5.841946063438574, "h16": 6.189190601885663, "h32": 7.64792187055321, "h64": 9.500038198204509}