{"ea": 3208.0602133855905, "size": 1064698, "h4": 3.8127402946305686, "h8": 5.487579273210603, "h16": 7.090727059021102, "h32": 8.567565502541287, "h64": 10.182610219312853}