{"ea": 6860.433395690623, "size": 659194, "h4": 3.836253632604221, "h8": 5.595165423002108, "h16": 7.258340216400178, "h32": 8.825231680335476, "h64": 10.402636189325793}