{"ea": 10282.977668881065, "size": 2054365, "h4": 3.8914668587431827, "h8": 5.770817710528005, "h16": 7.5241374594669015, "h32": 9.08457163560095, "h64": 10.623456049171981}