{"ea": 3513.0581098370994, "size": 153632, "h4": 3.9997612121976696, "h8": 5.970968549618944, "h16": 5.9718922739696865, "h32": 6.997759887479831, "h64": 8.709799408833145}