{"ea": 3268.180327312087, "size": 456228, "h4": 3.652835953291861, "h8": 4.6109567344634135, "h16": 5.659534378762393, "h32": 7.194453473743833, "h64": 8.996997582311286}