{"ea": 3080.8770987729326, "size": 255194, "h4": 3.9202344760432695, "h8": 5.625955343071262, "h16": 6.958416715058691, "h32": 8.528864052882893, "h64": 10.28689799503667}