{"ea": 5790.41156306136, "size": 1368980, "h4": 3.6896310658612395, "h8": 4.974820541535491, "h16": 6.507974129652922, "h32": 7.996581078046187, "h64": 9.563865070427633}