{"ea": 801.7495314631326, "size": 840892, "h4": 3.2814468875321077, "h8": 4.356724762308851, "h16": 5.795027671621879, "h32": 7.447706112742345, "h64": 9.1890358360361}