{"ea": 6332.604231568602, "size": 832511, "h4": 3.881019178425774, "h8": 5.768513108007131, "h16": 7.606383617896951, "h32": 9.293690000055134, "h64": 10.999034804607408}