{"ea": 5346.4858431800085, "size": 123314, "h4": 3.9998601055483376, "h8": 5.99800546673889, "h16": 6.0730258594371325, "h32": 7.570531486748497, "h64": 9.33704318841987}