{"ea": 2877.2212012759705, "size": 1467803, "h4": 3.734236337820777, "h8": 5.508186282266229, "h16": 6.987517325738597, "h32": 8.518894242062665, "h64": 10.110823571443419}