{"ea": 533.6790350970039, "size": 5526215, "h4": 3.8988498870199733, "h8": 4.831013510970752, "h16": 5.855959125691587, "h32": 7.511309483127079, "h64": 9.37485739076988}