{"ea": 1381.917977752416, "size": 343720, "h4": 3.6699206075345288, "h8": 4.719014150388552, "h16": 5.92450180167682, "h32": 7.611194198490523, "h64": 9.471446338215529}