{"ea": 1989.6942631451159, "size": 1260830, "h4": 3.6398367612520213, "h8": 4.631647123182771, "h16": 5.971575704613047, "h32": 7.381540233450475, "h64": 9.091834416384804}