{"ea": 5016.119852170187, "size": 150463, "h4": 3.9996842929330167, "h8": 5.988541183562253, "h16": 6.58149523598698, "h32": 8.412217833228258, "h64": 10.320585809090584}