{"ea": 4633.499600422175, "size": 184745, "h4": 3.9997345382249256, "h8": 5.996480378180683, "h16": 6.023540841462695, "h32": 7.75357232889498, "h64": 9.262348827415689}