{"ea": 10409.206527878141, "size": 1035662, "h4": 3.5172665017527556, "h8": 4.7703197825296115, "h16": 6.064057303192929, "h32": 7.623611949118592, "h64": 9.274091326833046}