{"ea": 7085.25889122787, "size": 1501232, "h4": 3.481061529649811, "h8": 5.1392281780069595, "h16": 6.653847010738805, "h32": 8.162207133290128, "h64": 9.720620282419116}