{"ea": 6729.46608585706, "size": 1185634, "h4": 3.949385343289351, "h8": 5.781499597135524, "h16": 7.371585048682285, "h32": 8.789502323767625, "h64": 10.287204211660937}