{"ea": 984.2726569765507, "size": 799323, "h4": 3.6668148393381417, "h8": 4.595632862750206, "h16": 5.778769298681604, "h32": 7.431861871272554, "h64": 9.26618453543482}