{"ea": 5944.8205915863, "size": 1192306, "h4": 3.964043374252011, "h8": 5.899831479401334, "h16": 7.635619809529828, "h32": 9.116221505810636, "h64": 10.660530759194764}