{"ea": 4137.755291134718, "size": 122311, "h4": 3.999639022257278, "h8": 5.952346280865893, "h16": 6.020085488725046, "h32": 7.623484300749611, "h64": 9.45853912053268}