{"ea": 4535.205636910655, "size": 413997, "h4": 3.98895343076395, "h8": 5.3288122905442625, "h16": 6.796102709121232, "h32": 8.56927570697817, "h64": 10.38082720458257}