{"ea": 2900.0875099021537, "size": 289860, "h4": 3.9221539391586804, "h8": 4.804128742338763, "h16": 5.799761644669106, "h32": 7.417722934107714, "h64": 9.234100175933214}