{"ea": 7671.4009527263615, "size": 488807, "h4": 3.8346895987535135, "h8": 4.670440632511715, "h16": 6.137206545806782, "h32": 7.770041073306782, "h64": 9.493693768872133}