{"ea": 3117.485261485573, "size": 1399896, "h4": 3.8402151536757296, "h8": 5.454333386997861, "h16": 7.102145611858446, "h32": 8.694543129318417, "h64": 10.228211372262827}