{"ea": 5344.619573651484, "size": 120895, "h4": 3.9995977080772245, "h8": 5.979812487696076, "h16": 6.396285835458169, "h32": 7.644580891499798, "h64": 9.538092221295496}