{"ea": 11608.340912992382, "size": 996254, "h4": 3.9266947312219704, "h8": 5.658418139802624, "h16": 7.191521153598881, "h32": 8.70726166553274, "h64": 10.373282286482256}