{"ea": 5188.082313165625, "size": 199829, "h4": 3.9876591353353135, "h8": 5.028477497165566, "h16": 5.987176743077867, "h32": 7.642071999983427, "h64": 9.509121642227521}