{"ea": 1622.6460781089218, "size": 710042, "h4": 3.4642451210131617, "h8": 4.427966938160445, "h16": 5.536073576601286, "h32": 7.235426782993342, "h64": 9.079415999748331}