{"ea": 522.3935664807535, "size": 917104, "h4": 2.972567323652304, "h8": 4.51378245802198, "h16": 5.720946317796829, "h32": 7.387993889270281, "h64": 9.17096810187139}