{"ea": 4883.383457896807, "size": 156655, "h4": 3.9971415140050177, "h8": 5.683943839503459, "h16": 6.300570310001756, "h32": 7.865314276842888, "h64": 9.704272632520883}