{"ea": 2574.3768945238016, "size": 675903, "h4": 3.7806837384175527, "h8": 4.457210265044205, "h16": 5.787573988610976, "h32": 7.517984144099724, "h64": 9.297562391922135}