{"ea": 2433.351787792048, "size": 1398183, "h4": 3.9179290803975633, "h8": 5.515093744201584, "h16": 6.743086831808817, "h32": 8.251163461892519, "h64": 9.820675453980002}