{"ea": 7608.980648091643, "size": 1034399, "h4": 3.945365219804864, "h8": 5.8026460310514585, "h16": 7.338400817925249, "h32": 8.819303191389691, "h64": 10.424111756048106}