{"ea": 12464.843577271986, "size": 993357, "h4": 3.237328182534334, "h8": 4.450988784169781, "h16": 5.874533394522301, "h32": 7.40273219516467, "h64": 9.058892169496934}