{"ea": 5414.271637375607, "size": 495592, "h4": 3.6621249060531875, "h8": 4.529664105402922, "h16": 6.011514772248762, "h32": 7.748034213502948, "h64": 9.483798218369188}