{"ea": 501.3875837394265, "size": 895846, "h4": 3.961398570509492, "h8": 4.745196711860922, "h16": 5.913304670408028, "h32": 7.63835200298825, "h64": 9.531634381991019}