{"ea": 7226.788598262218, "size": 1111982, "h4": 3.65101400234659, "h8": 5.200046691268564, "h16": 6.854303863496899, "h32": 8.446056082436042, "h64": 10.045453947089051}