{"ea": 5086.397135042064, "size": 126037, "h4": 3.995923294806304, "h8": 5.8562672570119645, "h16": 6.192305758514992, "h32": 7.778438759375176, "h64": 9.669098103297728}