{"ea": 2882.522516664292, "size": 924987, "h4": 3.6356969501378193, "h8": 5.46655460059425, "h16": 7.069724280292033, "h32": 8.653560299959054, "h64": 10.290817987187635}