{"ea": 450.45582533249, "size": 936512, "h4": 3.9931020209153547, "h8": 5.106213705567182, "h16": 6.094798432368305, "h32": 7.656068930567577, "h64": 9.381569379718535}