{"ea": 12241.19610246576, "size": 1342700, "h4": 3.919938676000233, "h8": 5.756238154330732, "h16": 7.498367661972072, "h32": 9.170548014170851, "h64": 10.849845608368785}