{"ea": 435.99913203640136, "size": 796197, "h4": 3.983696204942051, "h8": 5.306402735376546, "h16": 6.443834878381497, "h32": 8.15341281184116, "h64": 9.998664573564083}