{"ea": 4859.1250974934865, "size": 145922, "h4": 3.99964418048477, "h8": 5.880858998800374, "h16": 6.094418325501478, "h32": 7.622504247798875, "h64": 9.457086701730837}