{"ea": 3036.137284747652, "size": 1143161, "h4": 3.7831045734261544, "h8": 5.228843114426181, "h16": 6.653314451125016, "h32": 8.201037270326063, "h64": 9.758203182355768}