{"ea": 3050.444983549597, "size": 1117790, "h4": 3.927440734305575, "h8": 5.742719978293807, "h16": 7.5217014970491185, "h32": 9.182713779102667, "h64": 10.786503785946621}