{"ea": 3374.2505656113635, "size": 1225358, "h4": 3.9064123435930798, "h8": 5.668303901820243, "h16": 7.1806975922374265, "h32": 8.699229440949553, "h64": 10.273963216313147}