{"ea": 1785.123593602709, "size": 358205, "h4": 3.8033752632551607, "h8": 4.419792510386453, "h16": 5.9438024885550345, "h32": 7.611587621591545, "h64": 9.390436465454105}