{"ea": 1230.0622217767136, "size": 323449, "h4": 3.9997855572085186, "h8": 5.929738564842911, "h16": 5.996965312019249, "h32": 7.431061394168683, "h64": 9.220262473140497}