{"ea": 10936.405662430849, "size": 890802, "h4": 3.6484884610923984, "h8": 5.35205901826334, "h16": 7.025031032208307, "h32": 8.682068575888321, "h64": 10.36304132605141}