{"ea": 5281.914498375281, "size": 126813, "h4": 3.9998377781199688, "h8": 5.974495327832598, "h16": 6.0165452858804995, "h32": 7.64313898218681, "h64": 9.451032486255624}