{"ea": 1477.9155861466463, "size": 277391, "h4": 3.9722537981851893, "h8": 5.529068517108053, "h16": 5.893350269311106, "h32": 7.250999638477568, "h64": 8.976933322230682}