{"ea": 2135.7380977243024, "size": 1144033, "h4": 3.172863479647833, "h8": 4.1751477827888355, "h16": 5.625025628506005, "h32": 7.316511181009358, "h64": 9.096046344868972}