{"ea": 9060.426992876943, "size": 763607, "h4": 3.9717189298266824, "h8": 5.881287934001412, "h16": 7.542390096581035, "h32": 9.116492135461673, "h64": 10.767088446760011}