{"ea": 5369.041209700122, "size": 133938, "h4": 3.9991234204400907, "h8": 5.529750552062076, "h16": 6.098298309170833, "h32": 7.693401229773384, "h64": 9.569539463167624}