{"ea": 384.48738914149504, "size": 2323192, "h4": 3.5971789485500825, "h8": 4.371541938999306, "h16": 5.6313483878979875, "h32": 7.316771396371651, "h64": 9.11734923731133}