{"ea": 4271.184257198046, "size": 180437, "h4": 3.9384067224231005, "h8": 4.70708871283977, "h16": 5.82658211433796, "h32": 7.564341566987025, "h64": 9.41895159144632}