{"ea": 7617.112158662531, "size": 1005521, "h4": 3.7297087790867227, "h8": 5.227203389217021, "h16": 6.792806565257924, "h32": 8.401459536280367, "h64": 9.989360350158911}