{"ea": 7189.294252747098, "size": 818695, "h4": 3.921151766032263, "h8": 5.616459469810378, "h16": 7.2419322041847884, "h32": 8.892885923287569, "h64": 10.631726906576855}