{"ea": 1406.539089360999, "size": 199209, "h4": 3.973980639542967, "h8": 5.31066154492605, "h16": 6.063885281319416, "h32": 7.492311417755369, "h64": 9.209619525107232}