{"ea": 1275.2380687716368, "size": 1696617, "h4": 3.6030621731176335, "h8": 4.639734404017676, "h16": 5.899973864348042, "h32": 7.584285135179513, "h64": 9.379547565609691}