{"ea": 6386.954545804441, "size": 1240177, "h4": 3.6258770685064574, "h8": 4.790496750262131, "h16": 6.432978126494346, "h32": 8.150026307312874, "h64": 9.76545978213413}