{"ea": 7521.639701773049, "size": 1214309, "h4": 3.7270180914997857, "h8": 5.425916524397154, "h16": 6.940570583323946, "h32": 8.289652198287596, "h64": 9.840668203931362}