{"ea": 8240.911198959975, "size": 1173798, "h4": 3.6753333536214523, "h8": 5.138164732019678, "h16": 6.560982188868728, "h32": 8.111295231862814, "h64": 9.737988512614697}