{"ea": 9904.43808175352, "size": 882273, "h4": 3.790295890952777, "h8": 5.414126444510712, "h16": 7.139820443323545, "h32": 8.734158927156903, "h64": 10.343253190940466}