{"ea": 5831.196349064616, "size": 1017592, "h4": 3.565241070943003, "h8": 5.198103595558092, "h16": 6.70789429713344, "h32": 8.156867410879485, "h64": 9.768984107861442}