{"ea": 580.004519858591, "size": 625820, "h4": 3.701523032812777, "h8": 4.679686994768691, "h16": 6.05696681013964, "h32": 7.743084223693842, "h64": 9.537197105038306}