{"ea": 5396.0995970260465, "size": 1228411, "h4": 3.8714360805836363, "h8": 5.722877662026578, "h16": 7.263684501367335, "h32": 8.739896148311644, "h64": 10.332089673004827}