{"ea": 2545.6678529284745, "size": 349124, "h4": 3.669297581169886, "h8": 5.325652146734685, "h16": 6.0392926842398404, "h32": 7.381013687578095, "h64": 9.107600505328477}