{"ea": 10189.575037492461, "size": 483940, "h4": 3.6629093684834633, "h8": 4.380375359549261, "h16": 5.75438160721795, "h32": 7.355151131193436, "h64": 9.078187662221517}