{"ea": 6230.690711442592, "size": 1127476, "h4": 3.6762521522412492, "h8": 5.359954632820978, "h16": 6.786540034852997, "h32": 8.228840559649216, "h64": 9.788487813580446}