{"ea": 1729.3719562965323, "size": 1348252, "h4": 3.8748330112968015, "h8": 5.47638191969998, "h16": 7.037648373826513, "h32": 8.550067528377657, "h64": 10.110135450130613}