{"ea": 4910.168732888084, "size": 1200505, "h4": 3.9244416047469652, "h8": 5.741928408847463, "h16": 7.174697737519258, "h32": 8.576300468095557, "h64": 10.053423946256842}