{"ea": 2440.0505486632424, "size": 755538, "h4": 3.216522559557036, "h8": 4.269526566817867, "h16": 5.772144556287017, "h32": 7.468668652962178, "h64": 9.249178286980328}