{"ea": 3833.089671844365, "size": 232808, "h4": 3.8997820556708582, "h8": 5.262955440697251, "h16": 6.276825225278812, "h32": 7.960307322951923, "h64": 9.808138894221884}