{"ea": 3257.391219314189, "size": 872050, "h4": 3.825917509320968, "h8": 5.656285281336508, "h16": 7.398441760376667, "h32": 8.894078963074948, "h64": 10.49261576445583}