{"ea": 7491.50385706582, "size": 1045777, "h4": 3.7831128789789266, "h8": 5.433462585419079, "h16": 6.9196558970658835, "h32": 8.418431946787248, "h64": 10.026641286465875}