{"ea": 7618.277594440159, "size": 1109848, "h4": 3.9458681111906504, "h8": 5.843244383498453, "h16": 7.568580285283462, "h32": 9.101584230001272, "h64": 10.631080452824712}