{"ea": 6029.339427348406, "size": 1349926, "h4": 3.723536894171512, "h8": 5.179306096256951, "h16": 6.611523993602669, "h32": 8.019179676040109, "h64": 9.491887214682226}