{"ea": 4862.342652809672, "size": 1428115, "h4": 3.515824387745007, "h8": 5.071008470892318, "h16": 6.541875920328042, "h32": 7.937585609446492, "h64": 9.475000570999208}