{"ea": 2786.7074181111366, "size": 185591, "h4": 3.99982417560087, "h8": 5.830757888463998, "h16": 5.957010974655624, "h32": 7.302496296913365, "h64": 9.102594225376777}