{"ea": 6554.580615324987, "size": 1146095, "h4": 3.7083754644729408, "h8": 5.087383583203928, "h16": 6.613263912320768, "h32": 8.192035906357912, "h64": 9.783309096540506}