{"ea": 11891.840686587138, "size": 726191, "h4": 3.402489182474327, "h8": 4.899383152438353, "h16": 6.487371053884851, "h32": 8.131447931012227, "h64": 9.804088938289159}