{"ea": 4680.137574654435, "size": 1002898, "h4": 3.9369352827652877, "h8": 5.777253136917396, "h16": 7.489722780120108, "h32": 9.127949587354351, "h64": 10.825653027733207}