{"ea": 3540.2996305118395, "size": 147070, "h4": 3.9981971024965812, "h8": 5.504869438462579, "h16": 6.185897812326518, "h32": 7.8502205027238094, "h64": 9.710820238676826}