{"ea": 1653.120530635331, "size": 715478, "h4": 3.5489736654960824, "h8": 4.402878709419888, "h16": 5.7182970374891795, "h32": 7.362689309162157, "h64": 9.160407654404121}