{"ea": 7734.5559325978065, "size": 1679207, "h4": 3.942742380016612, "h8": 5.325277285690161, "h16": 6.664903742165077, "h32": 8.086504236371143, "h64": 9.696584368651774}