{"ea": 2003.1696230755558, "size": 1380930, "h4": 3.8685230134379536, "h8": 4.750318921020459, "h16": 5.593420800355631, "h32": 7.2603284438493265, "h64": 9.112830677385439}