{"ea": 9094.422750040805, "size": 1049620, "h4": 3.6211284732162525, "h8": 5.136486128537485, "h16": 6.584488331755269, "h32": 8.04348074168662, "h64": 9.541855277328459}