{"ea": 5397.749284464069, "size": 294496, "h4": 3.9533207503203647, "h8": 5.1853312549408, "h16": 5.98365247108277, "h32": 7.576679622389433, "h64": 9.32406970923508}