{"ea": 8831.85374406745, "size": 1766546, "h4": 3.06454693941572, "h8": 4.4409250270639715, "h16": 5.893190178089812, "h32": 7.546097754516178, "h64": 9.26671408442045}