{"ea": 2400.746156168068, "size": 329993, "h4": 3.808549648365739, "h8": 4.979015961962707, "h16": 6.175601123312226, "h32": 7.892772053526164, "h64": 9.744413822724228}