{"ea": 3237.1956738976196, "size": 1035126, "h4": 3.74728566160843, "h8": 5.415133349158343, "h16": 6.866632249267641, "h32": 8.459840489710329, "h64": 10.119628813379531}