{"ea": 9036.661681376323, "size": 447065, "h4": 3.9792783743642133, "h8": 5.403719277398777, "h16": 6.4684839161604595, "h32": 7.961429806506544, "h64": 9.636853325060192}