{"ea": 1453.2469501992944, "size": 309854, "h4": 3.809543197984355, "h8": 5.319329051414648, "h16": 6.222626784219682, "h32": 7.931786133508377, "h64": 9.782226178653598}