{"ea": 349.8244859946956, "size": 813373, "h4": 3.998572614210729, "h8": 5.890677610914205, "h16": 6.248459898337136, "h32": 7.446943331507152, "h64": 9.258801900204066}