{"ea": 833.6711088288483, "size": 702091, "h4": 3.861557201915998, "h8": 4.993806730956521, "h16": 6.2591744646205605, "h32": 7.975255139482934, "h64": 9.74402408440025}