{"ea": 3011.549329478774, "size": 1362829, "h4": 3.3208735980730895, "h8": 4.266514884691091, "h16": 5.733049679852625, "h32": 7.445196845665251, "h64": 9.276475155676307}