{"ea": 8703.478390696047, "size": 918686, "h4": 3.9600504567693533, "h8": 5.831676064707528, "h16": 7.485486419435773, "h32": 9.118108505161267, "h64": 10.845612199546348}