{"ea": 3845.2858946166643, "size": 138005, "h4": 3.999861077469749, "h8": 5.991068316062596, "h16": 6.028955522084, "h32": 7.246155113728792, "h64": 9.024452208754422}