{"ea": 2369.2648370441375, "size": 506856, "h4": 3.7853512259845075, "h8": 4.894437078648688, "h16": 6.026442947341481, "h32": 7.5256841653585225, "h64": 9.298175357673287}