{"ea": 5334.55149436264, "size": 695093, "h4": 3.7969769304122876, "h8": 5.439416279622275, "h16": 7.00064588033853, "h32": 8.624346801216811, "h64": 10.303924346872806}