{"ea": 10061.082557416748, "size": 1531646, "h4": 3.1008164153965057, "h8": 4.229361819429286, "h16": 5.81875281149831, "h32": 7.339794338806978, "h64": 8.936227177253437}