{"ea": 1237.941975271632, "size": 481294, "h4": 3.501162269380364, "h8": 4.4902304922231995, "h16": 5.8602639457726236, "h32": 7.564068617952497, "h64": 9.411973545831351}