{"ea": 8236.156546387168, "size": 555857, "h4": 3.9572143237417796, "h8": 5.755868686296213, "h16": 7.397135748749589, "h32": 9.116148479603886, "h64": 10.828008447654565}