{"ea": 8574.420771193161, "size": 1158191, "h4": 3.39936952110813, "h8": 4.334859981898603, "h16": 5.7355055304808396, "h32": 7.319005741323578, "h64": 9.025144457778747}