{"ea": 1382.5401087969667, "size": 504862, "h4": 3.500761992301262, "h8": 4.713935392900039, "h16": 5.893423181383871, "h32": 7.482962082721593, "h64": 9.269001369555983}