{"ea": 10723.748677036265, "size": 1184645, "h4": 3.882942916832389, "h8": 5.650451971494408, "h16": 7.281909982392918, "h32": 8.723204852003303, "h64": 10.323685120626372}