{"ea": 2740.2441219046227, "size": 1140334, "h4": 3.6994114701900487, "h8": 5.359772821678458, "h16": 6.980659483113479, "h32": 8.375118191022086, "h64": 9.82971082632542}