{"ea": 6652.114179821595, "size": 1056603, "h4": 3.8842963838139615, "h8": 5.226752860709226, "h16": 6.425801916995653, "h32": 7.794554108237088, "h64": 9.246818157402636}