{"ea": 10987.457120108435, "size": 1218326, "h4": 3.840032270704466, "h8": 5.3054191967030935, "h16": 6.625531195864596, "h32": 8.044050941544949, "h64": 9.680047323594353}