{"ea": 5299.400970630639, "size": 144985, "h4": 3.9995623330515517, "h8": 5.878566744448756, "h16": 6.321816541123729, "h32": 8.009149297146518, "h64": 9.866597343488902}