{"ea": 3319.2896271232726, "size": 138423, "h4": 3.97078127155215, "h8": 5.408510372296522, "h16": 6.033951260402643, "h32": 7.629852497731088, "h64": 9.510816421842035}