{"ea": 8993.439092149996, "size": 1715380, "h4": 3.420822127155379, "h8": 4.92600228578471, "h16": 6.473662231092456, "h32": 8.069880056201141, "h64": 9.669978986325432}