{"ea": 4503.236870471578, "size": 174825, "h4": 3.9515872811214523, "h8": 4.62096863558029, "h16": 5.621505068064917, "h32": 7.333415699151359, "h64": 9.192237407271556}