{"ea": 659.0690710842348, "size": 723202, "h4": 3.8760080135111066, "h8": 4.911761741789029, "h16": 5.9489615665700715, "h32": 7.617030138202113, "h64": 9.408376751032726}