{"ea": 6440.87635924271, "size": 1413052, "h4": 3.7769332472854584, "h8": 5.26459898164379, "h16": 6.768977019546785, "h32": 8.364633889853948, "h64": 10.078986293256431}