{"ea": 5819.245511539924, "size": 1519798, "h4": 3.5079076015501416, "h8": 4.997035233437494, "h16": 6.571419136887134, "h32": 7.962244586428927, "h64": 9.405500255350336}