{"ea": 2428.0408514549626, "size": 613146, "h4": 3.8036246419804227, "h8": 4.889341689818648, "h16": 5.917754526715305, "h32": 7.57847976054354, "h64": 9.371636487802517}