{"ea": 492.7769177276251, "size": 1445578, "h4": 3.969155568035159, "h8": 5.407608163547266, "h16": 6.1853470953599645, "h32": 7.86170798091716, "h64": 9.730793950223779}