{"ea": 2537.0459777322862, "size": 411549, "h4": 3.2669438122748757, "h8": 4.410462788159776, "h16": 5.7650162272565275, "h32": 7.522450403057334, "h64": 9.346525701372354}