{"ea": 9022.56491017602, "size": 2209408, "h4": 3.8821648146483305, "h8": 5.493328662057078, "h16": 7.202731246753173, "h32": 8.86161820128926, "h64": 10.548834548615766}