{"ea": 4357.663178272836, "size": 233062, "h4": 3.955206879154526, "h8": 4.895294435224121, "h16": 6.252369178523507, "h32": 7.9066736332179115, "h64": 9.706191163057852}