{"ea": 1175.4115913907344, "size": 1674917, "h4": 3.9031895295705747, "h8": 5.096843487900817, "h16": 5.940080902131028, "h32": 7.516673591520739, "h64": 9.286884219833505}