{"ea": 4706.707305895354, "size": 160129, "h4": 3.9996249601336546, "h8": 5.980581907450376, "h16": 6.2282099847807295, "h32": 7.530936385090962, "h64": 9.2383763451537}