{"ea": 5270.722300235787, "size": 199007, "h4": 3.4385232587293943, "h8": 4.3765753393030415, "h16": 5.805938875624159, "h32": 7.511698240483893, "h64": 9.371192527686741}