{"ea": 3037.971651541224, "size": 1359411, "h4": 3.9625166522607365, "h8": 5.801067385485252, "h16": 7.604211157625708, "h32": 9.189017300910471, "h64": 10.665624254820331}