{"ea": 1905.0045891213279, "size": 190415, "h4": 3.9997659899925098, "h8": 5.887675194742558, "h16": 5.9701468717621164, "h32": 7.496881916036219, "h64": 9.218682480496316}