{"ea": 10333.762486878522, "size": 1153228, "h4": 3.7399704982509423, "h8": 5.392704486454384, "h16": 7.000633831667372, "h32": 8.510275591250565, "h64": 10.117578534757335}