{"ea": 5351.984748882564, "size": 223235, "h4": 3.047448769224935, "h8": 3.80988363561658, "h16": 5.452932992909284, "h32": 7.142169325567274, "h64": 9.004779951610423}