{"ea": 3943.6250574873043, "size": 1144272, "h4": 3.7144757780509043, "h8": 5.222353942868677, "h16": 6.692775338588961, "h32": 8.099934752180719, "h64": 9.623939850062694}