{"ea": 2486.0136850141735, "size": 458474, "h4": 3.147678477415159, "h8": 4.426247521406223, "h16": 5.876968407182712, "h32": 7.590807604523988, "h64": 9.429388553737283}