{"ea": 12646.546765372092, "size": 1872994, "h4": 3.9562283434972505, "h8": 5.688888117458953, "h16": 7.170779341619777, "h32": 8.6070033211012, "h64": 10.258309895502679}