{"ea": 2180.610274618933, "size": 179957, "h4": 3.9359809774024317, "h8": 5.3919145588230135, "h16": 6.042948004698997, "h32": 7.742718214812255, "h64": 9.611002403563997}