{"ea": 8694.150809566387, "size": 196189, "h4": 3.9955358234642446, "h8": 5.560102589485919, "h16": 5.861186148076536, "h32": 7.3502504719444275, "h64": 9.093679377522669}