{"ea": 4721.29617701932, "size": 124529, "h4": 3.977354618678606, "h8": 5.825303658830318, "h16": 6.03462407573161, "h32": 7.55842001983633, "h64": 9.381900930829351}