{"ea": 519.2713603953987, "size": 2171000, "h4": 3.7973302596345784, "h8": 5.102804004606507, "h16": 6.593302437125427, "h32": 8.279659126077782, "h64": 10.093263095877315}