{"ea": 2115.2836152917203, "size": 1820534, "h4": 3.313885370964387, "h8": 4.659144136380873, "h16": 5.751217589788721, "h32": 7.371042751802654, "h64": 9.091486228053254}