{"ea": 2886.320017030371, "size": 173046, "h4": 3.9879469587498813, "h8": 5.330323036144934, "h16": 5.993648940672824, "h32": 7.658435218194503, "h64": 9.516977704402066}