{"ea": 6379.023506504261, "size": 1243993, "h4": 3.803552786648914, "h8": 5.531333298458989, "h16": 7.213318176485188, "h32": 8.591895181304366, "h64": 9.914429001505496}