{"ea": 2415.6081614757745, "size": 1229080, "h4": 3.8973936474677604, "h8": 5.576217301699856, "h16": 7.090765713466711, "h32": 8.654229828045182, "h64": 10.223897804564661}