{"ea": 2829.474022106622, "size": 255221, "h4": 3.968394033102541, "h8": 5.6850428365720465, "h16": 5.985662890271917, "h32": 7.420497236556323, "h64": 8.96593070759976}