{"ea": 3300.097187853528, "size": 793412, "h4": 3.6172183307023795, "h8": 5.000482762629, "h16": 6.3600111381203455, "h32": 8.053465852736785, "h64": 9.840936492472494}