{"ea": 543.1153944367672, "size": 1155338, "h4": 3.9474513077110513, "h8": 4.56047632420838, "h16": 5.618176470503535, "h32": 7.125523022171082, "h64": 8.810078976529994}