{"ea": 5155.01100856109, "size": 1193973, "h4": 3.617078992076151, "h8": 4.930218549109139, "h16": 6.269488720509406, "h32": 7.7831728471687125, "h64": 9.39037248197262}