{"ea": 11337.963855623128, "size": 864847, "h4": 3.7942333978082803, "h8": 5.503925603734201, "h16": 7.12802983135748, "h32": 8.631222983636695, "h64": 10.240146675113747}