{"ea": 1265.726076301708, "size": 640729, "h4": 2.918304444495642, "h8": 4.206270498410952, "h16": 5.784746535202049, "h32": 7.567675959062186, "h64": 9.411413940176963}