{"ea": 5366.402871314207, "size": 123419, "h4": 3.999749877347844, "h8": 5.984137378574111, "h16": 6.248864326870758, "h32": 7.75170736326308, "h64": 9.608870962706819}