{"ea": 467.08411640150746, "size": 3572219, "h4": 3.9833883804711743, "h8": 5.687980965324292, "h16": 6.859800909283686, "h32": 8.610816767597914, "h64": 10.483783612828514}