{"ea": 9180.371403769805, "size": 345363, "h4": 3.9268842615711854, "h8": 5.088575805133402, "h16": 6.240857434984148, "h32": 7.818464673516453, "h64": 9.592332720695047}