{"ea": 2540.4316096638345, "size": 185120, "h4": 3.989274242213039, "h8": 5.304415942333022, "h16": 6.129511995900753, "h32": 7.829650045529409, "h64": 9.715981445096794}