{"ea": 9533.336773287352, "size": 863420, "h4": 3.656493757776478, "h8": 5.239701163184655, "h16": 6.830017070101119, "h32": 8.419797467504534, "h64": 10.015684008810407}