{"ea": 536.1229081646994, "size": 2511631, "h4": 3.903362036244653, "h8": 5.0124965752334045, "h16": 6.5311823404837135, "h32": 8.245789621239044, "h64": 10.098653632447888}