{"ea": 1870.7980596772154, "size": 439582, "h4": 3.9771168863085413, "h8": 5.088085389655221, "h16": 6.405103651222008, "h32": 8.093280362790997, "h64": 9.92609099824772}