{"ea": 439.73465428588275, "size": 3684356, "h4": 3.4139321614213163, "h8": 4.392535276406235, "h16": 5.892466460548178, "h32": 7.629777120997961, "h64": 9.458096385118745}