{"ea": 7323.702395109185, "size": 1515184, "h4": 3.662655074511374, "h8": 5.052927513951371, "h16": 6.417876321089077, "h32": 7.912736416769385, "h64": 9.584308380859488}