{"ea": 3082.5438099090757, "size": 1180475, "h4": 3.8006434846417827, "h8": 5.2542846973986705, "h16": 6.792668035231173, "h32": 8.189365850498989, "h64": 9.797369269261871}