{"ea": 2873.014241871905, "size": 541285, "h4": 3.037000779839457, "h8": 4.299902953816771, "h16": 5.783428793173011, "h32": 7.539552067138368, "h64": 9.394449781175334}