{"ea": 2418.806098728877, "size": 350841, "h4": 3.9115519349544865, "h8": 4.84050350284584, "h16": 6.246668925480394, "h32": 8.001558720459878, "h64": 9.835700002322852}