{"ea": 6395.973393278637, "size": 1443880, "h4": 3.9516384966678997, "h8": 5.7416909066869595, "h16": 7.355178404744749, "h32": 8.765045131947328, "h64": 10.167893283566425}