{"ea": 7435.410748471552, "size": 953094, "h4": 3.762085016455177, "h8": 5.358859898833742, "h16": 6.867806497245379, "h32": 8.403154628018003, "h64": 10.075476264105564}