{"ea": 11466.570791373842, "size": 425862, "h4": 3.2105709007569985, "h8": 4.274624122961784, "h16": 5.810892745993768, "h32": 7.496035158429585, "h64": 9.251840589255494}