{"ea": 3529.4769416988756, "size": 232912, "h4": 3.9992795775289047, "h8": 5.827525016302619, "h16": 6.419060061454434, "h32": 7.965575063443716, "h64": 9.662484243494639}