{"ea": 6960.505469957111, "size": 1180059, "h4": 3.754609515247291, "h8": 5.247614878106735, "h16": 6.884139024948421, "h32": 8.374631461816094, "h64": 9.888128401500257}