{"ea": 2310.766600845592, "size": 1537953, "h4": 3.9997965956580837, "h8": 5.960330899826554, "h16": 6.166574586204266, "h32": 7.5378233614083205, "h64": 9.385086416907104}