{"ea": 7959.10579842838, "size": 642500, "h4": 3.5179771120615504, "h8": 4.70134699548512, "h16": 6.087658442636998, "h32": 7.8042007764439525, "h64": 9.512083581901397}