{"ea": 3086.398527563825, "size": 306503, "h4": 3.341022658440127, "h8": 4.161706054727557, "h16": 5.602690814822024, "h32": 7.340559811552263, "h64": 9.182779650407376}