{"ea": 5356.804733519389, "size": 111775, "h4": 3.999758472854679, "h8": 5.991727862219774, "h16": 6.019225456787218, "h32": 7.462616647658392, "h64": 9.16519022442049}