{"ea": 2238.477036819811, "size": 1106255, "h4": 3.6674428414143168, "h8": 5.473090965833266, "h16": 7.137298760641013, "h32": 8.678480271894475, "h64": 10.284330177117926}