{"ea": 7117.567056163621, "size": 967591, "h4": 3.8985977052526257, "h8": 5.6904356071521836, "h16": 7.393976304924781, "h32": 8.968209936708599, "h64": 10.558152575473594}