{"ea": 10986.081529164534, "size": 1144755, "h4": 3.829263628898718, "h8": 5.329659950366592, "h16": 6.831829730970287, "h32": 8.393059087036168, "h64": 10.01007129968933}