{"ea": 2814.814806457125, "size": 1035169, "h4": 3.9328759012237957, "h8": 5.728815223723909, "h16": 7.351542457421055, "h32": 8.85855624962582, "h64": 10.440522198416193}