{"ea": 5521.049937187412, "size": 1325416, "h4": 3.619378976742449, "h8": 5.353295054399197, "h16": 6.8730475135211595, "h32": 8.43262662516707, "h64": 9.981232263042052}