{"ea": 10804.510704370517, "size": 1087039, "h4": 3.863262059788757, "h8": 5.2820924444353725, "h16": 6.53516499380372, "h32": 8.033757338006792, "h64": 9.60688959362502}