{"ea": 4268.965323139821, "size": 1918290, "h4": 3.4648833238658674, "h8": 4.811059221711025, "h16": 6.232378026718798, "h32": 7.761248603292027, "h64": 9.27517964685385}