{"ea": 4265.7219789794435, "size": 153987, "h4": 3.992319743283062, "h8": 5.481354834128703, "h16": 6.227091491920801, "h32": 7.799175500432509, "h64": 9.647288759576183}