{"ea": 9116.63304826801, "size": 944881, "h4": 3.8566244301173027, "h8": 5.559285907875539, "h16": 7.26331823000919, "h32": 8.808498781733471, "h64": 10.457302033998811}