{"ea": 1729.180490327009, "size": 722072, "h4": 3.3960192118457897, "h8": 4.251315532377298, "h16": 5.524244558770983, "h32": 7.17950541278932, "h64": 8.933466183704116}