{"ea": 5424.790363203257, "size": 347080, "h4": 3.9227944520870386, "h8": 5.045519548996115, "h16": 6.058374732742498, "h32": 7.497690094088782, "h64": 9.25650024053532}