{"ea": 10557.819478998586, "size": 1098541, "h4": 3.925830199731622, "h8": 5.650769112024899, "h16": 7.131673416737316, "h32": 8.504294853770805, "h64": 9.973322073743994}