{"ea": 11351.187897192833, "size": 431962, "h4": 3.955639674379619, "h8": 5.269359021653575, "h16": 6.843312480513663, "h32": 8.457318815111565, "h64": 10.186948096519789}