{"ea": 5255.694129073242, "size": 1041798, "h4": 3.830196537027181, "h8": 5.380974156864175, "h16": 6.7919451297601885, "h32": 8.223030442475155, "h64": 9.771335544864002}