{"ea": 5381.235651159144, "size": 144831, "h4": 3.8599486498366895, "h8": 5.2783502469293175, "h16": 5.894029821579861, "h32": 7.573361254580533, "h64": 9.406510747112197}