{"ea": 5392.964161308351, "size": 371746, "h4": 3.073800933676165, "h8": 4.01301795042402, "h16": 5.4731239135474485, "h32": 7.189887824518969, "h64": 8.99323976033989}