{"ea": 4016.9886992356123, "size": 312318, "h4": 3.683683600917327, "h8": 4.866069315061283, "h16": 5.794941608115273, "h32": 7.346239469417346, "h64": 9.14178562750708}