{"ea": 5621.8312449813, "size": 1027036, "h4": 3.3419935156737255, "h8": 4.287704274508382, "h16": 5.7731663651020035, "h32": 7.43506894951442, "h64": 9.133606875047718}