{"ea": 922.6541810588973, "size": 672668, "h4": 3.6559036855212956, "h8": 4.697566246024179, "h16": 6.129108944734572, "h32": 7.837171962311881, "h64": 9.677562739472915}