{"ea": 5333.257875761257, "size": 328996, "h4": 3.0984708574887496, "h8": 4.1150744121639224, "h16": 5.513992792662581, "h32": 7.182812189704078, "h64": 8.985575773975429}