{"ea": 11820.061838559473, "size": 1139302, "h4": 3.939662412935922, "h8": 5.540517502942173, "h16": 6.944144247270681, "h32": 8.424963193307715, "h64": 10.01649159119625}