{"ea": 2551.2936419930584, "size": 445847, "h4": 3.999831044413149, "h8": 5.892392528478826, "h16": 6.188861555512145, "h32": 7.769653541010564, "h64": 9.575379008029673}