{"ea": 3129.954124977199, "size": 324152, "h4": 3.7555391572108485, "h8": 4.484138336314524, "h16": 5.849190241711476, "h32": 7.518986681612345, "h64": 9.337311716153625}