{"ea": 9302.025799949008, "size": 1095416, "h4": 3.9073256791044013, "h8": 5.676224173680407, "h16": 7.329680491028512, "h32": 8.812075193439178, "h64": 10.367035353585688}