{"ea": 8721.234493258517, "size": 1306071, "h4": 3.923384650077238, "h8": 5.637371912020344, "h16": 7.109741402985928, "h32": 8.50884913708332, "h64": 10.014385341619816}