{"ea": 8983.402751979604, "size": 1402014, "h4": 3.6525298035133504, "h8": 5.383812014690833, "h16": 6.999684697834502, "h32": 8.467854920027218, "h64": 10.02840245927472}