{"ea": 3632.508088605182, "size": 1173285, "h4": 3.909826323369278, "h8": 5.748561557691194, "h16": 7.419207942926256, "h32": 8.899189268315371, "h64": 10.433227147302045}