{"ea": 9187.418987169729, "size": 1124564, "h4": 3.820062882982452, "h8": 5.2278014910834685, "h16": 6.737282123533652, "h32": 8.197977059387004, "h64": 9.775758864029093}