{"ea": 3308.330581686658, "size": 809560, "h4": 3.824883218150419, "h8": 5.619037623682425, "h16": 7.341553301352212, "h32": 8.99752506776645, "h64": 10.675209948305575}