{"ea": 7592.728218645988, "size": 1110738, "h4": 3.6232210821504305, "h8": 5.287336837957891, "h16": 6.834819718990518, "h32": 8.461941861748091, "h64": 10.162473827923703}