{"ea": 5824.045821884358, "size": 1093516, "h4": 3.5916794561207848, "h8": 4.957800611892857, "h16": 6.488548871269673, "h32": 8.20739729940447, "h64": 9.992777724883542}