{"ea": 4650.597918939536, "size": 119538, "h4": 3.999491727029617, "h8": 5.987497606202394, "h16": 6.165867125601382, "h32": 7.688080268806215, "h64": 9.545564687539299}