{"ea": 7033.585789457335, "size": 1238149, "h4": 3.9023535718989706, "h8": 5.656614866999117, "h16": 7.409694356573317, "h32": 9.048369697450314, "h64": 10.739427539341488}