{"ea": 5380.065855109592, "size": 1212824, "h4": 3.906320205829955, "h8": 5.611759863780853, "h16": 7.1391134246221215, "h32": 8.62161580199109, "h64": 10.158863375329346}