{"ea": 329.2916862104508, "size": 1909491, "h4": 3.9951355452844153, "h8": 5.199535801887228, "h16": 5.723642716046938, "h32": 7.141874477112661, "h64": 8.838939581081114}