{"ea": 3934.005544074206, "size": 1085934, "h4": 3.192314516968048, "h8": 4.46616596918075, "h16": 6.064832268617821, "h32": 7.764438251746027, "h64": 9.477938789333185}