{"ea": 3039.3560643102387, "size": 143283, "h4": 3.9969251024182393, "h8": 5.581535214532352, "h16": 6.044928008473515, "h32": 7.5949555887606515, "h64": 9.46082112759048}