{"ea": 703.103998412549, "size": 767953, "h4": 3.6613885968172113, "h8": 4.459256093606873, "h16": 5.778906381161592, "h32": 7.492432796708499, "h64": 9.352749656698197}