{"ea": 2265.96149397499, "size": 800285, "h4": 3.3974052783844177, "h8": 4.002491144929978, "h16": 5.4030944360018225, "h32": 7.075289727646686, "h64": 8.88971384977979}