{"ea": 1094.3981783876543, "size": 2823649, "h4": 3.984651197379163, "h8": 5.871342653246464, "h16": 6.482044616931249, "h32": 7.895471304028858, "h64": 9.755631273897837}