{"ea": 6233.475805417081, "size": 294114, "h4": 3.652960361635021, "h8": 4.519863835675258, "h16": 6.010120485341105, "h32": 7.685593370870617, "h64": 9.48673352742852}