{"ea": 11834.894628086899, "size": 768896, "h4": 2.8037804095807615, "h8": 3.7262379993811185, "h16": 5.23221723612831, "h32": 6.945402966337603, "h64": 8.689966301692262}