{"ea": 4202.6089812514965, "size": 139649, "h4": 3.998815638881551, "h8": 5.800856917389186, "h16": 5.986975775100763, "h32": 7.541769143633893, "h64": 9.307377807335595}