{"ea": 11776.379197436727, "size": 763473, "h4": 3.70398490594101, "h8": 5.37311894384267, "h16": 7.060844612251319, "h32": 8.601691524789505, "h64": 10.232293845676178}