{"ea": 11003.668961186886, "size": 1565891, "h4": 3.963394302156621, "h8": 5.818662786661299, "h16": 7.54944939235577, "h32": 9.254937015535246, "h64": 10.844128773488526}