{"ea": 800.7968808929836, "size": 1146558, "h4": 3.7607429644215635, "h8": 5.283676653117425, "h16": 6.633633102335034, "h32": 8.192849248556419, "h64": 9.906445811795221}