{"ea": 5387.694103225048, "size": 107817, "h4": 3.9998588055851467, "h8": 5.981342636025255, "h16": 5.9987674449181565, "h32": 7.33154493524842, "h64": 9.112687230159645}