{"ea": 5480.825115846746, "size": 118448, "h4": 3.9998456927852493, "h8": 5.99560281842067, "h16": 6.37507217688489, "h32": 8.102426869685347, "h64": 9.991277930133418}