{"ea": 3747.793586147501, "size": 1869764, "h4": 3.1880029060958073, "h8": 4.383878283527977, "h16": 5.769353062671347, "h32": 7.452114148791271, "h64": 9.200142247551035}