{"ea": 11197.081651942557, "size": 1230426, "h4": 3.8390592267151487, "h8": 5.534319392630678, "h16": 7.249314666014057, "h32": 8.760702175068293, "h64": 10.35680107708658}