{"ea": 7177.461350500308, "size": 939209, "h4": 3.7253177221189393, "h8": 5.469285419598888, "h16": 7.043855864457093, "h32": 8.575548149992873, "h64": 10.282200732566741}