{"ea": 5437.9865742009915, "size": 175195, "h4": 3.9977445091954165, "h8": 5.21585844521637, "h16": 5.974255577525948, "h32": 7.702893792567998, "h64": 9.5458791391465}