{"ea": 2508.279181409375, "size": 164700, "h4": 3.8620176477167933, "h8": 5.083377886921905, "h16": 6.097921968006708, "h32": 7.819355258196535, "h64": 9.675746881511099}