{"ea": 551.0283264510675, "size": 815764, "h4": 3.5495527686015076, "h8": 4.821203155880461, "h16": 6.241218902575658, "h32": 7.93638622182343, "h64": 9.715752548375441}