{"ea": 5321.758756213525, "size": 218995, "h4": 3.979906550772505, "h8": 5.374306763798097, "h16": 6.418892253493189, "h32": 8.08370244541412, "h64": 9.940464365811595}