{"ea": 321.37594207144105, "size": 1367305, "h4": 3.7072268002010906, "h8": 4.580384312998513, "h16": 5.853167682772531, "h32": 7.568841147280384, "h64": 9.461721192422745}