{"ea": 5972.924490747682, "size": 1344786, "h4": 3.7714561562044833, "h8": 5.399069313222228, "h16": 6.971423303886432, "h32": 8.511313448427607, "h64": 10.095882725541177}