{"ea": 13827.621781029704, "size": 854246, "h4": 3.7493675478826223, "h8": 5.61531420625758, "h16": 7.385203738847828, "h32": 8.973213269416139, "h64": 10.557484816416157}