{"ea": 8523.638567397838, "size": 900251, "h4": 3.926656502578296, "h8": 5.725611992476915, "h16": 7.239445347962694, "h32": 8.703834575670918, "h64": 10.299644378424045}