{"ea": 3496.637468482831, "size": 1050785, "h4": 3.8661225331102216, "h8": 5.570742450619328, "h16": 7.170977084015256, "h32": 8.649210839751266, "h64": 10.137719566185446}