{"ea": 5630.84801417013, "size": 1013882, "h4": 3.1706565425232824, "h8": 4.36430517003839, "h16": 5.913607687470336, "h32": 7.532992588467588, "h64": 9.167445094465156}