{"ea": 3312.5953402427112, "size": 938436, "h4": 3.6216800486256373, "h8": 5.086566918792769, "h16": 6.710581439625576, "h32": 8.228213709665066, "h64": 9.907701809807866}