{"ea": 2848.8962550109354, "size": 585146, "h4": 3.7850746224615177, "h8": 4.559417639287057, "h16": 5.968556880161362, "h32": 7.724296639185383, "h64": 9.59080474755485}