{"ea": 4367.957671509799, "size": 180500, "h4": 3.9983494785566602, "h8": 5.444028578889598, "h16": 6.061559849495318, "h32": 7.692600522643511, "h64": 9.565372148973236}