{"ea": 7138.885638321768, "size": 474196, "h4": 3.936338683932913, "h8": 5.3872274154181445, "h16": 6.704078585934203, "h32": 8.421302177873658, "h64": 10.15997546654955}