{"ea": 3491.256210353773, "size": 1220374, "h4": 3.796124899377044, "h8": 5.359003211115551, "h16": 6.9384772105275765, "h32": 8.440554857901368, "h64": 9.972523474224719}