{"ea": 1082.507052805493, "size": 442685, "h4": 3.892859373168001, "h8": 5.0071355365840295, "h16": 6.399568016080462, "h32": 8.092568780588397, "h64": 9.922191523415393}