{"ea": 9341.808362437561, "size": 1010257, "h4": 3.858181751858829, "h8": 5.233238068528242, "h16": 6.467160657878857, "h32": 7.853144693795395, "h64": 9.39228304616787}