{"ea": 3847.9425288078887, "size": 1135032, "h4": 3.9229146367432817, "h8": 5.676056221219191, "h16": 7.328415239562268, "h32": 8.862955941201452, "h64": 10.326034297413834}