{"ea": 4152.128985154722, "size": 416923, "h4": 3.9311733758618317, "h8": 5.284927456577102, "h16": 6.268087196334062, "h32": 7.999976215417657, "h64": 9.827204144049798}