{"ea": 520.3777281415763, "size": 816279, "h4": 2.765118012262003, "h8": 3.7860060336012635, "h16": 5.282628742221647, "h32": 7.051512096799261, "h64": 8.937810553442668}