{"ea": 2797.348794432333, "size": 212250, "h4": 3.968103387563612, "h8": 5.247402667003851, "h16": 5.986009653623864, "h32": 7.586457319947121, "h64": 9.42277664059502}