{"ea": 8606.582255993102, "size": 845446, "h4": 3.86180587017167, "h8": 5.539339958787776, "h16": 7.075909070753451, "h32": 8.676158804764416, "h64": 10.39362428682093}