{"ea": 5812.00980467533, "size": 949919, "h4": 3.8560400933091366, "h8": 5.6133219264954874, "h16": 6.926444045953455, "h32": 8.413510237124427, "h64": 10.090399102120559}