{"ea": 5858.8970359198365, "size": 1055025, "h4": 2.745246947606137, "h8": 4.3612273539723585, "h16": 6.022485370728238, "h32": 7.633653634335328, "h64": 9.313836135441377}