{"ea": 2232.6204465823726, "size": 502144, "h4": 3.110319407830446, "h8": 4.342180364637796, "h16": 5.847795419575401, "h32": 7.605361412388298, "h64": 9.4296717831242}