{"ea": 3685.3970604945625, "size": 569200, "h4": 3.31026841350255, "h8": 4.064772362645391, "h16": 5.499924492856254, "h32": 7.219523736271927, "h64": 9.016217322787929}