{"ea": 3718.47466740025, "size": 124881, "h4": 3.999711699193007, "h8": 5.98844280249228, "h16": 6.068506531372103, "h32": 7.502063106876191, "h64": 9.289266225383372}