{"ea": 9480.652319090186, "size": 1068790, "h4": 3.0303306717722664, "h8": 4.0854553464324646, "h16": 5.539331509104049, "h32": 7.194510229924365, "h64": 8.90626325151602}