{"ea": 616.8898568348174, "size": 2662668, "h4": 3.8542312029350123, "h8": 4.915158677051338, "h16": 6.361111281493173, "h32": 8.160019825069995, "h64": 10.067300452585773}