{"ea": 11877.061546703908, "size": 1489918, "h4": 3.824858321531748, "h8": 5.218882933349544, "h16": 6.717190222818219, "h32": 8.190556811157627, "h64": 9.656982004079536}