{"ea": 4610.806246921114, "size": 141974, "h4": 3.999815062462828, "h8": 5.955771001720976, "h16": 5.9918062721080805, "h32": 7.562045429033185, "h64": 9.310475728590134}