{"ea": 8487.626171786855, "size": 671448, "h4": 3.76734787205539, "h8": 5.456792574351761, "h16": 7.098886077841007, "h32": 8.716302808230399, "h64": 10.417838145469332}