{"ea": 1569.5707521031484, "size": 500914, "h4": 3.678314044628558, "h8": 4.4193460634678985, "h16": 5.809023382774725, "h32": 7.499892677567516, "h64": 9.332887438764127}