{"ea": 7680.597056857876, "size": 1283176, "h4": 3.637802671254371, "h8": 5.081968380210965, "h16": 6.641048364604747, "h32": 8.214364022203792, "h64": 9.804848139994258}