{"ea": 5644.299033366113, "size": 1053432, "h4": 3.8720391523280226, "h8": 5.47646763314277, "h16": 6.9299503986355315, "h32": 8.42724555757379, "h64": 9.943286363998062}