{"ea": 7636.529842283039, "size": 1022165, "h4": 3.066498559329946, "h8": 4.560431709399116, "h16": 5.8921890932010195, "h32": 7.528214623294146, "h64": 9.238460493727713}