{"ea": 2518.470748675163, "size": 176917, "h4": 3.8797573935757725, "h8": 5.453890544571395, "h16": 5.973258628354513, "h32": 7.654978253856166, "h64": 9.471868852777124}