{"ea": 7262.7453910551, "size": 1010727, "h4": 3.2650851832550956, "h8": 4.497751081027834, "h16": 6.013754190145468, "h32": 7.553446160760768, "h64": 9.15427186083187}