{"ea": 8450.950106462355, "size": 1358060, "h4": 3.9364105673826755, "h8": 5.72809630984547, "h16": 7.385466164735838, "h32": 8.864757481825427, "h64": 10.294288321761325}