{"ea": 6797.244180580549, "size": 1081930, "h4": 3.9110235904326283, "h8": 5.502852264848248, "h16": 6.955122699234204, "h32": 8.542578074789478, "h64": 10.202667871661227}