{"ea": 6479.61406036172, "size": 1138215, "h4": 3.708064983902781, "h8": 5.590940690215468, "h16": 7.339849488587352, "h32": 8.95272462843882, "h64": 10.556496133962634}