{"ea": 3638.0824501358024, "size": 1354188, "h4": 3.6885479938413033, "h8": 5.240289045869625, "h16": 6.646173841127261, "h32": 8.138017323969088, "h64": 9.645906360034502}