{"ea": 1386.373915694911, "size": 852739, "h4": 3.454274458116955, "h8": 4.052532816816797, "h16": 5.540898344955433, "h32": 7.232405066338981, "h64": 9.061674730601428}