{"ea": 7843.568961051494, "size": 677680, "h4": 3.7626723725865867, "h8": 5.0733532675600905, "h16": 6.72833435740091, "h32": 8.406477652576, "h64": 10.055604551981117}