{"ea": 2354.094147012381, "size": 310039, "h4": 3.7556499812616044, "h8": 4.509126193668687, "h16": 5.778799569487827, "h32": 7.5084907037562285, "h64": 9.365500807966638}