{"ea": 4478.575995696182, "size": 167013, "h4": 3.9974127780616864, "h8": 5.640917050020967, "h16": 6.277218832784184, "h32": 7.849895223767666, "h64": 9.733448947784394}