{"ea": 4603.096094164071, "size": 1891102, "h4": 3.8345654135767226, "h8": 5.306897984448702, "h16": 6.709232542637922, "h32": 8.116283148632911, "h64": 9.620896152416165}