{"ea": 4637.757948072626, "size": 231382, "h4": 3.9965845778633127, "h8": 5.152272095974993, "h16": 6.18694765626833, "h32": 7.872792963917508, "h64": 9.598202113111402}