{"ea": 11794.236836359703, "size": 746157, "h4": 3.4503082029205534, "h8": 4.836595218844204, "h16": 6.436638631798923, "h32": 8.117609403766926, "h64": 9.842989944649005}