{"ea": 3525.321214535794, "size": 1014838, "h4": 3.861175399949724, "h8": 5.48717927598922, "h16": 7.203999042496804, "h32": 8.851827423200747, "h64": 10.454987151242662}