{"ea": 3592.771024242192, "size": 1638070, "h4": 3.353729584757908, "h8": 4.800346886230734, "h16": 6.236768028658802, "h32": 7.706498865107678, "h64": 9.266872718739641}