{"ea": 8378.102973460604, "size": 1183934, "h4": 3.907833413098764, "h8": 5.647928009364847, "h16": 7.088492528429414, "h32": 8.52644045930046, "h64": 10.069307557674428}