{"ea": 5101.175235542712, "size": 1056102, "h4": 3.9475542133809842, "h8": 5.7108185822034425, "h16": 7.22128095804244, "h32": 8.688621671073687, "h64": 10.308484531705313}