{"ea": 1787.2891278651252, "size": 522097, "h4": 3.1971897947066528, "h8": 4.582130509355651, "h16": 5.705777003494731, "h32": 7.418576063987074, "h64": 9.209173035906987}