{"ea": 2491.634617077349, "size": 428582, "h4": 3.999713717639948, "h8": 5.889206493442897, "h16": 5.949597848104419, "h32": 7.4497038162010885, "h64": 9.127177842276161}