{"ea": 5375.305803008515, "size": 118774, "h4": 3.999599355554207, "h8": 5.993360924725957, "h16": 5.993366826685927, "h32": 7.329161159451813, "h64": 8.954730087062693}