{"ea": 2462.6465147462563, "size": 303483, "h4": 3.7529008485608615, "h8": 4.461185326654624, "h16": 5.6291378092230655, "h32": 7.20839343115288, "h64": 8.974499089674875}