{"ea": 3747.631599982054, "size": 178706, "h4": 3.8733263422660054, "h8": 5.479601331718154, "h16": 5.966438183854031, "h32": 7.5680565682423175, "h64": 9.410684179065324}