{"ea": 2499.2486291644973, "size": 585115, "h4": 3.262070921760487, "h8": 4.432016484171923, "h16": 5.638023403758636, "h32": 7.288468974011391, "h64": 9.083009239491949}