{"ea": 8644.881480601012, "size": 662737, "h4": 3.3159715378798618, "h8": 4.753845878781529, "h16": 6.41470290112008, "h32": 8.072599459171009, "h64": 9.764115957020545}