{"ea": 9962.97070194294, "size": 884101, "h4": 3.8268350745784714, "h8": 5.219348930045557, "h16": 6.885834266780334, "h32": 8.50391466712911, "h64": 10.125516254722633}