{"ea": 2554.6983581673394, "size": 656513, "h4": 3.724003519416625, "h8": 4.710232204118691, "h16": 6.109188263307076, "h32": 7.771018456470422, "h64": 9.600306749665934}