{"ea": 3756.7685018855063, "size": 163375, "h4": 3.9997250594942595, "h8": 5.925096602874194, "h16": 6.129233239841991, "h32": 7.823973528440579, "h64": 9.650854622195645}