{"ea": 5450.608694910559, "size": 116842, "h4": 3.9998153719815677, "h8": 5.995887062383134, "h16": 6.116558613946401, "h32": 7.804768927441186, "h64": 9.653330427634991}