{"ea": 5315.57019312903, "size": 203034, "h4": 3.9963808405408803, "h8": 4.657999048865329, "h16": 5.93281741796689, "h32": 7.6230915919025275, "h64": 9.493440752606741}