{"ea": 8520.603715364286, "size": 1420209, "h4": 3.5160795106767426, "h8": 5.0327653037572215, "h16": 6.471801138855135, "h32": 7.979910485474804, "h64": 9.488078532163856}