{"ea": 9661.10869707961, "size": 1081018, "h4": 3.9491424437362372, "h8": 5.504248950751004, "h16": 7.060292197508549, "h32": 8.558084661909248, "h64": 10.142684670270185}