{"ea": 5260.43822224398, "size": 123154, "h4": 3.99970038534139, "h8": 5.975247843010401, "h16": 6.271651811153897, "h32": 7.8444579494046875, "h64": 9.669330115245055}