{"ea": 5453.009451020988, "size": 144628, "h4": 3.9995972685208407, "h8": 5.9594721176458965, "h16": 6.318511187321839, "h32": 8.034187648089485, "h64": 9.87326289368489}