{"ea": 3716.7990855031535, "size": 231158, "h4": 3.956728791075963, "h8": 5.6717555518654965, "h16": 5.8783962075839415, "h32": 6.574857741562815, "h64": 8.359251079063961}