{"ea": 3257.587603702362, "size": 1147099, "h4": 3.8578542961346787, "h8": 5.624100591766384, "h16": 7.25386397588553, "h32": 8.817172380272023, "h64": 10.40664311377555}