{"ea": 5407.649562051315, "size": 135687, "h4": 3.9832975578700274, "h8": 5.4774736432725994, "h16": 6.57451765347367, "h32": 8.316094258433514, "h64": 10.23078407354381}