{"ea": 648.7823480426141, "size": 1588793, "h4": 3.5021640392073, "h8": 4.433914913983454, "h16": 5.810407892320293, "h32": 7.538793058381806, "h64": 9.391836850697995}