{"ea": 4562.876068214341, "size": 191406, "h4": 3.9961619708602383, "h8": 5.965271698205552, "h16": 6.884355193018559, "h32": 8.224444703045476, "h64": 10.061692474081953}