{"ea": 8677.46616616588, "size": 708688, "h4": 3.179835504229489, "h8": 4.741615416094146, "h16": 6.352603394214541, "h32": 8.076733183879032, "h64": 9.77053715917204}