{"ea": 9634.99044874514, "size": 1233605, "h4": 3.723435991619829, "h8": 5.397344668926509, "h16": 6.8281300852054105, "h32": 8.183300544367247, "h64": 9.695325457697248}