{"ea": 4469.15598443184, "size": 1054180, "h4": 3.8585733703067597, "h8": 5.477169130217538, "h16": 6.950276390277581, "h32": 8.43787175150766, "h64": 10.051821134792604}