{"ea": 7482.494341315407, "size": 1163658, "h4": 3.7228630997156014, "h8": 5.180025473057084, "h16": 6.339753743299962, "h32": 7.729961047180153, "h64": 9.345801594218688}