{"ea": 3035.41130959151, "size": 229716, "h4": 3.75718368424068, "h8": 5.018371425171191, "h16": 5.913523750461492, "h32": 7.436385303330873, "h64": 9.168217396441644}