{"ea": 1486.1325069046277, "size": 514331, "h4": 3.90760690746088, "h8": 4.7697128292220565, "h16": 5.955985325172739, "h32": 7.646547072433977, "h64": 9.45479052376725}