{"ea": 5085.266725054359, "size": 2701854, "h4": 3.781699613862573, "h8": 5.000045648233503, "h16": 6.111542449331095, "h32": 7.519802382182205, "h64": 9.231700843159956}