{"ea": 2456.0493696299177, "size": 674861, "h4": 3.5613570276655584, "h8": 4.910268594934607, "h16": 6.229977513474254, "h32": 7.8085871430463705, "h64": 9.572496045864215}