{"ea": 11585.189648072965, "size": 593497, "h4": 3.3926210054286807, "h8": 4.9673880690546115, "h16": 6.618819837747045, "h32": 8.28304542903355, "h64": 9.991284878234605}