{"ea": 4511.438804392833, "size": 1449988, "h4": 3.5993658430067628, "h8": 4.869969852347593, "h16": 6.201804024411015, "h32": 7.731936183008035, "h64": 9.288982700103666}