{"ea": 6306.267675343975, "size": 474954, "h4": 3.8697492274825285, "h8": 4.886113532836629, "h16": 6.3236692619796155, "h32": 8.082498838676122, "h64": 9.870423325651984}