{"ea": 427.67573361802835, "size": 2649971, "h4": 3.577147256169895, "h8": 4.700883360405777, "h16": 6.141359366038871, "h32": 7.81666363547899, "h64": 9.582477144598265}