{"ea": 2651.1777512325343, "size": 633850, "h4": 3.837494948211097, "h8": 5.190689232793416, "h16": 5.951507338301724, "h32": 7.506328637818579, "h64": 9.25624243636593}