{"ea": 4295.641019440925, "size": 571172, "h4": 3.6710870157757887, "h8": 4.737935423092318, "h16": 6.0530229053190965, "h32": 7.458445898119579, "h64": 9.126716456812531}