{"ea": 1669.9348787649205, "size": 883048, "h4": 3.758925989174091, "h8": 4.45498687479514, "h16": 5.985299414741025, "h32": 7.682698032822329, "h64": 9.469887383885437}