{"ea": 8427.916240700923, "size": 853801, "h4": 3.5482005041826765, "h8": 4.420496868695219, "h16": 5.90656098864618, "h32": 7.6092632319941576, "h64": 9.278468445477998}