{"ea": 2388.0319058064497, "size": 661626, "h4": 3.1991877851141894, "h8": 4.466858351423834, "h16": 6.110666127640521, "h32": 7.870567578425251, "h64": 9.701628402983632}