{"ea": 3811.5725353069633, "size": 281648, "h4": 3.9134307468914353, "h8": 5.159041094923564, "h16": 5.937133131643039, "h32": 7.571693311952207, "h64": 9.399479995406553}