{"ea": 10358.680737727047, "size": 847766, "h4": 3.8623308048125757, "h8": 5.651414767670356, "h16": 7.197218019485456, "h32": 8.68564517804057, "h64": 10.234542992162378}