{"ea": 11036.767600848212, "size": 576948, "h4": 3.748617523940176, "h8": 5.308991243157722, "h16": 6.968278902648436, "h32": 8.644274888668427, "h64": 10.402756794365132}