{"ea": 8239.747066766831, "size": 1083810, "h4": 3.8792070713119156, "h8": 5.4406934751406535, "h16": 7.003537223706903, "h32": 8.570868158519977, "h64": 10.221661182779531}