{"ea": 2599.036239630007, "size": 1818367, "h4": 3.772304135882524, "h8": 5.278980809882589, "h16": 6.751113494045743, "h32": 8.089872567802567, "h64": 9.580511903308485}