{"ea": 9051.44818149232, "size": 1202040, "h4": 3.6963360003367174, "h8": 5.239214433172499, "h16": 6.6601717197025465, "h32": 7.9922672220037425, "h64": 9.43575590340373}