{"ea": 6522.3915675914295, "size": 931477, "h4": 3.680166019546146, "h8": 4.885535509596153, "h16": 6.355586840410383, "h32": 7.8879104491771335, "h64": 9.463493723763026}