{"ea": 11520.589418665508, "size": 664351, "h4": 3.5774932146363425, "h8": 4.970631833289044, "h16": 6.469118724479053, "h32": 8.043102932519398, "h64": 9.691702294572348}