{"ea": 5189.848975195685, "size": 145737, "h4": 3.9952237654233427, "h8": 5.3608608509677005, "h16": 6.022425449822993, "h32": 7.717166416701096, "h64": 9.602047416938644}