{"ea": 5354.650695793672, "size": 462466, "h4": 3.975492393359425, "h8": 4.787058794574428, "h16": 6.313326575652185, "h32": 7.999442605296481, "h64": 9.585624470538965}