{"ea": 12611.118156581564, "size": 797833, "h4": 3.7913797404885607, "h8": 5.273376191219722, "h16": 6.473176887135017, "h32": 7.798818183222876, "h64": 9.390939301881414}