{"ea": 9549.705049986365, "size": 570349, "h4": 3.61367587623272, "h8": 5.142654749233531, "h16": 6.778966599169335, "h32": 8.435848553727617, "h64": 10.201360776173727}