{"ea": 5017.493040754909, "size": 117220, "h4": 3.9996919245448206, "h8": 5.986087525896714, "h16": 6.103679337381161, "h32": 7.416607936751344, "h64": 9.251984428434028}