{"ea": 8614.061878736948, "size": 687688, "h4": 3.299978131581239, "h8": 4.3139593344153955, "h16": 5.9266217146740345, "h32": 7.634186649954854, "h64": 9.330641937146225}