{"ea": 4928.744911763768, "size": 828406, "h4": 3.939342301635441, "h8": 5.775233277343055, "h16": 7.529190127150032, "h32": 9.238292923551377, "h64": 10.988007736842647}