{"ea": 864.9963321240334, "size": 1274078, "h4": 3.3990577078703765, "h8": 4.456680380255352, "h16": 5.567052046919067, "h32": 7.092822040905707, "h64": 8.789119423248632}