{"ea": 1581.593872710695, "size": 2650268, "h4": 3.9993125782947994, "h8": 5.704322461036293, "h16": 6.2428883506660275, "h32": 7.864921853630086, "h64": 9.67347800235113}