{"ea": 11710.082634705763, "size": 739845, "h4": 3.685102367221596, "h8": 5.224330282792229, "h16": 6.8442391303412835, "h32": 8.395954720149183, "h64": 9.956473778360994}