{"ea": 9893.241099313382, "size": 1009911, "h4": 3.909299553185362, "h8": 5.669643875886331, "h16": 7.153154564146249, "h32": 8.668859666949237, "h64": 10.28714035863433}