{"ea": 11375.361481299356, "size": 558204, "h4": 3.711882671437586, "h8": 4.9449182198633315, "h16": 6.648735382666362, "h32": 8.358665197877228, "h64": 10.122490506730323}