{"ea": 5349.230785585536, "size": 107741, "h4": 3.9996394819575785, "h8": 5.94652074570646, "h16": 6.05091956467458, "h32": 7.75195862220864, "h64": 9.575614397834084}