{"ea": 1557.3440347040937, "size": 2074685, "h4": 3.6407401408380298, "h8": 4.95067577409446, "h16": 6.376294034600027, "h32": 8.149856321292084, "h64": 10.01311560051427}