{"ea": 9741.614536216475, "size": 1593248, "h4": 3.5849220657449297, "h8": 4.919454720177491, "h16": 6.328367706716058, "h32": 7.850113226023007, "h64": 9.390953910542903}