{"ea": 8564.512355298124, "size": 911203, "h4": 3.8455489122034194, "h8": 5.541128108604949, "h16": 6.9239073799104265, "h32": 8.390295128267466, "h64": 10.003518092664777}