{"ea": 3117.9376824343576, "size": 136170, "h4": 3.9982070560616565, "h8": 5.838128676706156, "h16": 6.241136908042596, "h32": 7.923520391886695, "h64": 9.758212645777006}