{"ea": 4025.2969250662095, "size": 140292, "h4": 3.999577866554942, "h8": 5.926272326447624, "h16": 6.101954591061391, "h32": 7.563908773971775, "h64": 9.394667759968895}