{"ea": 6130.165951924403, "size": 801042, "h4": 3.384807750417411, "h8": 4.946396110486006, "h16": 6.492030831873707, "h32": 8.004802137009088, "h64": 9.551531627894558}