{"ea": 4246.002300794226, "size": 1007583, "h4": 3.9001888861179936, "h8": 5.370610171278354, "h16": 6.920018269394787, "h32": 8.300147568531077, "h64": 9.83213744482696}