{"ea": 5355.769405305338, "size": 116021, "h4": 3.999847424602448, "h8": 5.990446330699031, "h16": 6.045073356345398, "h32": 7.278325549438134, "h64": 9.077223320936422}