{"ea": 5358.265253371852, "size": 546756, "h4": 2.5996940208498103, "h8": 4.192986425196786, "h16": 5.84139629029774, "h32": 7.556311391184492, "h64": 9.301649813562822}