{"ea": 5389.684895194562, "size": 107560, "h4": 3.99970003886805, "h8": 5.828314340162087, "h16": 6.177715274793297, "h32": 7.575594332638295, "h64": 9.443306752942632}