{"ea": 692.3692138413375, "size": 734457, "h4": 3.9806120544287236, "h8": 5.19138593413377, "h16": 6.677448445000575, "h32": 8.48425833839314, "h64": 10.359622007628616}