{"ea": 5410.18939181235, "size": 1439655, "h4": 3.6501016298758384, "h8": 5.073730329195296, "h16": 6.380417078138615, "h32": 7.916177718110789, "h64": 9.59999906405358}