{"ea": 5386.221389326687, "size": 118694, "h4": 3.9996444506696385, "h8": 5.9974612129200064, "h16": 6.067638414687067, "h32": 7.4907990534995985, "h64": 9.253732309327827}