{"ea": 1626.2257806464747, "size": 1269951, "h4": 3.5298011396262075, "h8": 4.540473066291549, "h16": 5.869737943508684, "h32": 7.503601286371975, "h64": 9.282419685082049}