{"ea": 1477.6679900901381, "size": 480009, "h4": 3.6604034062032316, "h8": 5.029510170257176, "h16": 5.830529040554165, "h32": 7.398555616539389, "h64": 9.205657958832123}