{"ea": 9659.990486009097, "size": 971614, "h4": 3.948293405110778, "h8": 5.741992090745093, "h16": 7.179489341596215, "h32": 8.600124864509763, "h64": 10.15745073574125}