{"ea": 4818.195185147072, "size": 289756, "h4": 3.6997506699154323, "h8": 4.5963340391528105, "h16": 5.91316188867319, "h32": 7.581435448180278, "h64": 9.430838459136389}