{"ea": 4437.109008328143, "size": 1052710, "h4": 3.8202121434911627, "h8": 5.573559814895971, "h16": 7.147393187674507, "h32": 8.68072142537807, "h64": 10.285971138448692}