{"ea": 2209.88291389098, "size": 587871, "h4": 3.9995300575947534, "h8": 5.98081102210734, "h16": 6.05369215054355, "h32": 7.431507281870265, "h64": 9.104036231764237}