{"ea": 2209.9741570896404, "size": 334422, "h4": 3.9682237611894853, "h8": 5.098660951132969, "h16": 6.032817081574883, "h32": 7.709702487844012, "h64": 9.551917901143703}