{"ea": 5095.777710598668, "size": 403269, "h4": 3.406841333969024, "h8": 4.475221714847415, "h16": 5.6725630750748905, "h32": 7.324002585856691, "h64": 9.071943270928102}