{"ea": 7636.348272324895, "size": 1026266, "h4": 3.835081060683084, "h8": 5.5560742160348155, "h16": 7.172777033063982, "h32": 8.749466384915554, "h64": 10.336651259499838}