{"ea": 1585.6944677628967, "size": 3422498, "h4": 3.069032423140742, "h8": 4.54111264349344, "h16": 6.113941822935211, "h32": 7.8516249626624655, "h64": 9.696477371316256}