{"ea": 4842.657351863209, "size": 1071456, "h4": 3.324828444750051, "h8": 4.800448413025141, "h16": 6.251224099323137, "h32": 7.865699993086409, "h64": 9.497916282441794}