{"ea": 2783.64131959111, "size": 350166, "h4": 3.40053725397115, "h8": 4.398341545075965, "h16": 5.969871130603335, "h32": 7.728010725000936, "h64": 9.576603635391447}