{"ea": 4636.793340381536, "size": 436131, "h4": 3.039973043751489, "h8": 4.1150907911657555, "h16": 5.565006816895073, "h32": 7.200373628955965, "h64": 8.95023836523453}