{"ea": 3853.5387240942755, "size": 134501, "h4": 3.999667101144261, "h8": 5.996617493985888, "h16": 6.000025496027199, "h32": 7.491196494268092, "h64": 9.215468215466181}