{"ea": 6255.698099309644, "size": 2032102, "h4": 3.6302023328074586, "h8": 4.751281069043764, "h16": 6.205048522497801, "h32": 7.722269208655842, "h64": 9.372775385019574}