{"ea": 5335.822876039281, "size": 131922, "h4": 3.999709703752991, "h8": 5.950151394380459, "h16": 6.3860342608871115, "h32": 7.756404367501616, "h64": 9.638248492333906}