{"ea": 10237.405863555174, "size": 500127, "h4": 3.5760372743892503, "h8": 4.9124237069955, "h16": 6.282280288395462, "h32": 7.816577059575071, "h64": 9.411589426843431}