{"ea": 2078.02028630466, "size": 678611, "h4": 3.2987483146445786, "h8": 4.425766499085754, "h16": 5.864593784634797, "h32": 7.508853135351211, "h64": 9.274184064410495}