{"ea": 411.5483058902074, "size": 1042199, "h4": 3.8802176786532474, "h8": 4.669941764603924, "h16": 5.875606650926583, "h32": 7.546012164950862, "h64": 9.372330156495874}