{"ea": 1068.9088357279657, "size": 196773, "h4": 3.970366953870758, "h8": 5.685515260887158, "h16": 6.485029688458473, "h32": 8.163172513953025, "h64": 10.026063649922355}