{"ea": 3076.834105693771, "size": 1314566, "h4": 3.8390133655939644, "h8": 5.543095565363466, "h16": 7.129754805882164, "h32": 8.622972309142984, "h64": 10.206778651577428}