{"ea": 420.592903375326, "size": 2507795, "h4": 3.4014739073476723, "h8": 4.729235950199834, "h16": 6.328276044656833, "h32": 8.050660312842911, "h64": 9.812759682317882}