{"ea": 4126.033883452308, "size": 101544, "h4": 3.9996851105581595, "h8": 5.966898571597939, "h16": 5.99986485590483, "h32": 7.432759047414052, "h64": 9.186152110127777}