{"ea": 3058.9056741739446, "size": 152492, "h4": 3.943625945704331, "h8": 5.361086604802771, "h16": 5.839858475975051, "h32": 7.149428490471689, "h64": 8.928782639085833}