{"ea": 6246.539352153859, "size": 1049774, "h4": 3.6701960637014794, "h8": 5.1943339372074755, "h16": 6.667410080811398, "h32": 8.168755524578856, "h64": 9.801501619513786}