{"ea": 10810.891577187065, "size": 1038607, "h4": 3.4823774270974814, "h8": 4.643756260912987, "h16": 6.080465664110665, "h32": 7.708928710923181, "h64": 9.390169315123623}