{"ea": 6075.376595557917, "size": 1172928, "h4": 3.832752199825523, "h8": 5.4795456953531705, "h16": 6.920813318766753, "h32": 8.351389534336423, "h64": 9.893438126473418}