{"ea": 2007.6539527549755, "size": 355433, "h4": 3.9996434871549242, "h8": 5.989761098464904, "h16": 6.0641845939715395, "h32": 7.210036966267373, "h64": 9.042934749967898}