{"ea": 8449.123217903825, "size": 942188, "h4": 3.8604847591599256, "h8": 5.353265579565839, "h16": 6.885490294123123, "h32": 8.515415565756083, "h64": 10.158842410802192}