{"ea": 3095.8464147231202, "size": 303464, "h4": 3.83380127549761, "h8": 4.642798599773494, "h16": 5.899538330384348, "h32": 7.545461222137325, "h64": 9.34027512776336}