{"ea": 10496.376525705013, "size": 1017856, "h4": 3.8353106725974837, "h8": 5.43521255049726, "h16": 6.855226263301349, "h32": 8.345221286101362, "h64": 9.989949141589811}