{"ea": 8145.310560454942, "size": 1281248, "h4": 3.8295661811482944, "h8": 5.581911748724901, "h16": 7.180375908092307, "h32": 8.727397714785948, "h64": 10.430787147764946}