{"ea": 6625.4050199843805, "size": 1081903, "h4": 3.415034592733907, "h8": 4.765655169316622, "h16": 6.269142759665101, "h32": 7.798128163610253, "h64": 9.373942255233096}