{"ea": 2384.992065415374, "size": 383195, "h4": 3.4030610917330155, "h8": 4.634443201940959, "h16": 5.931842955468738, "h32": 7.643062261855106, "h64": 9.483247964109074}