{"ea": 10480.918562277613, "size": 1030660, "h4": 3.4604420543468066, "h8": 5.067213428580201, "h16": 6.579278603220587, "h32": 8.144623416109296, "h64": 9.760576078168082}