{"ea": 4472.239447008194, "size": 523205, "h4": 3.53680407738373, "h8": 4.2437749551099655, "h16": 5.673265203635765, "h32": 7.374815450978495, "h64": 9.179239643612702}