{"ea": 4018.0345804586836, "size": 1164905, "h4": 3.9309431145217855, "h8": 5.804979203873006, "h16": 7.373916803309392, "h32": 8.826267306165093, "h64": 10.373499768661631}