{"ea": 4352.2960182301385, "size": 911003, "h4": 3.8991601998606926, "h8": 5.705420959643947, "h16": 7.314783302488438, "h32": 8.879173812483952, "h64": 10.520172241761403}