{"ea": 772.2943363598092, "size": 1741842, "h4": 3.3130715919345075, "h8": 4.233408921672652, "h16": 5.716200467211889, "h32": 7.342815626963924, "h64": 9.163752997056509}