{"ea": 4894.337540436219, "size": 1040153, "h4": 3.6971262978633184, "h8": 5.040819972039492, "h16": 6.505508481314211, "h32": 8.14822972338302, "h64": 9.77070886996497}