{"ea": 2122.4069383408564, "size": 1002746, "h4": 3.658858958061262, "h8": 5.2845878865699785, "h16": 6.8002015441070025, "h32": 8.274633767015741, "h64": 9.818502700143064}