{"ea": 2960.363784576501, "size": 180377, "h4": 3.9997882852029667, "h8": 5.772160076180363, "h16": 6.009062664156567, "h32": 7.40674706135477, "h64": 9.196293921951998}