{"ea": 8178.309339779634, "size": 705397, "h4": 3.965769371222067, "h8": 5.777591200410981, "h16": 7.3449343557024775, "h32": 8.878492462263143, "h64": 10.517195937963402}