{"ea": 394.0484145183789, "size": 2440502, "h4": 3.876875589935016, "h8": 4.7262892140329305, "h16": 5.660007437091782, "h32": 7.2672676812428465, "h64": 9.090278336702841}