{"ea": 687.3700718425408, "size": 2513988, "h4": 3.5531213559715966, "h8": 4.286468985755676, "h16": 5.680440922461864, "h32": 7.395569815838593, "h64": 9.257984408136004}