{"ea": 7378.050504546249, "size": 902122, "h4": 3.867412565453795, "h8": 5.457823335761631, "h16": 6.869526860956002, "h32": 8.335302330024394, "h64": 9.957663340955689}