{"ea": 3335.9709244822307, "size": 164153, "h4": 3.9373554179191803, "h8": 5.469403459176799, "h16": 6.032477842935036, "h32": 7.544696641365451, "h64": 9.400263217768721}