{"ea": 5470.742981332091, "size": 499046, "h4": 2.74771010601327, "h8": 4.125820926368217, "h16": 5.695048723445727, "h32": 7.451400339183609, "h64": 9.229635910159015}