{"ea": 11996.043874483015, "size": 688185, "h4": 3.651231339030938, "h8": 4.720567432957297, "h16": 6.271995317086981, "h32": 7.901202297214191, "h64": 9.56273063834396}