{"ea": 7474.374690282424, "size": 838938, "h4": 3.9416587221226345, "h8": 5.744663092543538, "h16": 7.385244279174222, "h32": 8.963962685589504, "h64": 10.65464036643891}