{"ea": 2391.359117090976, "size": 1019436, "h4": 3.9782736604621913, "h8": 5.236636564263593, "h16": 6.46662331959188, "h32": 8.106418820399906, "h64": 9.735046386450751}