{"ea": 2602.7881810983135, "size": 432058, "h4": 3.652146730070963, "h8": 4.475119700458743, "h16": 5.650285590102901, "h32": 7.3031380375376544, "h64": 9.07926781897076}