{"ea": 6853.709199171103, "size": 1319159, "h4": 3.7363766239160023, "h8": 5.551108371835041, "h16": 7.09317910411041, "h32": 8.60409748699549, "h64": 10.237501939535807}