{"ea": 8971.487561232185, "size": 1072703, "h4": 3.948434147110927, "h8": 5.717046766593294, "h16": 7.33457159351491, "h32": 8.867113220732707, "h64": 10.47700789788614}