{"ea": 12261.354023296646, "size": 998586, "h4": 3.958226893854037, "h8": 5.81051928625145, "h16": 7.502395857417262, "h32": 9.093598210393564, "h64": 10.787289064814754}