{"ea": 1361.9879276076326, "size": 583438, "h4": 3.962865990669858, "h8": 5.738436814077626, "h16": 5.872439150343558, "h32": 6.840367767006654, "h64": 8.54706794106049}