{"ea": 10891.530699834531, "size": 710113, "h4": 3.6897713935188174, "h8": 5.039629238390466, "h16": 6.623150320087196, "h32": 8.268038293800311, "h64": 9.93611930418147}