{"ea": 5393.935247764207, "size": 117198, "h4": 3.9997770590612767, "h8": 5.988654896057008, "h16": 6.294869240442829, "h32": 7.637441030810499, "h64": 9.51072127615745}