{"ea": 1424.564766734404, "size": 426565, "h4": 3.568529145251802, "h8": 4.934464314521435, "h16": 5.917057182765809, "h32": 7.4118320940353275, "h64": 9.12773574479611}