{"ea": 5330.66314971747, "size": 222565, "h4": 3.9672312215990857, "h8": 4.811001543954845, "h16": 5.915820248197658, "h32": 7.589825804761958, "h64": 9.441222298139138}