{"ea": 1607.449063992009, "size": 606824, "h4": 3.9448516343250044, "h8": 4.902328459846101, "h16": 6.1137428312324635, "h32": 7.708453824189516, "h64": 9.434085623101288}