{"ea": 6629.083793302696, "size": 791740, "h4": 3.80029200801881, "h8": 5.433015886759639, "h16": 7.147453183705956, "h32": 8.803104241618003, "h64": 10.420517311091835}