{"ea": 5388.4079177354815, "size": 181909, "h4": 3.9899874221325984, "h8": 4.720250793600286, "h16": 5.938562154820913, "h32": 7.574223080612407, "h64": 9.404020756959735}