{"ea": 5413.590506479809, "size": 161939, "h4": 3.9499033035401907, "h8": 5.505250928875781, "h16": 5.918638876219043, "h32": 7.235540612625989, "h64": 9.005155267903849}