{"ea": 3438.9878503432233, "size": 3068321, "h4": 3.9996893007321725, "h8": 5.552837406234724, "h16": 6.0443228559567, "h32": 7.569056476066287, "h64": 9.360667040891244}