{"ea": 10725.30821679447, "size": 727450, "h4": 3.907886897640942, "h8": 5.397348802759114, "h16": 6.942680879897771, "h32": 8.560559816075502, "h64": 10.235705226931024}