{"ea": 1880.4768502362467, "size": 1355249, "h4": 3.7699324630972937, "h8": 5.4684082504108265, "h16": 6.9321973466657685, "h32": 8.499602695338005, "h64": 10.116946214715021}