{"ea": 1672.7154689276408, "size": 305263, "h4": 3.999482826753503, "h8": 5.824000665338956, "h16": 5.877907532829974, "h32": 7.06098439008009, "h64": 8.815536434547278}