{"ea": 3525.2905573211688, "size": 958171, "h4": 3.9036068262219663, "h8": 4.766748908787006, "h16": 5.8785005778452515, "h32": 7.585702665942537, "h64": 9.437408836649931}