{"ea": 3341.2301407548985, "size": 1210030, "h4": 3.531129338400369, "h8": 4.960946121359779, "h16": 6.297422847622426, "h32": 7.772266705160993, "h64": 9.348966064139006}