{"ea": 336.3773102964083, "size": 973602, "h4": 3.9876724171203226, "h8": 5.330500664049422, "h16": 6.6791828072624595, "h32": 8.40968172690041, "h64": 10.213612264584775}