{"ea": 6884.310926787762, "size": 1066548, "h4": 3.6396597315154953, "h8": 4.973505948684034, "h16": 6.30545445282048, "h32": 7.800004076036195, "h64": 9.40301390412041}