{"ea": 3986.446233949264, "size": 1122241, "h4": 3.901990564572665, "h8": 5.621398011528973, "h16": 7.19827950495073, "h32": 8.729993648614279, "h64": 10.289347123696238}