{"ea": 5168.407034188637, "size": 1006846, "h4": 3.942819376273878, "h8": 5.641661660190481, "h16": 7.243554380689975, "h32": 8.861817864327273, "h64": 10.424627818773885}