{"ea": 2247.2056389273794, "size": 1306146, "h4": 3.7359134801370963, "h8": 5.253625125229544, "h16": 6.597897030721549, "h32": 8.035865435752338, "h64": 9.601095328476697}