{"ea": 603.0555443147867, "size": 2454728, "h4": 3.977832645446462, "h8": 4.94461864152352, "h16": 6.102288514838904, "h32": 7.764897686447297, "h64": 9.588309557341542}