{"ea": 8518.463588543218, "size": 544833, "h4": 3.3422449389756954, "h8": 4.600605910713185, "h16": 5.982119855551419, "h32": 7.602560786613542, "h64": 9.34183018540259}