{"ea": 3872.258579022242, "size": 197027, "h4": 3.9997641660775844, "h8": 5.978171483228324, "h16": 6.077153298166525, "h32": 7.415701776186589, "h64": 9.222368226529511}