{"ea": 586.025378437225, "size": 4057646, "h4": 3.6679222837320693, "h8": 4.530446973298943, "h16": 5.697911053674819, "h32": 7.307213079405195, "h64": 9.156174455117775}