{"ea": 4203.970405741719, "size": 1252919, "h4": 3.4831948340501295, "h8": 4.309539675982547, "h16": 5.783133019316472, "h32": 7.491263376896274, "h64": 9.208101094323801}