{"ea": 5359.804654100121, "size": 970359, "h4": 3.77658940395396, "h8": 5.447868667595819, "h16": 6.825985115656019, "h32": 8.281605674875632, "h64": 9.874335052848267}