{"ea": 1169.107140009354, "size": 627031, "h4": 3.6408584405184934, "h8": 4.297288928812512, "h16": 5.647293195737442, "h32": 7.351903358912973, "h64": 9.166593268949041}