{"ea": 6895.089088547027, "size": 1193413, "h4": 3.871214545437447, "h8": 5.5547835783173305, "h16": 7.123085057455992, "h32": 8.61001689480604, "h64": 10.122139636690601}