{"ea": 1852.3239349803898, "size": 1215265, "h4": 3.861222466835149, "h8": 5.544283373257656, "h16": 6.880910426836365, "h32": 8.294027966858653, "h64": 9.874235438712606}