{"ea": 11114.914002056423, "size": 353144, "h4": 3.907473577730289, "h8": 5.5546478709654155, "h16": 7.192000837693914, "h32": 8.80661226909779, "h64": 10.509623883375555}