{"ea": 2951.3731111513857, "size": 2626978, "h4": 3.9551774682927876, "h8": 5.830640653785419, "h16": 7.658436492129261, "h32": 9.271048588724291, "h64": 10.72215564439971}