{"ea": 1423.9626713907483, "size": 367328, "h4": 3.8773387307793357, "h8": 5.63434285446874, "h16": 5.881689183968576, "h32": 7.429916757670663, "h64": 9.234698550581987}