{"ea": 4936.838228381396, "size": 338103, "h4": 3.326474435926057, "h8": 4.4202083884940055, "h16": 5.703438255318805, "h32": 7.359017641536601, "h64": 9.136216561821241}