{"ea": 4353.35675076972, "size": 1255325, "h4": 3.5781504151540586, "h8": 4.995356064893292, "h16": 6.363795539551231, "h32": 7.753550977362478, "h64": 9.27017767816087}