{"ea": 5316.813468654178, "size": 148721, "h4": 3.999451110094275, "h8": 5.953935013626157, "h16": 6.275515663797524, "h32": 7.922339677602452, "h64": 9.696444111316612}