{"ea": 8900.43815662365, "size": 757610, "h4": 3.8110436459874215, "h8": 5.4002212071181805, "h16": 7.118041202988847, "h32": 8.734332084253372, "h64": 10.419092504955524}