{"ea": 571.4959498959537, "size": 2006229, "h4": 3.842497591785915, "h8": 4.958098979272741, "h16": 6.125987708044828, "h32": 7.7705232621699825, "h64": 9.547468271594344}