{"ea": 7167.815319506962, "size": 1340237, "h4": 3.603485749691554, "h8": 4.924700851326339, "h16": 6.390925531258412, "h32": 7.936455437960917, "h64": 9.523680141633449}