{"ea": 2406.8155129364463, "size": 385941, "h4": 3.5668089980292494, "h8": 4.662420707883746, "h16": 5.920055474093742, "h32": 7.621437459145494, "h64": 9.474818597608529}