{"ea": 5354.918073427846, "size": 111194, "h4": 3.9997871454529657, "h8": 5.9932735755424815, "h16": 6.302990472704284, "h32": 7.834745991802892, "h64": 9.72340405942175}