{"ea": 2440.4074065869027, "size": 820884, "h4": 3.384649869940898, "h8": 4.687503850518701, "h16": 5.902506761753697, "h32": 7.543969501843511, "h64": 9.372468311126362}