{"ea": 4543.710812266824, "size": 119781, "h4": 3.999817288686516, "h8": 5.933746582138745, "h16": 5.967512696779938, "h32": 7.325051587204456, "h64": 9.134765614356766}