{"ea": 3888.5229270765985, "size": 1243261, "h4": 3.844379323222288, "h8": 5.121397691566079, "h16": 6.578777591045704, "h32": 8.0794184350387, "h64": 9.602440173175083}