{"ea": 4550.0851273421495, "size": 1629929, "h4": 3.811543719485339, "h8": 5.307452458013742, "h16": 6.946662608703045, "h32": 8.505960381350583, "h64": 10.133603079004876}