{"ea": 3981.056890307016, "size": 862929, "h4": 3.8704734003515897, "h8": 5.6379235060820605, "h16": 7.235912318418984, "h32": 8.781090870109459, "h64": 10.378011378010058}