{"ea": 9288.131178001542, "size": 1131149, "h4": 3.989425937580286, "h8": 5.860488275832648, "h16": 7.450906669397298, "h32": 8.880036503451294, "h64": 10.49162711768799}