{"ea": 2447.53561471362, "size": 231112, "h4": 3.999807339896, "h8": 5.991898293122272, "h16": 6.054902273882323, "h32": 7.438875889290134, "h64": 8.894282920666566}