{"ea": 2722.6258215903595, "size": 388024, "h4": 3.952975821438736, "h8": 4.772005849842033, "h16": 6.093477010524602, "h32": 7.687241594071698, "h64": 9.482456491076514}