{"ea": 5312.88658777263, "size": 118450, "h4": 3.999723667094842, "h8": 5.819995301484962, "h16": 6.191704280569736, "h32": 7.6292940248519265, "h64": 9.495472708864153}