{"ea": 10682.736509283635, "size": 1054792, "h4": 3.689798602221707, "h8": 5.237338274780095, "h16": 6.6413928080132685, "h32": 8.083816532632598, "h64": 9.685255473412893}