{"ea": 8493.387763083234, "size": 1567051, "h4": 3.978772665316903, "h8": 5.81168347732647, "h16": 7.409253212956051, "h32": 8.898686871765367, "h64": 10.522051589443336}