{"ea": 7141.596313379059, "size": 1768240, "h4": 3.5753644490458063, "h8": 5.092558093704545, "h16": 6.475376861597587, "h32": 7.943500786976758, "h64": 9.434714114162709}