{"ea": 3267.2216172813687, "size": 178933, "h4": 3.991502570862134, "h8": 5.380820139083051, "h16": 6.380369714476863, "h32": 8.078007498938085, "h64": 9.954897189607063}