{"ea": 1491.169304440671, "size": 326251, "h4": 3.7855801492174352, "h8": 4.839378496857194, "h16": 6.170997236479922, "h32": 7.860703809542249, "h64": 9.712583586927277}