{"ea": 2272.827001830097, "size": 307281, "h4": 3.9995635520573476, "h8": 5.598041517034536, "h16": 6.169049772762064, "h32": 7.782194102016945, "h64": 9.597283451917107}