{"ea": 394.0244559715079, "size": 1076664, "h4": 3.995907300502242, "h8": 5.348132717318658, "h16": 6.494698843740566, "h32": 8.249226773194419, "h64": 10.089616355357808}