{"ea": 5440.620691867543, "size": 1414026, "h4": 3.813735528710252, "h8": 5.158572342402129, "h16": 6.6297889649297055, "h32": 8.103581172230712, "h64": 9.712434684621236}