{"ea": 11456.033977221296, "size": 638444, "h4": 3.144303318531409, "h8": 4.51747650611676, "h16": 6.041990162081848, "h32": 7.777832828540113, "h64": 9.482553501269313}