{"ea": 5325.5054398567945, "size": 138172, "h4": 3.999488747814899, "h8": 5.996806397107969, "h16": 6.059406653471514, "h32": 7.5793955142030995, "h64": 9.281601355723527}