{"ea": 11005.878322047623, "size": 483335, "h4": 3.827386077894962, "h8": 5.195012297760154, "h16": 6.635697383397486, "h32": 8.336975647776827, "h64": 10.080349401501039}