{"ea": 7843.655984303268, "size": 1214963, "h4": 3.801904616153489, "h8": 5.4549244154890015, "h16": 6.915977075582262, "h32": 8.30179750010355, "h64": 9.781251532863706}