{"ea": 1261.2688347287374, "size": 562010, "h4": 3.9941202273886667, "h8": 5.475870787153987, "h16": 5.872630227738694, "h32": 7.342779564738175, "h64": 9.111662826510361}