{"ea": 2932.79756527892, "size": 209375, "h4": 3.999685808033865, "h8": 5.81148083765288, "h16": 5.953186845050016, "h32": 7.3119613838143, "h64": 9.14305682892238}