{"ea": 4904.246610797651, "size": 123447, "h4": 3.9997806029532623, "h8": 5.988235317101234, "h16": 6.0038872754738755, "h32": 7.549797492590269, "h64": 9.274584901722458}