{"ea": 2923.545896726633, "size": 400506, "h4": 3.9946148461657423, "h8": 5.445928524380549, "h16": 6.137612950593044, "h32": 7.534077380312063, "h64": 9.224182622581981}