{"ea": 5990.320231048168, "size": 966235, "h4": 3.863252828383517, "h8": 5.135790843971527, "h16": 6.442927075338106, "h32": 7.96710220827884, "h64": 9.594705386558083}