{"ea": 2720.518090424918, "size": 1058209, "h4": 3.967405728404478, "h8": 5.0105231757280055, "h16": 6.316115700101758, "h32": 8.051978908974556, "h64": 9.884090496726781}