{"ea": 8708.885743453398, "size": 1005591, "h4": 3.612927986833581, "h8": 5.215494285798281, "h16": 6.789083142209054, "h32": 8.432414788535311, "h64": 10.045531517962335}