{"ea": 7398.251833847906, "size": 1249101, "h4": 3.848816745000196, "h8": 5.4707116157256115, "h16": 6.963311154012214, "h32": 8.379065995352903, "h64": 9.94909016413396}