{"ea": 2075.3212889707074, "size": 1068398, "h4": 3.8411510771542714, "h8": 5.114804661503178, "h16": 6.435278479964755, "h32": 8.085055469081238, "h64": 9.845170555114404}