{"ea": 1813.9044209809035, "size": 695576, "h4": 3.7252915681850327, "h8": 5.007600158111893, "h16": 6.344065099577327, "h32": 8.024251586158313, "h64": 9.840393194142454}