{"ea": 7108.102882698004, "size": 836496, "h4": 3.3334583681111543, "h8": 4.913845480586138, "h16": 6.578376362797591, "h32": 8.177043463548873, "h64": 9.795957593638297}