{"ea": 5386.120430067208, "size": 119335, "h4": 3.9996096278685913, "h8": 5.9733050495260125, "h16": 6.039026875328237, "h32": 7.313461886191274, "h64": 9.05297273914399}