{"ea": 4218.423420018126, "size": 226443, "h4": 3.8984389572151414, "h8": 5.188547641967368, "h16": 5.983128699899003, "h32": 7.64928969967621, "h64": 9.449375207948956}