{"ea": 1028.137274991504, "size": 1272540, "h4": 3.472271042965442, "h8": 4.490063804266702, "h16": 5.743179344602552, "h32": 7.42951267788691, "h64": 9.300886668239798}