{"ea": 380.65828994803246, "size": 2414245, "h4": 3.760706655153888, "h8": 4.776789984214394, "h16": 6.11135326149862, "h32": 7.753503563124731, "h64": 9.450488926585376}