{"ea": 3668.2216692914667, "size": 940249, "h4": 3.869679758754108, "h8": 5.568271068944673, "h16": 7.068827941815652, "h32": 8.600086618753089, "h64": 10.213863024933591}