{"ea": 5370.1303353137955, "size": 314990, "h4": 3.543307223408764, "h8": 4.828494172424452, "h16": 6.153290209531333, "h32": 7.7674607836999465, "h64": 9.481275340460778}