{"ea": 4753.1617176885775, "size": 1302887, "h4": 3.9018257526598044, "h8": 5.761220967962871, "h16": 7.413987663583358, "h32": 8.892249711998794, "h64": 10.429668064519152}