{"ea": 5114.355244397112, "size": 149939, "h4": 3.998871352538811, "h8": 5.465802453420013, "h16": 5.975641231718518, "h32": 7.512209559760731, "h64": 9.38468219883768}