{"ea": 2840.4244263112746, "size": 997670, "h4": 3.6886561180902886, "h8": 4.653273135520896, "h16": 5.961946194332292, "h32": 7.658283403597473, "h64": 9.455818449552973}