{"ea": 511.18664168225973, "size": 4104255, "h4": 3.999593952721541, "h8": 5.8132252105643705, "h16": 5.940491247978098, "h32": 7.403090680443881, "h64": 9.220832046528333}