{"ea": 6876.853540840011, "size": 905792, "h4": 3.5437120228018673, "h8": 5.045237674280518, "h16": 6.367461214144703, "h32": 7.9439947135715805, "h64": 9.575483611877132}