{"ea": 5397.3788783992395, "size": 340043, "h4": 3.1711563310489783, "h8": 4.169130999116526, "h16": 5.620400328480709, "h32": 7.354945772152477, "h64": 9.182446305749211}