{"ea": 2081.86139306624, "size": 1143145, "h4": 2.9761722941460125, "h8": 4.421773366419073, "h16": 5.93208819885023, "h32": 7.601419245061872, "h64": 9.367415184757133}