{"ea": 4794.63385124552, "size": 388527, "h4": 3.987891080439399, "h8": 5.214125697133867, "h16": 6.814814874053341, "h32": 8.509252765982719, "h64": 10.243492434595037}