{"ea": 2965.458695569552, "size": 798413, "h4": 3.1987450457596482, "h8": 4.075889849067805, "h16": 5.640038789288812, "h32": 7.345191141650872, "h64": 9.094578944400016}