{"ea": 2163.9295690735585, "size": 901863, "h4": 3.9930282530229264, "h8": 5.421183045163804, "h16": 6.160773187851431, "h32": 7.681409054442012, "h64": 9.442872652549694}