{"ea": 1172.9767942422905, "size": 408512, "h4": 3.48337679264002, "h8": 4.374153969896697, "h16": 5.685544576123627, "h32": 7.354444476327576, "h64": 9.164549445381457}