{"ea": 2605.1620300717545, "size": 1239491, "h4": 3.520491202506008, "h8": 5.020454188979189, "h16": 6.680698308626495, "h32": 8.246542862345528, "h64": 9.878926354033274}