{"ea": 4874.391866545167, "size": 1480538, "h4": 3.7065619886523096, "h8": 5.442305558645566, "h16": 7.210481024506231, "h32": 8.839958758691665, "h64": 10.473928712803517}