{"ea": 5225.588903529304, "size": 104460, "h4": 3.9994397846172847, "h8": 5.988691213050185, "h16": 6.020820344484305, "h32": 7.214586742793996, "h64": 8.985622998200519}