{"ea": 5743.559522874101, "size": 551233, "h4": 3.840976138996493, "h8": 4.885773531461986, "h16": 6.272947196469119, "h32": 7.924807322906862, "h64": 9.643354495260597}