{"ea": 4156.268455549383, "size": 132931, "h4": 3.9660691714162426, "h8": 5.619829346515409, "h16": 5.985893639920549, "h32": 7.527909233833578, "h64": 9.340567247560006}