{"ea": 5062.659075248621, "size": 1529734, "h4": 3.620053643083418, "h8": 4.96880144505315, "h16": 6.461361713857864, "h32": 7.839157935831276, "h64": 9.389914342010346}