{"ea": 5300.625589396162, "size": 332387, "h4": 3.449905646642133, "h8": 4.538136390510727, "h16": 5.961044122353953, "h32": 7.6862626699641154, "h64": 9.402718255632475}