{"ea": 10691.02971344119, "size": 1325673, "h4": 3.7493627829867977, "h8": 5.436246943622382, "h16": 7.053173019845527, "h32": 8.451327879572222, "h64": 9.990652073722273}