{"ea": 11191.483266653575, "size": 872111, "h4": 3.948299855550541, "h8": 5.576340339015078, "h16": 7.171878640410048, "h32": 8.833648340541037, "h64": 10.52693505956977}