{"ea": 5423.620898619764, "size": 976971, "h4": 2.9242598098785653, "h8": 4.342650939931632, "h16": 5.837001985637291, "h32": 7.496743393603158, "h64": 9.125961888064051}