{"ea": 3677.5760494979863, "size": 951319, "h4": 3.80557136509974, "h8": 5.589165085976519, "h16": 7.2634269676241185, "h32": 8.769803598671569, "h64": 10.379428182276177}