{"ea": 3846.422277542846, "size": 1438845, "h4": 3.5508553193971584, "h8": 5.280027811099949, "h16": 7.004650921754033, "h32": 8.751780400217966, "h64": 10.527543603962577}