{"ea": 7805.310833419708, "size": 904682, "h4": 3.923503341789636, "h8": 5.7819859603236505, "h16": 7.452007956668618, "h32": 9.14191959470815, "h64": 10.82079886120185}