{"ea": 7837.256177554315, "size": 877219, "h4": 3.9581401272825056, "h8": 5.722159531061996, "h16": 7.261655061088391, "h32": 8.741490184189148, "h64": 10.311287438534261}