{"ea": 2204.8387972006967, "size": 875661, "h4": 3.496717987297127, "h8": 4.5340303572959915, "h16": 5.803815320391578, "h32": 7.480119999583405, "h64": 9.297937898084475}