{"ea": 2285.1399883209356, "size": 143641, "h4": 3.999719292944948, "h8": 5.988794711496082, "h16": 6.070972762835098, "h32": 7.550857096154221, "h64": 9.294179351892401}