{"ea": 7776.139865446149, "size": 922540, "h4": 3.901317469326316, "h8": 5.734626419824664, "h16": 7.430959026403771, "h32": 9.131107911811974, "h64": 10.875258662624368}