{"ea": 1698.8453106758345, "size": 240277, "h4": 3.9997797594364695, "h8": 5.826823214089903, "h16": 5.9771747591865445, "h32": 7.384414547779477, "h64": 9.22709703110878}