{"ea": 9222.940923816774, "size": 920873, "h4": 3.405354765505252, "h8": 4.454794097303294, "h16": 6.054437060609613, "h32": 7.721251480133572, "h64": 9.430395652621057}