{"ea": 1928.6215011816353, "size": 194718, "h4": 3.650583812748293, "h8": 4.840780764253849, "h16": 5.876353018860973, "h32": 7.4886686445189605, "h64": 9.32660734716744}