{"ea": 1440.5816328630608, "size": 575076, "h4": 3.0786245235786853, "h8": 3.7791422068763882, "h16": 5.304954670624095, "h32": 7.089555464763014, "h64": 8.894020226796698}