{"ea": 9167.057513936845, "size": 902630, "h4": 3.6866349250350736, "h8": 5.369820704753466, "h16": 7.003766738400998, "h32": 8.540708449002741, "h64": 10.184214768203166}