{"ea": 10813.455112257057, "size": 1050388, "h4": 3.613875650763158, "h8": 5.27972127829409, "h16": 6.901704703104945, "h32": 8.467339744912636, "h64": 10.087050992037915}