{"ea": 6283.8306853325985, "size": 1046619, "h4": 3.491924186913173, "h8": 4.666346679182112, "h16": 6.091710197243646, "h32": 7.776515472892719, "h64": 9.515445971319252}