{"ea": 6048.668065203266, "size": 1617032, "h4": 3.5711961217747454, "h8": 4.7863296026711115, "h16": 6.223867520689604, "h32": 7.890823522436064, "h64": 9.63112667529138}