{"ea": 9331.339066198405, "size": 731166, "h4": 3.906918481945044, "h8": 5.671859012786474, "h16": 7.116407781293207, "h32": 8.66159473282248, "h64": 10.297359928081791}