{"ea": 2092.961083705533, "size": 575698, "h4": 3.3297308960159535, "h8": 4.789756632277169, "h16": 5.600557546111323, "h32": 7.227999572302911, "h64": 9.019015603580161}