{"ea": 3254.9730327881075, "size": 2484782, "h4": 3.9142037451632095, "h8": 5.252046798974604, "h16": 6.71007396981698, "h32": 8.32523440899788, "h64": 10.013314367834859}