{"ea": 411.3841046079705, "size": 3574430, "h4": 3.5163341625409186, "h8": 4.222419809694273, "h16": 5.55522657678567, "h32": 7.23823615544878, "h64": 9.064047872482707}