{"ea": 2813.1186028171924, "size": 2706710, "h4": 3.8723141654293443, "h8": 5.338605384083478, "h16": 6.802113994625847, "h32": 8.479710043337796, "h64": 10.237136682296683}