{"ea": 2360.5727964768257, "size": 171139, "h4": 3.9997465832496744, "h8": 5.695080250718524, "h16": 5.950626161151008, "h32": 7.479253981854626, "h64": 9.210106354457453}