{"ea": 8437.98098692475, "size": 1153575, "h4": 3.63783158645197, "h8": 5.3355476054970294, "h16": 6.899238085997659, "h32": 8.396106866171316, "h64": 9.997697242566943}