{"ea": 7160.978188507184, "size": 1731672, "h4": 3.8331638802199195, "h8": 5.530148443672306, "h16": 6.994792954180039, "h32": 8.57493284136451, "h64": 10.244441372578791}