{"ea": 3889.410642347615, "size": 975603, "h4": 3.811234314423223, "h8": 5.3826305312992915, "h16": 6.842516671448295, "h32": 8.415304301881145, "h64": 9.96104766327915}