{"ea": 4927.492785709881, "size": 175746, "h4": 3.9987428401498444, "h8": 4.977127977351683, "h16": 6.060601219947454, "h32": 7.7769323857375054, "h64": 9.5723050504694}