{"ea": 571.0320116353039, "size": 2248581, "h4": 3.182505402110635, "h8": 3.9634416287818457, "h16": 5.534116491464239, "h32": 7.331769827369286, "h64": 9.196318507802197}