{"ea": 2227.502940052223, "size": 582764, "h4": 3.4541515987905167, "h8": 4.203350875863455, "h16": 5.790657948901773, "h32": 7.500309146600405, "h64": 9.335552930957299}