{"ea": 7946.290035114742, "size": 1127254, "h4": 3.8047366181916207, "h8": 5.472371223544225, "h16": 7.1303300496263216, "h32": 8.838877524615922, "h64": 10.512800670324406}