{"ea": 5036.760502685001, "size": 125667, "h4": 3.9995814162411194, "h8": 5.977947970809234, "h16": 6.099504613670222, "h32": 7.545743914081196, "h64": 9.257429713721375}