{"ea": 4023.4977910297353, "size": 1293917, "h4": 3.9419602318643165, "h8": 5.499073378120642, "h16": 6.674963657027446, "h32": 8.195991460419146, "h64": 9.720736007294771}