{"ea": 6991.088717749364, "size": 842178, "h4": 3.8082323679793135, "h8": 5.567226441776745, "h16": 7.214701820611544, "h32": 8.876809153037453, "h64": 10.538241133183703}