{"ea": 4695.717590203238, "size": 1110405, "h4": 3.7843055622579023, "h8": 5.461924869853526, "h16": 6.959177562034722, "h32": 8.39471519451903, "h64": 9.90945607660803}