{"ea": 5778.793638787915, "size": 1179254, "h4": 3.8377372864191783, "h8": 5.652977289947693, "h16": 7.298678770138528, "h32": 8.921475038521644, "h64": 10.514253088869143}