{"ea": 9811.317326097016, "size": 1201587, "h4": 3.805708913632399, "h8": 5.5707146291989975, "h16": 7.258003536649096, "h32": 8.832806280697541, "h64": 10.199506885289026}