{"ea": 10923.053237160535, "size": 492400, "h4": 3.7473286039099025, "h8": 4.856059633101508, "h16": 6.257151930787085, "h32": 7.825373532369154, "h64": 9.552209076264923}