{"ea": 5320.480405509728, "size": 144583, "h4": 3.9719821756009086, "h8": 5.208381949976884, "h16": 5.974886749275063, "h32": 7.6687596452940925, "h64": 9.50666466982537}