{"ea": 668.4868306892848, "size": 1732027, "h4": 3.8479854967599403, "h8": 4.827320865728259, "h16": 5.580040712630619, "h32": 6.9462943962737445, "h64": 8.695268657720238}