{
  "ea": 2356.5353959278536,
  "size": 2594740,
  "h4": 3.486846274199132,
  "h8": 5.2052380112927406,
  "h16": 6.9207826966609005,
  "h32": 8.587433726114526,
  "h64": 9.991193862324785
}