{"ea": 2156.5843142900117, "size": 2923717, "h4": 3.0420354719889504, "h8": 4.636935043564447, "h16": 6.062410312835351, "h32": 7.765947579366232, "h64": 9.600492454677982}