{"ea": 5358.503975496055, "size": 126885, "h4": 3.999793824815389, "h8": 5.799781864110918, "h16": 6.106762763282585, "h32": 7.7683524155599315, "h64": 9.611772598159503}