{"ea": 4215.802748362444, "size": 249005, "h4": 3.4201525538607536, "h8": 4.481744340193442, "h16": 5.922745286301582, "h32": 7.672663057290606, "h64": 9.555537463275796}