{"ea": 8420.408454569508, "size": 1639849, "h4": 3.5384431306071433, "h8": 4.989186461785534, "h16": 6.4752184609277545, "h32": 8.093885462959298, "h64": 9.686624848022216}