{"ea": 317.1094145720634, "size": 2021260, "h4": 3.999780967498214, "h8": 5.748381796994098, "h16": 6.089579216366657, "h32": 7.693468282275839, "h64": 9.525733472888664}