{"ea": 1419.2483892285964, "size": 901704, "h4": 3.5709121696034707, "h8": 4.817484252385537, "h16": 5.641203883016593, "h32": 6.902222509314254, "h64": 8.673673743821187}