{"ea": 2812.4154468208585, "size": 217820, "h4": 3.999635078501444, "h8": 5.941133338575629, "h16": 6.066954919062913, "h32": 7.314532636100294, "h64": 9.139940752286348}