{"ea": 5401.007410068755, "size": 395711, "h4": 3.5205893720175427, "h8": 4.337668729834913, "h16": 5.785363441560976, "h32": 7.541895214431791, "h64": 9.417136356212612}