{"ea": 5369.971005252787, "size": 153074, "h4": 3.9991296164362096, "h8": 5.314146071362596, "h16": 5.956426530472808, "h32": 7.644810265229055, "h64": 9.488559217182868}