{"ea": 2683.9816681231955, "size": 1525442, "h4": 3.320351714337873, "h8": 4.660619928509568, "h16": 6.164639462049898, "h32": 7.610507768966077, "h64": 9.139603862343513}