{"ea": 1207.696288328878, "size": 292053, "h4": 3.6542075066480235, "h8": 4.388286248572719, "h16": 5.802785362388178, "h32": 7.52493717047596, "h64": 9.389484637082258}