{"ea": 5358.751244846016, "size": 216400, "h4": 3.110294253941599, "h8": 4.077696943471848, "h16": 5.4775207634471474, "h32": 7.134456842277441, "h64": 8.997348083395302}