{"ea": 3007.0374236925727, "size": 1578833, "h4": 3.9778776672888574, "h8": 5.148940268905283, "h16": 6.172383419265276, "h32": 7.899182198489811, "h64": 9.75105861807517}