{"ea": 4174.220894633464, "size": 623314, "h4": 3.967973668090968, "h8": 5.425545941641399, "h16": 6.630275009042121, "h32": 8.214791880468734, "h64": 9.931129966455046}