{"ea": 3429.5775806847746, "size": 149370, "h4": 3.972231873069444, "h8": 5.592845616972108, "h16": 5.870496395621819, "h32": 7.203844096618011, "h64": 8.936844111525811}