{"ea": 7990.722736239016, "size": 1088014, "h4": 3.9192594366703, "h8": 5.786297511964962, "h16": 7.450264087929632, "h32": 8.987648674185795, "h64": 10.619813155994375}