{"ea": 2488.176107046906, "size": 282508, "h4": 3.9733398367502106, "h8": 5.408071940785495, "h16": 5.853646750589707, "h32": 7.490848835141303, "h64": 9.235072441830276}