{"ea": 6253.902903021653, "size": 1248178, "h4": 3.4499969168476663, "h8": 4.791585080969213, "h16": 6.32843225076517, "h32": 7.853756228468332, "h64": 9.487450187444317}