{"ea": 5081.312428174301, "size": 423114, "h4": 3.979224672675055, "h8": 4.721660903611534, "h16": 5.877497858914937, "h32": 7.610503506227922, "h64": 9.476612054243631}