{"ea": 10562.361075624372, "size": 378601, "h4": 3.9955768717117497, "h8": 5.928962542315956, "h16": 7.844562132073271, "h32": 9.788299547698596, "h64": 11.735887486826957}