{"ea": 5556.537525058659, "size": 892553, "h4": 3.13112531909988, "h8": 4.457860830466943, "h16": 5.955266281657147, "h32": 7.5571596156035, "h64": 9.260872626470162}