{"ea": 1696.1534419062675, "size": 521296, "h4": 3.5571975408881817, "h8": 4.6967702482912825, "h16": 5.5696162786455226, "h32": 7.123483735770542, "h64": 8.942867035811037}