{"ea": 1334.5755889702777, "size": 1510209, "h4": 3.893761541446344, "h8": 5.747643050261916, "h16": 7.5136465515394075, "h32": 8.76855762430921, "h64": 10.234140480282337}