{"ea": 2175.6580199287373, "size": 2879783, "h4": 3.9974321971557627, "h8": 5.714354047933428, "h16": 6.237909141338141, "h32": 7.720938413560384, "h64": 9.530564101492113}