{"ea": 4584.06016465862, "size": 1007025, "h4": 3.714333731376212, "h8": 5.404763823218509, "h16": 7.080197930112208, "h32": 8.586045932161127, "h64": 10.18974500353649}