{"ea": 5910.216303499777, "size": 1049492, "h4": 3.6537675213166896, "h8": 5.134633853275022, "h16": 6.668333108115305, "h32": 8.167411814384714, "h64": 9.731102764132949}