{"ea": 7711.0486250064205, "size": 1024629, "h4": 3.5865083650086182, "h8": 4.8130270786187435, "h16": 6.420008035993799, "h32": 8.004761352470982, "h64": 9.666974268667463}