{"ea": 6490.829175401081, "size": 782296, "h4": 3.4950044247267735, "h8": 4.621230205948301, "h16": 6.195042955504266, "h32": 7.80129346963855, "h64": 9.461324875095904}