{"ea": 9045.223662364042, "size": 1086040, "h4": 3.788328017091029, "h8": 5.213560294405466, "h16": 6.6852946527164, "h32": 7.948888500752838, "h64": 9.414461385382488}