{"ea": 4950.843689366556, "size": 277411, "h4": 3.607537327663416, "h8": 4.2691486046674, "h16": 5.594128183178813, "h32": 7.309645493605148, "h64": 9.163689787115368}