{"ea": 1713.6800594604806, "size": 523642, "h4": 3.551760584508245, "h8": 4.453584780907946, "h16": 5.69440133007349, "h32": 7.2933160182713195, "h64": 9.102952948493947}