{"ea": 541.6164172908047, "size": 3171238, "h4": 3.9247200279207917, "h8": 4.828852249032902, "h16": 6.0895226835649545, "h32": 7.81756434941881, "h64": 9.661590363536089}