{"ea": 6737.46016672152, "size": 794028, "h4": 3.5032278103061545, "h8": 4.987127435199229, "h16": 6.362870905353107, "h32": 7.810116787508198, "h64": 9.399094488345003}