{"ea": 1167.6889954733022, "size": 790229, "h4": 2.929973180920005, "h8": 4.163876637388515, "h16": 5.68795376580233, "h32": 7.442481347510297, "h64": 9.278487167400844}