{"ea": 11198.587893715847, "size": 1115913, "h4": 3.3456494674792054, "h8": 4.873448712914454, "h16": 6.2692037269878185, "h32": 7.775070244036248, "h64": 9.413117210672764}