{"ea": 5004.444565269163, "size": 828257, "h4": 3.895920096327041, "h8": 5.694715610464134, "h16": 7.3313637367673845, "h32": 8.768024664152597, "h64": 10.33480642736173}