{"ea": 4431.055310362188, "size": 1150417, "h4": 3.8845915919354645, "h8": 5.6436157111742515, "h16": 7.382268103367186, "h32": 9.02780654293812, "h64": 10.64076138298961}