{"ea": 2328.0856098635795, "size": 230982, "h4": 3.9958688863130396, "h8": 5.291151698933476, "h16": 5.935056902368244, "h32": 7.674219268722089, "h64": 9.45436451013853}