{"ea": 6514.741969956897, "size": 1146798, "h4": 3.8477821604894653, "h8": 5.224460216393873, "h16": 6.719628699933047, "h32": 8.439170498730103, "h64": 10.160190585998528}