{"ea": 3606.5753062178737, "size": 770602, "h4": 3.6464864270881265, "h8": 4.94423266756271, "h16": 6.148516432228098, "h32": 7.807995868790359, "h64": 9.590186784239432}