{"ea": 7822.523220650514, "size": 1026035, "h4": 3.637456529959763, "h8": 5.036824092148335, "h16": 6.332778875872918, "h32": 7.905827627047733, "h64": 9.514685297161234}