{"ea": 3268.1150598101563, "size": 1017627, "h4": 3.862806227900121, "h8": 5.640168840248697, "h16": 7.330084564253003, "h32": 8.92066438290938, "h64": 10.511285402047147}