{"ea": 11061.113114125917, "size": 799390, "h4": 3.492227976055544, "h8": 4.937172233668647, "h16": 6.544475124704219, "h32": 8.132853412200966, "h64": 9.764263226116427}