{"ea": 6095.744796351716, "size": 1388733, "h4": 3.7858040989432817, "h8": 5.342231079321323, "h16": 6.707369593565774, "h32": 8.343565795214216, "h64": 10.084731674243066}