{"ea": 9304.937291173666, "size": 581626, "h4": 3.9963563295798092, "h8": 5.784825988411898, "h16": 7.431912030289013, "h32": 9.293742767847284, "h64": 11.210900320642125}