{"ea": 5233.772185416148, "size": 1174839, "h4": 3.785799991654669, "h8": 5.307439767636531, "h16": 6.750403531947065, "h32": 8.236786647511146, "h64": 9.70776622266881}