{"ea": 11869.191297471978, "size": 586232, "h4": 3.579082705980449, "h8": 5.222135779867219, "h16": 6.583426247209213, "h32": 8.214667027988797, "h64": 9.886826998103825}