{"ea": 510.7040577016618, "size": 1833302, "h4": 3.8611159022148858, "h8": 4.866992514180632, "h16": 6.002317378832927, "h32": 7.735407737640287, "h64": 9.552071270431972}