{"ea": 4058.5532380615905, "size": 1289463, "h4": 3.500440667699265, "h8": 4.841549275787754, "h16": 6.425096110281862, "h32": 8.000765436013953, "h64": 9.534146079361706}