{"ea": 1690.3654279539646, "size": 214906, "h4": 3.862582853402875, "h8": 5.051962120263418, "h16": 5.965160545510769, "h32": 7.634989095185859, "h64": 9.502116725683504}