{"ea": 10869.213795691478, "size": 1028301, "h4": 3.702890167731178, "h8": 5.459654776659652, "h16": 7.2088113173279105, "h32": 8.706954085202065, "h64": 10.209150738061718}