{"ea": 2849.440591009291, "size": 171290, "h4": 3.999810035441215, "h8": 5.925176325521899, "h16": 6.042503961608757, "h32": 7.570364754645155, "h64": 9.336360226811902}