{"ea": 5826.4664684251475, "size": 273081, "h4": 3.9356681354583607, "h8": 5.363545789064078, "h16": 6.344062833268485, "h32": 7.943144813040955, "h64": 9.747428554829158}