{"ea": 5210.703939974955, "size": 242147, "h4": 3.9997575549980438, "h8": 5.990886097521752, "h16": 5.9968935661374605, "h32": 7.588428344979351, "h64": 9.234668742586987}