{"ea": 3260.5210609764886, "size": 225605, "h4": 3.7883539466671787, "h8": 5.362765942551334, "h16": 6.006386360875254, "h32": 7.466829742346535, "h64": 9.177588509912328}