{"ea": 12141.482873059029, "size": 1008131, "h4": 3.948055124382541, "h8": 5.697989355996393, "h16": 7.00985876174763, "h32": 8.512053602973939, "h64": 10.145181414045444}