{"ea": 1816.4221064212525, "size": 139584, "h4": 3.999756356753518, "h8": 5.824456490385794, "h16": 6.122549080523745, "h32": 7.730505040192175, "h64": 9.568726667586192}