{"ea": 7064.821312870112, "size": 1036366, "h4": 3.80692564308988, "h8": 5.608248332156123, "h16": 7.303283235616217, "h32": 8.737212053431726, "h64": 10.252147465828685}