{"ea": 4289.62128359404, "size": 2107137, "h4": 3.455688763740225, "h8": 4.887635183998082, "h16": 6.2365915073829665, "h32": 7.805478236135047, "h64": 9.38833909699996}