{"ea": 2639.9094244678317, "size": 971287, "h4": 3.830997852333367, "h8": 5.534558628966748, "h16": 7.059704942622192, "h32": 8.639657168685808, "h64": 10.270491137397666}