{"ea": 6412.4298792844065, "size": 1086269, "h4": 3.7180408183219686, "h8": 5.355656007942768, "h16": 7.0348663441663275, "h32": 8.593785511509571, "h64": 10.259174612661411}