{"ea": 8478.255721666474, "size": 988942, "h4": 3.6793822222716224, "h8": 5.420136395973662, "h16": 6.9909111154898955, "h32": 8.58364297577965, "h64": 10.13011689682693}