{"ea": 912.325316727553, "size": 724448, "h4": 3.918113760298999, "h8": 5.5906747295446415, "h16": 7.010583878050113, "h32": 8.843541850258932, "h64": 10.76255886305557}