{"ea": 3697.24972856143, "size": 1313334, "h4": 3.383095192736811, "h8": 4.352327028233836, "h16": 5.854044149725837, "h32": 7.526716092859445, "h64": 9.206537807094314}