{"ea": 9761.552330869641, "size": 884853, "h4": 3.67636144159109, "h8": 5.193523330542115, "h16": 6.5531883381281855, "h32": 8.128664761575514, "h64": 9.755172665899106}