{"ea": 4253.036136466108, "size": 1192268, "h4": 3.7102259841827148, "h8": 5.088421797351531, "h16": 6.548110910776221, "h32": 8.03817033661719, "h64": 9.60778745169522}