{"ea": 5396.473509973052, "size": 129035, "h4": 3.953782242751731, "h8": 5.847893295541773, "h16": 5.991683675149989, "h32": 7.1600463235785154, "h64": 8.869194731244908}