{"ea": 2575.0577821987204, "size": 181626, "h4": 3.9995373287170985, "h8": 5.910736323332961, "h16": 5.988707987559296, "h32": 7.520187835716001, "h64": 9.33563426315409}