{"ea": 7439.312171067674, "size": 1086976, "h4": 3.9445614458907117, "h8": 5.84403481024443, "h16": 7.607745020660867, "h32": 9.326217614386618, "h64": 11.048398131348797}