{"ea": 6329.644213493217, "size": 949570, "h4": 3.787144261573834, "h8": 5.343560559626199, "h16": 6.897746579927638, "h32": 8.590619406391415, "h64": 10.34901463308368}