{"ea": 1546.9095403128163, "size": 250212, "h4": 3.520227817249152, "h8": 4.672258425117311, "h16": 5.963045650643966, "h32": 7.662223675107129, "h64": 9.542912642757585}