{"ea": 5783.357887191837, "size": 968834, "h4": 3.7872250512852013, "h8": 5.254353995309261, "h16": 6.669334159481214, "h32": 8.183231619610341, "h64": 9.809127795643171}