{"ea": 3247.1492930915465, "size": 1300589, "h4": 3.7391350043011826, "h8": 5.29096104966684, "h16": 6.824855945079268, "h32": 8.261817449814835, "h64": 9.77941658337975}