{"ea": 5375.809527251563, "size": 190999, "h4": 3.940535780230526, "h8": 4.7807696070661665, "h16": 6.127137541671415, "h32": 7.872504924821502, "h64": 9.765506155245586}