{"ea": 10846.450103915133, "size": 378976, "h4": 3.99077409078264, "h8": 5.598614057985436, "h16": 6.85253188755112, "h32": 8.562266160646388, "h64": 10.33034704626218}