{"ea": 3254.247201919626, "size": 927812, "h4": 3.8345004272408865, "h8": 5.492698677055736, "h16": 7.05140716692677, "h32": 8.633410084447458, "h64": 10.301479663480723}