{"ea": 2070.3880388675657, "size": 345192, "h4": 3.978765996219697, "h8": 5.36899330987554, "h16": 6.0776318004099625, "h32": 7.750000170752569, "h64": 9.570825817116924}