{"ea": 3196.4139259472, "size": 133086, "h4": 3.9998071663374057, "h8": 5.963926371391036, "h16": 6.03859975608159, "h32": 7.4272753542114, "h64": 9.225094212797744}