{"ea": 10271.986897609497, "size": 882284, "h4": 3.775124078563034, "h8": 5.329351854713748, "h16": 7.047728737383759, "h32": 8.728448694374222, "h64": 10.477824306096478}