{"ea": 5661.7999192438, "size": 925659, "h4": 2.8353655259605763, "h8": 4.223096423096489, "h16": 5.840824726331238, "h32": 7.546173007995288, "h64": 9.278594373927932}