{"ea": 6665.991911417266, "size": 765833, "h4": 3.4659898134166944, "h8": 4.8369744433724025, "h16": 6.31172481554486, "h32": 7.935884130893639, "h64": 9.623649299017409}