{"ea": 4346.574058673227, "size": 1225167, "h4": 3.6043244724991266, "h8": 5.3586851725686415, "h16": 6.980004054568102, "h32": 8.411486379473976, "h64": 9.894043840703734}