{"ea": 5341.136841895527, "size": 420735, "h4": 3.445753761070562, "h8": 4.090586377018635, "h16": 5.490046936244468, "h32": 7.201268590184249, "h64": 8.96848154664427}