{"ea": 375.3684611438066, "size": 2143104, "h4": 3.7567910129486437, "h8": 4.459477591174122, "h16": 5.786799374982845, "h32": 7.4778706899140985, "h64": 9.287028222347931}