{"ea": 390.0372219507149, "size": 951830, "h4": 3.894147588195801, "h8": 4.540627402332816, "h16": 6.062706477054061, "h32": 7.773701947564502, "h64": 9.619265032924178}