{"ea": 6651.997187141106, "size": 835910, "h4": 3.9274910963985126, "h8": 5.647856676911344, "h16": 7.36117692051511, "h32": 8.943152983187861, "h64": 10.682624417753129}