{"ea": 1846.9138537354024, "size": 428115, "h4": 3.89182639397578, "h8": 4.693748897548092, "h16": 5.905863495793285, "h32": 7.56691044915325, "h64": 9.388231484930284}