{"ea": 4803.105785516092, "size": 139610, "h4": 3.9997212541458342, "h8": 5.920357855277414, "h16": 6.109246001513154, "h32": 7.6975930579041325, "h64": 9.49025270598048}