{"ea": 13763.159545185365, "size": 892538, "h4": 3.9513436380016294, "h8": 5.1438456949649884, "h16": 6.176636912183794, "h32": 7.658455165327142, "h64": 9.341459829064036}