{"ea": 8932.172820693388, "size": 949639, "h4": 3.8128101740117097, "h8": 5.354045609086818, "h16": 6.7885136780535085, "h32": 8.260446416125026, "h64": 9.840468068526754}