{"ea": 722.4274444944576, "size": 654621, "h4": 3.999579514641976, "h8": 5.907932128461367, "h16": 6.1528084106586025, "h32": 7.677698833227858, "h64": 9.523155083412227}