{"ea": 2139.982534608489, "size": 141340, "h4": 3.9995725624150618, "h8": 5.936444897358562, "h16": 6.004753702668399, "h32": 7.5146638560112535, "h64": 9.30698966461856}