{"ea": 1716.787026367065, "size": 206577, "h4": 3.9994216192082224, "h8": 5.709720046458564, "h16": 6.03013109282227, "h32": 7.504916675225293, "h64": 9.361504586777363}