{
  "ea": 6524.663685374447,
  "size": 6701992,
  "h4": 3.875563531945784,
  "h8": 5.686489667071742,
  "h16": 7.431888570004326,
  "h32": 9.011830394194433,
  "h64": 10.340127228306677
}