{"ea": 7186.661478906837, "size": 1351685, "h4": 3.909561032692966, "h8": 5.577253545879879, "h16": 7.219789421309333, "h32": 8.663505743074047, "h64": 10.196380060782445}