{"ea": 7509.884252905364, "size": 1181114, "h4": 3.6505113641282767, "h8": 5.04801415442985, "h16": 6.513106408887356, "h32": 8.013203779009338, "h64": 9.579977536931978}