{"ea": 2321.4199263618834, "size": 2003850, "h4": 3.3134034616147243, "h8": 3.892754170191716, "h16": 5.311783994650218, "h32": 7.017987733813019, "h64": 8.816732105705004}