{"ea": 6393.160983659718, "size": 999739, "h4": 3.9087213352660557, "h8": 5.505415952553543, "h16": 7.209838568472103, "h32": 8.769975118649361, "h64": 10.35532912018888}