{"ea": 5429.104639274273, "size": 1079392, "h4": 3.518709132862806, "h8": 5.034043580878934, "h16": 6.718191398108307, "h32": 8.300793839639793, "h64": 9.997698460288866}