{"ea": 7480.906572435543, "size": 1429793, "h4": 3.6755290116164137, "h8": 5.218091013674346, "h16": 6.621250990732008, "h32": 8.080515925235854, "h64": 9.691035236335061}