{"ea": 9870.757269290645, "size": 1057952, "h4": 3.6372983914912997, "h8": 5.195008767497409, "h16": 6.69140480195683, "h32": 8.334926481655032, "h64": 10.03901880533759}