{"ea": 5420.416613907183, "size": 118913, "h4": 3.999770527662221, "h8": 5.811008793529263, "h16": 6.015231363649643, "h32": 7.5190099218428985, "h64": 9.347736208438029}