{"ea": 6913.25844397438, "size": 992818, "h4": 3.55841829614457, "h8": 5.317361354284989, "h16": 6.946497793836177, "h32": 8.521397367901061, "h64": 10.154849070765005}