{"ea": 5014.58759702554, "size": 186596, "h4": 3.9676940708434296, "h8": 4.928475332387685, "h16": 6.07574394769311, "h32": 7.798594266575979, "h64": 9.646108813098508}