{"ea": 1459.2175028363245, "size": 194747, "h4": 3.9192282585971645, "h8": 4.686479237633928, "h16": 6.068803277899134, "h32": 7.833894077597796, "h64": 9.70608773551021}