{"ea": 5483.806977105243, "size": 1078932, "h4": 3.770778090131165, "h8": 5.247379674545547, "h16": 6.734985152494238, "h32": 8.16957178949801, "h64": 9.746126785991919}