{"ea": 8637.965268112946, "size": 678840, "h4": 3.5421378013474323, "h8": 4.642701627668917, "h16": 6.227607353933541, "h32": 7.919499368035594, "h64": 9.590140582552824}