{"x": -0.0070095313737539855, "y": -0.20900461116575003, "target": [0.13497361540794373, 0.5929815173149109, -0.53937828540802, -0.49548226594924927, -0.20697210729122162, -0.3869819939136505, -0.6697096824645996]}