{"ea": 3204.038710939454, "size": 395692, "h4": 3.7621881496935465, "h8": 4.984387291019956, "h16": 6.095393962452172, "h32": 7.768792509606273, "h64": 9.559564010655567}