{"ea": 6800.670390234313, "size": 1454902, "h4": 3.7319624318408122, "h8": 5.069782445468318, "h16": 6.553582292025976, "h32": 8.049286920290072, "h64": 9.654000371099665}