{"ea": 6037.071628703513, "size": 582799, "h4": 3.884587906113411, "h8": 5.403825729907357, "h16": 6.977431996479632, "h32": 8.67024985198536, "h64": 10.421897194561645}