{"ea": 5377.458443843196, "size": 300431, "h4": 3.644368285255412, "h8": 4.314856028517636, "h16": 5.751424281375514, "h32": 7.48686555630387, "h64": 9.340816530171846}