{"ea": 8024.3606759425065, "size": 1074951, "h4": 3.827437057514378, "h8": 5.172406719322842, "h16": 6.669327086625421, "h32": 8.189905588310237, "h64": 9.753605134826202}