{"ea": 1122.2061134088021, "size": 364964, "h4": 3.9986240089643914, "h8": 5.654104423374832, "h16": 5.970138660924186, "h32": 7.4693697900496066, "h64": 9.292467173513383}