{"ea": 4653.475299348561, "size": 942139, "h4": 3.8515394456581777, "h8": 5.5771163332605145, "h16": 7.270135830093426, "h32": 8.783016720742362, "h64": 10.324993834820177}