{"ea": 11456.53462888808, "size": 586035, "h4": 3.5256758057459336, "h8": 4.399103448836242, "h16": 5.929992047590334, "h32": 7.6236198163356885, "h64": 9.337356337621422}