{"ea": 2908.333668318805, "size": 190261, "h4": 3.988473455164087, "h8": 5.871317221408032, "h16": 7.153554846403889, "h32": 8.805245930176676, "h64": 10.675232885682167}