{"ea": 9330.918127778894, "size": 928116, "h4": 3.873809978995821, "h8": 5.45656157119967, "h16": 7.047085123532801, "h32": 8.545892682765894, "h64": 10.142248835759958}