{"ea": 2205.1656199334334, "size": 212804, "h4": 3.6756720095450577, "h8": 4.706160740433344, "h16": 5.760417079452143, "h32": 7.416552776602385, "h64": 9.235860070567668}