{"ea": 522.0398693408849, "size": 873232, "h4": 3.8973550917849673, "h8": 4.937098096697074, "h16": 6.09295471142869, "h32": 7.864320112074037, "h64": 9.783663197580942}