{"ea": 4287.414278104826, "size": 1486885, "h4": 3.714305072016977, "h8": 5.086292951714806, "h16": 6.531663040933639, "h32": 8.125449724284785, "h64": 9.82673145933839}