{"ea": 1960.060929971195, "size": 4103761, "h4": 3.8676852378539763, "h8": 5.1419129782273565, "h16": 6.527333142327445, "h32": 8.164738493357659, "h64": 9.957981375354809}