{"ea": 9058.787593128925, "size": 946603, "h4": 3.897991634659976, "h8": 5.6191166578850975, "h16": 7.170254012613082, "h32": 8.647701096526987, "h64": 10.265125745138409}