{"ea": 4619.752076849788, "size": 1186048, "h4": 3.4079928959346133, "h8": 4.4651101402975275, "h16": 6.0964094654133145, "h32": 7.838581270834375, "h64": 9.56885329368733}