{"ea": 5685.165751678, "size": 1539494, "h4": 3.4446149593272404, "h8": 4.862230292432637, "h16": 6.262214973256896, "h32": 7.886814557218555, "h64": 9.51995075841369}