{"ea": 7033.227767122333, "size": 1120611, "h4": 3.3514144488044204, "h8": 4.769073463801218, "h16": 6.253312143447774, "h32": 7.994239165849039, "h64": 9.743028894294529}