{"ea": 1801.1707009647723, "size": 370965, "h4": 3.63087625926923, "h8": 5.036153560058178, "h16": 6.032032790469839, "h32": 7.694698813501745, "h64": 9.507804717086394}