{"ea": 2944.1324950733415, "size": 181690, "h4": 3.9444313598660248, "h8": 4.710406044460735, "h16": 5.777515356913687, "h32": 7.471851087049355, "h64": 9.305140344622501}