{"ea": 442.3396747213462, "size": 1676658, "h4": 3.602456488696581, "h8": 4.47699272911326, "h16": 5.748019570174526, "h32": 7.4189174766360155, "h64": 9.262043046338693}