{"ea": 2832.8605208414383, "size": 1132087, "h4": 3.8916065203577546, "h8": 5.702069218803187, "h16": 7.192464610886056, "h32": 8.72862523671303, "h64": 10.4155736789698}