{"ea": 5829.651516462454, "size": 692854, "h4": 3.8655003226060445, "h8": 5.566001601561764, "h16": 7.239496507530394, "h32": 8.872077955682293, "h64": 10.54898264878516}