{"ea": 11483.113092871738, "size": 382437, "h4": 3.8761518358536704, "h8": 5.438053900938286, "h16": 6.8832524184525985, "h32": 8.524642600882743, "h64": 10.26988660107288}