{"ea": 919.1121292236516, "size": 215129, "h4": 3.974768317272612, "h8": 4.802033736108634, "h16": 5.896224068896027, "h32": 7.602422294063127, "h64": 9.470637880802418}