{"ea": 4790.753199833256, "size": 1036798, "h4": 3.775061387221643, "h8": 5.432382813216302, "h16": 6.825799263909994, "h32": 8.291569622060784, "h64": 9.898712363801199}