{"ea": 5416.937685080378, "size": 112375, "h4": 3.9996609834342656, "h8": 5.992712068214955, "h16": 6.095304781501094, "h32": 7.6524789787961325, "h64": 9.397544063353283}