{"ea": 2603.814315673233, "size": 598974, "h4": 3.7026980054186702, "h8": 4.429313005711252, "h16": 5.761357513325917, "h32": 7.462206823958946, "h64": 9.283319738277058}