{"ea": 12205.58382583889, "size": 732274, "h4": 3.973075356457034, "h8": 5.750516728820799, "h16": 7.397187911079207, "h32": 9.072418127956272, "h64": 10.828243126639688}