{"ea": 2570.976934598735, "size": 982608, "h4": 3.902876540831235, "h8": 5.7489321183244675, "h16": 7.513106929429476, "h32": 9.160013473767712, "h64": 10.758967698391977}