{"ea": 5377.974493163443, "size": 114607, "h4": 3.999803086659999, "h8": 5.993459261343297, "h16": 6.046220280321574, "h32": 7.1506277817663895, "h64": 8.932690506512554}