{"ea": 1537.2239946413627, "size": 252563, "h4": 3.9990230388155332, "h8": 5.778740088709813, "h16": 5.957849854658045, "h32": 7.375808755722681, "h64": 9.202888416122153}