{"ea": 1719.1277862047361, "size": 361409, "h4": 3.999396963788585, "h8": 5.960296792246551, "h16": 6.204076090630902, "h32": 7.480397906731147, "h64": 9.29469540990085}