{"ea": 2357.0035168810764, "size": 2006285, "h4": 3.5116595807549236, "h8": 5.132703058118015, "h16": 6.6926312708461655, "h32": 8.393666876785021, "h64": 10.209074233117937}