{"ea": 7450.503552157433, "size": 1021416, "h4": 3.8272564462847027, "h8": 5.4635108360595375, "h16": 7.068160547513597, "h32": 8.555328248102304, "h64": 10.130861165301782}