{"ea": 7465.845760829428, "size": 598696, "h4": 2.971454032069256, "h8": 4.309449761109115, "h16": 5.885126133897692, "h32": 7.606065415631679, "h64": 9.30284053665901}