{"ea": 7039.6478545692025, "size": 1244611, "h4": 3.8808086796272088, "h8": 5.559330309857772, "h16": 7.0787015230807935, "h32": 8.517229150793746, "h64": 9.959552897957277}