{"ea": 5424.533670891796, "size": 244303, "h4": 3.7175290960949834, "h8": 5.2954998121494, "h16": 6.74053469020075, "h32": 8.416813405422898, "h64": 10.159204851311669}