{"ea": 4237.265533149919, "size": 1430554, "h4": 3.568791834717806, "h8": 4.8763636317192285, "h16": 6.305931272623399, "h32": 7.896260834718827, "h64": 9.477179947508013}