{"ea": 7823.297972415447, "size": 988951, "h4": 3.7414107595100683, "h8": 5.439056844070599, "h16": 7.079001889015328, "h32": 8.608019224506023, "h64": 10.223829204446105}