{"ea": 2540.616054464706, "size": 643664, "h4": 3.5940507508573747, "h8": 4.768255104203539, "h16": 6.221041956296497, "h32": 7.939300085257651, "h64": 9.769349793930903}