{"ea": 6389.25244384992, "size": 906091, "h4": 3.877515561927124, "h8": 5.61086037393863, "h16": 7.142216990545452, "h32": 8.614031906310368, "h64": 10.274753179345446}