{"ea": 625.6497359567256, "size": 2614711, "h4": 3.855156490944491, "h8": 4.645719674490428, "h16": 5.930944544404796, "h32": 7.647879092897444, "h64": 9.467337854919162}