{"ea": 1493.6510573286398, "size": 447749, "h4": 3.998621827746459, "h8": 5.256551233875534, "h16": 6.15175300759652, "h32": 7.726061914323865, "h64": 9.554553450185278}