{"ea": 4572.814259646432, "size": 1877434, "h4": 3.5706828731944453, "h8": 5.01690088039831, "h16": 6.487728021596606, "h32": 7.892938152822515, "h64": 9.445063617348378}