{"ea": 8776.673229924898, "size": 289392, "h4": 3.9693897343764704, "h8": 5.477784499045537, "h16": 6.739855519136498, "h32": 8.308049339099837, "h64": 9.975047579640751}