{"ea": 4552.333020390343, "size": 369567, "h4": 3.9350217877682434, "h8": 5.413744884784615, "h16": 6.652658589745, "h32": 8.418226914137257, "h64": 10.285916650239049}