{"ea": 8048.3727013113285, "size": 950256, "h4": 3.4856350298579057, "h8": 4.900783393901233, "h16": 6.492876153946196, "h32": 8.115544272837722, "h64": 9.895059409181648}