{"ea": 9204.435752170788, "size": 938337, "h4": 3.8223133584223454, "h8": 5.526090345360993, "h16": 7.053277351553483, "h32": 8.551642927089759, "h64": 10.158023055176663}