{"ea": 7808.2711146096535, "size": 1125207, "h4": 3.8514489983667746, "h8": 5.5331205672712995, "h16": 7.195115356220144, "h32": 8.848174469566572, "h64": 10.485607284876394}