{"ea": 9100.538297300422, "size": 560471, "h4": 3.299251994279893, "h8": 4.619461020226535, "h16": 6.189024388081577, "h32": 7.806093513938851, "h64": 9.451173972328354}