{"ea": 2977.0896491270573, "size": 166900, "h4": 3.999653628214345, "h8": 5.6007125895917635, "h16": 5.863707609805889, "h32": 7.2292602290610475, "h64": 9.039059464803984}