{"ea": 8072.700833843928, "size": 750363, "h4": 3.793339326841203, "h8": 5.3010287551427755, "h16": 6.9293341830174855, "h32": 8.619725250614572, "h64": 10.340711474354123}