{"ea": 5411.938279433396, "size": 199253, "h4": 3.895704036454999, "h8": 5.096444749257563, "h16": 6.4139630204278255, "h32": 8.102417428765074, "h64": 9.9657069210628}