{"ea": 5350.818515395428, "size": 117427, "h4": 3.999660794963466, "h8": 5.995905471518629, "h16": 6.077553768971338, "h32": 7.56190726468597, "h64": 9.314131111874278}