{"ea": 4501.39801416429, "size": 148831, "h4": 3.9996994067749414, "h8": 5.86516544632828, "h16": 5.923383332705077, "h32": 7.487212198549955, "h64": 9.188217711145523}