{"ea": 7075.248732925, "size": 557881, "h4": 3.385141248219427, "h8": 4.714260748516352, "h16": 6.16008282251098, "h32": 7.743508116942676, "h64": 9.429420615780426}