{"ea": 4510.982837884165, "size": 1267364, "h4": 3.530121718289216, "h8": 5.378542142190055, "h16": 7.111446426013341, "h32": 8.80648717815524, "h64": 10.417624568118146}