{"ea": 4491.4994639129945, "size": 136467, "h4": 3.9994947805430545, "h8": 5.923782865339677, "h16": 6.44134782077443, "h32": 8.088398914465095, "h64": 9.962621739897353}