{"ea": 5362.918013391567, "size": 125091, "h4": 3.99868565516264, "h8": 5.388155853430205, "h16": 6.226365895567232, "h32": 7.927625666524459, "h64": 9.806069572422839}