{"ea": 4236.296975440743, "size": 1115940, "h4": 3.9784195898027055, "h8": 5.811778063713778, "h16": 7.490934298106728, "h32": 8.96756923356326, "h64": 10.56694791284089}