{"ea": 1743.9106814814343, "size": 1110177, "h4": 3.9063878626053796, "h8": 5.64118584459583, "h16": 7.310310595713457, "h32": 8.946763132102184, "h64": 10.611528956423276}