{"ea": 617.4444646882074, "size": 3613276, "h4": 2.9841713562731664, "h8": 4.249685393742997, "h16": 5.880869254702203, "h32": 7.599634208758932, "h64": 9.445101594988484}