{"ea": 2355.4915408522415, "size": 1773291, "h4": 3.5460720682894884, "h8": 4.751532636307991, "h16": 6.077360595869124, "h32": 7.816996335358031, "h64": 9.62228037956214}