{"ea": 5995.146868926158, "size": 1214107, "h4": 3.048512676403091, "h8": 4.493519913595989, "h16": 5.889509257388584, "h32": 7.421681838735595, "h64": 9.123922114599793}