{"ea": 1597.8978813641697, "size": 1193592, "h4": 3.8732096068553963, "h8": 5.572023393322375, "h16": 7.065050278148853, "h32": 8.512659001106307, "h64": 10.142752854276168}