{"ea": 3488.0302867742084, "size": 1294095, "h4": 3.585751213876458, "h8": 5.3023846285163, "h16": 6.9871236218377115, "h32": 8.48075110609653, "h64": 10.040383432603202}