{"ea": 9201.712794873178, "size": 1141341, "h4": 3.6344682103372827, "h8": 5.239941633466288, "h16": 6.811834226464065, "h32": 8.389577281282163, "h64": 10.037147889907086}