{"ea": 1049.6880645714054, "size": 593080, "h4": 3.8297709299124265, "h8": 4.998658826648518, "h16": 6.417078504739623, "h32": 8.161532969424504, "h64": 10.015540468826511}