{"ea": 1608.356381277149, "size": 244754, "h4": 3.9582833376955833, "h8": 5.403931254078678, "h16": 5.94930374974868, "h32": 7.585899284649462, "h64": 9.408689145569832}