{"ea": 7157.925167139282, "size": 655394, "h4": 3.5167287369470954, "h8": 4.862129664085566, "h16": 6.399971038912888, "h32": 8.089836732236389, "h64": 9.820386665031052}