{"ea": 5428.170570412475, "size": 338614, "h4": 3.8979141961188035, "h8": 4.433174390880817, "h16": 5.8422213225570765, "h32": 7.590653819915349, "h64": 9.445948676229996}