{"ea": 2110.9757786147943, "size": 762032, "h4": 3.4081147903972564, "h8": 4.384888916326464, "h16": 5.80522096030735, "h32": 7.477184581550019, "h64": 9.293141832616946}