{"ea": 1261.012557722616, "size": 379627, "h4": 3.8285978879702967, "h8": 5.058563923690321, "h16": 6.403301284006481, "h32": 8.004847000987287, "h64": 9.744451823678643}