{"ea": 3018.5918253193936, "size": 1417536, "h4": 3.72933937628209, "h8": 5.2125666562257615, "h16": 6.918678450006413, "h32": 8.526324512236446, "h64": 10.151363397811025}