{"ea": 8109.825270381116, "size": 1029664, "h4": 3.791606081431549, "h8": 5.504650168440656, "h16": 7.144527582611774, "h32": 8.612095430002606, "h64": 10.101821052147983}