{"ea": 5245.351592944795, "size": 177161, "h4": 3.9986623030484307, "h8": 4.876635711042308, "h16": 5.848671801094086, "h32": 7.622928212615321, "h64": 9.502169366831867}