{"ea": 2030.226279255667, "size": 582669, "h4": 3.745672711494705, "h8": 5.155039270809606, "h16": 5.780831513014025, "h32": 7.294419302348299, "h64": 8.98937383987559}