{"ea": 2568.5336996179453, "size": 1312026, "h4": 3.5954358032958393, "h8": 5.041221471674177, "h16": 6.603153609609638, "h32": 8.081529723610053, "h64": 9.60394254774975}