{"ea": 9174.949760108379, "size": 687131, "h4": 3.6581306778480736, "h8": 4.993059792638852, "h16": 6.455222686148386, "h32": 8.12165810888439, "h64": 9.841669499840476}