{"ea": 10291.171344007516, "size": 870980, "h4": 3.9215192832923504, "h8": 5.812266494358147, "h16": 7.5067678527966955, "h32": 9.065652025272783, "h64": 10.602665994307333}