{"ea": 3641.801625128791, "size": 1139004, "h4": 3.845730093688517, "h8": 5.536201818821994, "h16": 7.027239426195746, "h32": 8.553887078857567, "h64": 10.15856114537176}