{"ea": 5197.612555640765, "size": 1611376, "h4": 3.7252251234267506, "h8": 5.297492394912456, "h16": 6.842554054702756, "h32": 8.332581769787506, "h64": 9.874025284966756}