{"ea": 617.9222151145259, "size": 2317983, "h4": 3.9311470229570884, "h8": 4.752616090790003, "h16": 5.876001917361857, "h32": 7.619864433472616, "h64": 9.430120473089783}