{"ea": 3707.644917706652, "size": 253111, "h4": 3.645142517469412, "h8": 4.556657412947223, "h16": 5.616482791910098, "h32": 7.185490141371556, "h64": 8.954014031919746}