{"ea": 1091.867896969681, "size": 340071, "h4": 3.767366286248369, "h8": 4.822576628401429, "h16": 5.9170169541114745, "h32": 7.57985078074438, "h64": 9.381943591576064}