{"ea": 861.0607989470692, "size": 316316, "h4": 3.821765383208818, "h8": 5.366280751441685, "h16": 6.055989438030239, "h32": 7.670079510663461, "h64": 9.480348987446522}