{"ea": 4815.980319107487, "size": 147244, "h4": 3.881734593266958, "h8": 4.815952601603394, "h16": 5.849687239233587, "h32": 7.549676845873211, "h64": 9.42408318404794}