{"ea": 12136.434814737526, "size": 1074498, "h4": 3.9327525257973948, "h8": 5.7901328090653, "h16": 7.388520722139276, "h32": 8.690637637658526, "h64": 10.19543479188961}