{"ea": 2660.1498471412788, "size": 290704, "h4": 3.5714840616953842, "h8": 4.4419977662775825, "h16": 5.6613456425087865, "h32": 7.386238130146859, "h64": 9.255702218856626}