{"ea": 6910.736938559296, "size": 919420, "h4": 2.7258905363158243, "h8": 4.255864751206678, "h16": 5.918768311880303, "h32": 7.628670986414786, "h64": 9.355276944162371}