{"ea": 10324.982117862282, "size": 732085, "h4": 3.1170997315370177, "h8": 4.50351405339077, "h16": 6.149747123683266, "h32": 7.827543210355575, "h64": 9.584005658583141}