{"ea": 7057.797618750698, "size": 1244907, "h4": 3.4856823294445056, "h8": 5.246332992076643, "h16": 6.823345227684962, "h32": 8.332189062518568, "h64": 9.916015383411871}