{"ea": 2374.3850491778303, "size": 187227, "h4": 3.9998372050690563, "h8": 5.8398438119773495, "h16": 5.9388925856704855, "h32": 7.373981916654591, "h64": 9.045062661574937}