{"ea": 6002.370707763102, "size": 1384914, "h4": 3.705850195917954, "h8": 5.118345117465398, "h16": 6.563034011778432, "h32": 8.048365392128943, "h64": 9.673427855638453}