{"ea": 6359.634224540896, "size": 1735487, "h4": 3.8662833048221046, "h8": 5.482272453353816, "h16": 6.957348512791163, "h32": 8.41367789951599, "h64": 9.92823904625798}