{"ea": 332.13665971650767, "size": 2110964, "h4": 3.9994070409350133, "h8": 5.854796418409587, "h16": 6.952315244768091, "h32": 8.615992125146203, "h64": 10.290167162405693}