{"ea": 8053.742583816015, "size": 1355133, "h4": 3.918224332955, "h8": 5.579927051247298, "h16": 7.205253290521993, "h32": 8.837217764016412, "h64": 10.525552165138159}