{"ea": 2301.507506204386, "size": 250682, "h4": 3.9995930108802003, "h8": 5.812856014321756, "h16": 6.150078146344262, "h32": 7.539478554556409, "h64": 9.39998598821639}