{"ea": 785.3254022016437, "size": 999006, "h4": 3.5925659175561475, "h8": 4.532185022186136, "h16": 5.564647526286965, "h32": 7.09185053983178, "h64": 8.845320362038438}