{"ea": 9156.999541222684, "size": 1101175, "h4": 3.279796233918592, "h8": 4.669890204839572, "h16": 6.133250044637668, "h32": 7.765504189663629, "h64": 9.45771160984063}