{"ea": 3269.4653921684385, "size": 164633, "h4": 3.9970015817930227, "h8": 5.723154001705386, "h16": 6.198717160638276, "h32": 7.854566436085708, "h64": 9.730696668412563}