{"ea": 5370.778453384705, "size": 371158, "h4": 3.0673420648140386, "h8": 4.0615027995913735, "h16": 5.494537100709197, "h32": 7.18528143067888, "h64": 9.012015786812224}