{"ea": 5420.605311268264, "size": 255433, "h4": 3.8111526090692887, "h8": 4.709136920697376, "h16": 5.9691252962414385, "h32": 7.615390696622638, "h64": 9.468200929633738}