{"ea": 5755.267673833024, "size": 1300730, "h4": 3.934465707702959, "h8": 5.687753371866393, "h16": 7.22455010664265, "h32": 8.70427352109931, "h64": 10.307681066049607}