{"ea": 7539.903956771603, "size": 1014860, "h4": 3.9721534538469054, "h8": 5.7981209958779445, "h16": 7.3382452843003385, "h32": 8.882826506760166, "h64": 10.542468775289757}