{"ea": 8704.962235688245, "size": 1009257, "h4": 3.6098637668745264, "h8": 5.2448580765642685, "h16": 6.453288004606213, "h32": 7.937992225103117, "h64": 9.45684909291794}