{"ea": 5322.175958001445, "size": 126375, "h4": 3.9986196572408668, "h8": 5.853646194743382, "h16": 6.390771273872526, "h32": 8.11537958254733, "h64": 10.011531197903667}