{"ea": 5393.927669809006, "size": 107767, "h4": 3.9998516600417897, "h8": 5.9659712358036, "h16": 6.1944078035125845, "h32": 7.623585366346467, "h64": 9.49418158218242}