{"ea": 5390.01494465158, "size": 904220, "h4": 3.910690792878597, "h8": 5.694931397923426, "h16": 7.361921913764219, "h32": 8.971588334281357, "h64": 10.61115599764727}