{"ea": 7336.359368746094, "size": 1435922, "h4": 3.8016671482547886, "h8": 5.159644707136142, "h16": 6.690394183684008, "h32": 8.081200405485337, "h64": 9.534916490341427}