{"ea": 3613.475659340315, "size": 2134495, "h4": 3.362599514693559, "h8": 4.941522931571759, "h16": 6.510160612409772, "h32": 8.08235431907061, "h64": 9.755825602345384}