{"ea": 5169.930501122275, "size": 903212, "h4": 3.7881962551020587, "h8": 5.4766126908917006, "h16": 7.056210972797573, "h32": 8.655040434229848, "h64": 10.381588468664937}