{"ea": 1989.0665831380304, "size": 317729, "h4": 3.8973029815262232, "h8": 4.499907056016422, "h16": 5.705207961591949, "h32": 7.37726935504796, "h64": 9.190371102619963}