{"ea": 9344.130806643547, "size": 1173811, "h4": 3.8374526458287987, "h8": 5.678231877002834, "h16": 7.312240865957353, "h32": 8.735273686791942, "h64": 10.254705858410938}