{"ea": 4047.5462508340006, "size": 125223, "h4": 3.9997218384483277, "h8": 5.912724073748795, "h16": 5.9491913690602045, "h32": 7.265721524172109, "h64": 9.032744074231653}