{"ea": 2406.0572005294935, "size": 1242978, "h4": 3.8643320316367284, "h8": 5.602637820570181, "h16": 7.357773945399992, "h32": 9.013672788308398, "h64": 10.64540538636004}