{"ea": 3417.188101611023, "size": 1173373, "h4": 3.872203755347917, "h8": 5.65738885424407, "h16": 7.167569682131592, "h32": 8.723954146039276, "h64": 10.367414941877508}