{"ea": 2205.32918989232, "size": 248737, "h4": 3.9629523141150362, "h8": 4.6870607782098395, "h16": 5.79773363454693, "h32": 7.567361047350957, "h64": 9.446134912745666}