{"ea": 6931.942678935608, "size": 901680, "h4": 3.823114919193758, "h8": 5.322047196673128, "h16": 6.818657386073154, "h32": 8.268113141472773, "h64": 9.862798029644528}