{"ea": 7116.236149204617, "size": 928990, "h4": 3.9064207746477453, "h8": 5.660154737471111, "h16": 7.2805025991384404, "h32": 8.833002578524567, "h64": 10.466690056821552}