{"ea": 6260.29218266434, "size": 855539, "h4": 3.631561826809709, "h8": 5.275228319495897, "h16": 6.928813811241788, "h32": 8.544447473118076, "h64": 10.304310816479536}