{"ea": 1833.18532666192, "size": 276858, "h4": 3.9984421723431476, "h8": 5.776989007762117, "h16": 5.946126508606428, "h32": 7.363885413624395, "h64": 9.143426776452987}