{"ea": 1432.420434805244, "size": 173136, "h4": 3.919868707864097, "h8": 5.567169845874073, "h16": 6.100062053826408, "h32": 7.749687255937813, "h64": 9.531090001427568}