{"ea": 2620.073800714589, "size": 310327, "h4": 3.7216188972112962, "h8": 5.052000944286139, "h16": 5.864192662232201, "h32": 7.51270501177348, "h64": 9.327947432771523}