{"ea": 1639.638732114787, "size": 816291, "h4": 3.8734341942904784, "h8": 4.801838716855432, "h16": 5.7430064092178785, "h32": 7.380831553417116, "h64": 9.17574471445407}