{"ea": 10590.937599007566, "size": 798131, "h4": 3.1273529927048056, "h8": 4.527733972980607, "h16": 6.144190450140062, "h32": 7.72353992800475, "h64": 9.25414920847065}