{"ea": 2014.2139029266361, "size": 187614, "h4": 3.983765791450853, "h8": 5.444390499511881, "h16": 5.918599516754826, "h32": 7.476889739415213, "h64": 9.316256537437642}