{"ea": 533.6680432954819, "size": 6981814, "h4": 3.8899498325600455, "h8": 5.3083640494173405, "h16": 6.747318065998055, "h32": 8.53924207828965, "h64": 10.37180844361403}