{"ea": 5223.466157177436, "size": 145912, "h4": 3.9378008488679694, "h8": 5.604861322731813, "h16": 5.915130216964661, "h32": 7.515501444538142, "h64": 9.318985304089994}