{"ea": 1997.0542152323917, "size": 254308, "h4": 3.9685105714362368, "h8": 5.227613945755735, "h16": 5.926619409567856, "h32": 7.5746478747343176, "h64": 9.443662118574402}