{"ea": 5607.6452540687715, "size": 819102, "h4": 3.718629348378659, "h8": 5.515398168126663, "h16": 7.159286289579084, "h32": 8.794207862977725, "h64": 10.48778958937149}