{"ea": 904.1131237522928, "size": 611790, "h4": 3.708780864091733, "h8": 4.956231381592133, "h16": 5.84307707230797, "h32": 7.510378462087392, "h64": 9.271311582638084}