{"ea": 2869.416780687999, "size": 251607, "h4": 3.9998138593488135, "h8": 5.93239531671807, "h16": 6.054504813872153, "h32": 7.600693002318668, "h64": 9.202985271417809}