{"ea": 5391.377350027034, "size": 113599, "h4": 3.9997237162556853, "h8": 5.99527149643777, "h16": 6.034540065263571, "h32": 7.3556723433383215, "h64": 9.108527871453834}