{"ea": 5427.183629129908, "size": 125681, "h4": 3.999871912099776, "h8": 5.976877802399753, "h16": 6.118304431324857, "h32": 7.864648206785953, "h64": 9.68813282375747}