{"ea": 5888.596107759764, "size": 1150780, "h4": 3.8124740954569734, "h8": 5.193100083375912, "h16": 6.66346120175399, "h32": 8.155192335834563, "h64": 9.733776986646548}