{"ea": 662.1413623829582, "size": 1647122, "h4": 3.846092901722752, "h8": 4.684278206872755, "h16": 5.686688325889728, "h32": 7.2767262892199085, "h64": 9.07699877182706}