{"ea": 2168.189065575913, "size": 705526, "h4": 3.707589716826839, "h8": 4.72468519820107, "h16": 5.901375651699555, "h32": 7.528159033646332, "h64": 9.33617326404444}