{"ea": 2424.9656394988347, "size": 778331, "h4": 3.597313824701068, "h8": 4.859544335264285, "h16": 6.08481017201373, "h32": 7.722254753956572, "h64": 9.489314634364177}