{"ea": 1993.2030631330686, "size": 3774460, "h4": 3.874619731057207, "h8": 5.624629479177807, "h16": 7.364119387866616, "h32": 9.111175861706464, "h64": 10.796723533464938}