{"ea": 583.2980164612491, "size": 784966, "h4": 3.9758071628542124, "h8": 5.179400560369698, "h16": 5.99791451344469, "h32": 7.743657860615759, "h64": 9.622199827626332}