{"ea": 5351.720241719628, "size": 153471, "h4": 3.993475089648653, "h8": 5.164223464660126, "h16": 6.218058723060233, "h32": 7.8814852582670305, "h64": 9.756622093241788}