{"ea": 2285.2270860869744, "size": 203739, "h4": 3.9873957296410985, "h8": 5.393517078552846, "h16": 5.983940752000043, "h32": 7.560941892920925, "h64": 9.375822077293556}