{"ea": 2353.090491338637, "size": 195361, "h4": 3.816598570540226, "h8": 5.102793570085012, "h16": 5.78134222885344, "h32": 7.314673155126675, "h64": 9.156162577097843}