{"ea": 8342.22400053797, "size": 841544, "h4": 3.3310545549719723, "h8": 4.992087594517133, "h16": 6.673417473757943, "h32": 8.310330186436044, "h64": 9.94015390535311}