{"ea": 6758.36252236109, "size": 821979, "h4": 3.9236208202180514, "h8": 5.6577949549121875, "h16": 7.322982520336027, "h32": 8.91008311427034, "h64": 10.564669820526946}