{"ea": 9271.812998985542, "size": 1464451, "h4": 3.9663189510186996, "h8": 5.876402283620471, "h16": 7.645048662149024, "h32": 9.308250905222092, "h64": 10.99095143345129}