{"ea": 3504.9658317241506, "size": 537693, "h4": 3.8840994864870773, "h8": 4.971784796697014, "h16": 5.920916312373791, "h32": 7.586925419632926, "h64": 9.32246609909162}