{"ea": 10349.203720505444, "size": 1116359, "h4": 3.3624117995245575, "h8": 4.761369316613813, "h16": 6.19991711631193, "h32": 7.730454268023496, "h64": 9.32064529461595}