{"ea": 5390.365152100033, "size": 105306, "h4": 3.999442556031334, "h8": 5.9623063931707865, "h16": 6.009673757780616, "h32": 7.482708281244847, "h64": 9.236371402449546}