{"ea": 3851.725319953494, "size": 1058408, "h4": 3.7088310062521446, "h8": 5.455236013250425, "h16": 6.833972660688456, "h32": 8.342976920249267, "h64": 9.916787455559966}