{"ea": 640.9068307489849, "size": 718650, "h4": 3.974062588385967, "h8": 5.117557811751521, "h16": 6.272278349473213, "h32": 8.016574398206778, "h64": 9.873906007606138}