{"ea": 2165.9045765765754, "size": 222754, "h4": 3.9957840763214003, "h8": 5.235816137527495, "h16": 5.96538093828782, "h32": 7.6322630919016206, "h64": 9.442210313595943}