{"ea": 6877.148013572324, "size": 836199, "h4": 3.884338926953472, "h8": 5.487243155728299, "h16": 6.983479436003631, "h32": 8.461955093448502, "h64": 9.968684700806456}