{"ea": 5402.661875613515, "size": 116888, "h4": 3.9996380416566297, "h8": 5.985570540099756, "h16": 6.219853412456441, "h32": 7.573167808744319, "h64": 9.453681303467494}