{"ea": 5347.387405059324, "size": 294129, "h4": 3.2602370795770694, "h8": 4.309569116276003, "h16": 5.813671654156516, "h32": 7.553635440746267, "h64": 9.410852769740334}