{"ea": 5527.018102837337, "size": 1192685, "h4": 3.876936872919118, "h8": 5.536696346163023, "h16": 7.149392709826722, "h32": 8.662535451482041, "h64": 10.261755467916425}