{"ea": 4796.03530491624, "size": 224176, "h4": 3.9994406964597404, "h8": 5.860467913232386, "h16": 5.909837231179441, "h32": 7.009403562486884, "h64": 8.695506257133111}