{"ea": 833.8792746141305, "size": 2304157, "h4": 3.077275791201541, "h8": 4.185694886940692, "h16": 5.457018696753238, "h32": 7.063164617116784, "h64": 8.846708130389189}