{"ea": 5265.094829389732, "size": 1350704, "h4": 3.66282790627222, "h8": 5.217046644318918, "h16": 6.8169071266309, "h32": 8.305642382152715, "h64": 9.853303364625482}