{"ea": 712.7590645705224, "size": 189652, "h4": 3.866074990383169, "h8": 5.215092352391158, "h16": 6.162044773912289, "h32": 7.841347632990262, "h64": 9.685544272651956}