{"ea": 11448.809100354061, "size": 1019319, "h4": 3.658400150361407, "h8": 5.005532208014242, "h16": 6.451063772227785, "h32": 7.857178206039126, "h64": 9.451665173735108}