{"ea": 5238.189767829763, "size": 1130034, "h4": 3.7663615599280944, "h8": 5.2997986118379545, "h16": 6.788939847451134, "h32": 8.263437896403897, "h64": 9.867490290023838}