{"ea": 2839.351177672151, "size": 1343120, "h4": 3.8336370387136127, "h8": 5.483357819664587, "h16": 6.9604137694426935, "h32": 8.346116525365401, "h64": 9.824407893454428}