{"ea": 6304.2059485354075, "size": 1181092, "h4": 3.762809000048822, "h8": 5.420942707365646, "h16": 6.875498288693205, "h32": 8.43330537269321, "h64": 9.984473630522192}