{"ea": 8459.393411795067, "size": 1149522, "h4": 3.5507616770099535, "h8": 5.080538012839002, "h16": 6.667427879327659, "h32": 8.073384072084808, "h64": 9.620738875034819}