{"ea": 8430.374507157607, "size": 554867, "h4": 3.2825428722342735, "h8": 4.302261583160956, "h16": 5.557976344518809, "h32": 7.156744033587726, "h64": 8.896564574560328}