{"ea": 4427.342195871131, "size": 1265545, "h4": 3.603812479116958, "h8": 5.098041951583194, "h16": 6.567021743861892, "h32": 8.013585448195888, "h64": 9.618579293758884}