{"ea": 6998.415233793988, "size": 1074534, "h4": 3.893530661363296, "h8": 5.657221597271021, "h16": 7.234375684993971, "h32": 8.71700211956323, "h64": 10.202869911696549}