{"ea": 1819.852395133316, "size": 329825, "h4": 3.706716004396772, "h8": 4.7921278163010745, "h16": 5.979634925808092, "h32": 7.752752180550324, "h64": 9.66309947378361}