{"ea": 474.4352349476571, "size": 2376725, "h4": 3.959455518264148, "h8": 4.8499902190265685, "h16": 6.136721038278954, "h32": 7.830678679708386, "h64": 9.616190671399107}