{"ea": 2182.6783191198306, "size": 670498, "h4": 3.8809103349933416, "h8": 5.326698228435968, "h16": 5.899281224188959, "h32": 7.341761884188818, "h64": 9.181604628541116}