{"ea": 2545.811230447372, "size": 1059332, "h4": 3.987039351685855, "h8": 5.8859853374567415, "h16": 7.529261538085006, "h32": 9.186231643505312, "h64": 10.881797192685681}