{"ea": 10600.93066748469, "size": 961387, "h4": 3.962630334686721, "h8": 5.798457974516529, "h16": 7.299592346228243, "h32": 8.856180285005305, "h64": 10.455134668968999}