{"ea": 8220.885969022655, "size": 1150416, "h4": 3.882773737756323, "h8": 5.590592183061878, "h16": 7.013803181951877, "h32": 8.441131474652021, "h64": 10.020847341221831}