{"ea": 3915.5087567623523, "size": 1153826, "h4": 3.658619301759633, "h8": 5.149601847159602, "h16": 6.465419408801041, "h32": 7.893630439816677, "h64": 9.46164098900656}