{"ea": 6020.184393766352, "size": 1847430, "h4": 3.4021586789909914, "h8": 4.736190698871564, "h16": 6.148328633929543, "h32": 7.618805695137087, "h64": 9.270843344974832}