{
  "ea": 5924.679021055463,
  "size": 588733,
  "h4": 3.8783718719186453,
  "h8": 4.985369465451595,
  "h16": 6.44236807853299,
  "h32": 8.041342920178625,
  "h64": 9.807271884306676
}