{"ea": 1721.7799513186346, "size": 174396, "h4": 3.988995440450737, "h8": 5.50878971199108, "h16": 6.319376493556472, "h32": 8.002678753086295, "h64": 9.834875632208028}