{"ea": 3352.7958183452224, "size": 1139283, "h4": 3.8314919972407573, "h8": 5.2428015092080695, "h16": 6.539029699553435, "h32": 7.994229176178874, "h64": 9.627590942847423}