{"ea": 5472.446730522198, "size": 1650004, "h4": 3.884841199938389, "h8": 5.466805933655312, "h16": 7.196350602177689, "h32": 8.74568861127149, "h64": 10.234613316743463}