{"ea": 5044.700697491143, "size": 135494, "h4": 3.999833100806248, "h8": 5.950545148763337, "h16": 6.264180336582184, "h32": 7.736178475576965, "h64": 9.597476724228821}