{"ea": 801.3117382451042, "size": 368354, "h4": 3.6267249201208975, "h8": 4.7431461018849035, "h16": 5.923212206735391, "h32": 7.578820610948032, "h64": 9.388077635912351}