{"ea": 4344.315439547586, "size": 112368, "h4": 3.999677517798976, "h8": 5.978073559850737, "h16": 6.157563649127566, "h32": 7.583091318191941, "h64": 9.45445061691396}