{"ea": 8179.427473747676, "size": 1112234, "h4": 3.9417775142207208, "h8": 5.700749168016374, "h16": 7.213436403329613, "h32": 8.713502818320196, "h64": 10.283997646436955}