{"ea": 2087.910841452545, "size": 1227172, "h4": 3.823316132663131, "h8": 5.429978045295734, "h16": 7.084652589637761, "h32": 8.578697097851993, "h64": 10.141425338406178}