{"ea": 6564.480895376914, "size": 1290304, "h4": 3.580136961271829, "h8": 4.70943139848544, "h16": 6.041305153959375, "h32": 7.636795874536802, "h64": 9.332534145500055}