{"ea": 479.0699213828519, "size": 1231152, "h4": 2.459228974662065, "h8": 3.811719388356339, "h16": 5.394664670460226, "h32": 7.149089257566218, "h64": 8.897615804615626}