{"ea": 2191.882110047861, "size": 1486355, "h4": 3.8274659096688257, "h8": 5.319757956043086, "h16": 6.650954433107333, "h32": 8.106145885250765, "h64": 9.666292218355443}