{"ea": 1428.8772087564032, "size": 455696, "h4": 3.845433878595891, "h8": 4.60025120161044, "h16": 5.76743279234067, "h32": 7.495983951305481, "h64": 9.294085114586824}