{"ea": 2765.582147462147, "size": 359498, "h4": 3.9997987077352417, "h8": 5.378927723765223, "h16": 6.10808787447334, "h32": 7.611794343514196, "h64": 9.402629689482797}