{"ea": 9714.870395881695, "size": 971657, "h4": 3.62514708687593, "h8": 5.0202125455205024, "h16": 6.352947817368392, "h32": 7.8418082606220265, "h64": 9.464616760341551}