{"ea": 1416.9351050506898, "size": 794531, "h4": 3.9286285148183495, "h8": 5.473031139424938, "h16": 6.321657422874378, "h32": 7.889553008611369, "h64": 9.662345799947063}