{"ea": 1432.5908815895475, "size": 375297, "h4": 3.9779885300902227, "h8": 5.7382354567946825, "h16": 6.1918564601104515, "h32": 7.839977608701192, "h64": 9.602959457110941}