{"ea": 1941.7020848334096, "size": 519356, "h4": 3.999522098333186, "h8": 5.8670698071653575, "h16": 5.982428008634004, "h32": 7.120727693327716, "h64": 8.912734048429623}