{"ea": 8857.05872345843, "size": 1198735, "h4": 3.9170023157656826, "h8": 5.751335293137602, "h16": 7.403345298563659, "h32": 8.951201496051617, "h64": 10.520175711617878}