{"ea": 5869.491408732676, "size": 1216818, "h4": 3.7359694129292267, "h8": 5.324674554307226, "h16": 6.774705550898727, "h32": 8.281410423017112, "h64": 9.83246317049247}