{"ea": 5403.258315331321, "size": 113339, "h4": 3.9997173223701163, "h8": 5.997971846502939, "h16": 6.022199490301848, "h32": 7.640543000963573, "h64": 9.41188532428918}