{"ea": 4524.978708996096, "size": 604223, "h4": 3.770545936404093, "h8": 5.120155673606156, "h16": 6.509993436934879, "h32": 8.135988850105841, "h64": 9.90854864229362}