{"ea": 4975.050921669301, "size": 677632, "h4": 3.547452276893437, "h8": 4.881430286798871, "h16": 6.232223629912493, "h32": 7.886696055290552, "h64": 9.561953563314482}