{"ea": 3805.320855850772, "size": 1046595, "h4": 3.7922959883476106, "h8": 5.520655782074904, "h16": 7.077788806177286, "h32": 8.581466251558327, "h64": 10.205538231988058}