{"ea": 5637.584490253737, "size": 1215898, "h4": 3.248063049594797, "h8": 4.461480642719309, "h16": 6.037670200700061, "h32": 7.741732683093511, "h64": 9.375731306459466}