{"ea": 7427.989090827307, "size": 1005382, "h4": 3.752837285352946, "h8": 5.3203777507020495, "h16": 6.752285154331838, "h32": 8.2392517737185, "h64": 9.794844927846066}