{"ea": 526.6468202527442, "size": 1103452, "h4": 3.353659477804949, "h8": 4.25806214368148, "h16": 5.714219651267908, "h32": 7.452261387840641, "h64": 9.278538281490036}