{"ea": 6085.446244394471, "size": 1274882, "h4": 3.8239842469563805, "h8": 5.525611366186705, "h16": 7.174945803150363, "h32": 8.775111639190637, "h64": 10.40458496530205}