{"ea": 9996.390991662358, "size": 767383, "h4": 3.982007214562029, "h8": 5.829516591155396, "h16": 7.648041992800011, "h32": 9.419775476120247, "h64": 11.218381705476467}