{"ea": 601.4181844459868, "size": 925297, "h4": 3.855027930388686, "h8": 4.823756613797134, "h16": 5.90008705299765, "h32": 7.619819295058497, "h64": 9.499831399722112}