{"ea": 7011.078131971728, "size": 1021184, "h4": 3.8187803258367805, "h8": 5.416458650328088, "h16": 6.866883554086382, "h32": 8.298109510237083, "h64": 9.79249590349066}