{"ea": 908.9992720337233, "size": 375184, "h4": 3.614989285183479, "h8": 5.020641492422602, "h16": 5.790323583174484, "h32": 7.3873252880190545, "h64": 9.132676309800704}