{"ea": 414.4703301629209, "size": 2033180, "h4": 3.9671768764644044, "h8": 5.022756444996208, "h16": 6.390132316555841, "h32": 8.044214933611315, "h64": 9.800325361032185}