{"ea": 6823.053520385761, "size": 890437, "h4": 3.9100866645471144, "h8": 5.769074838248679, "h16": 7.45639642211184, "h32": 8.871304662750754, "h64": 10.441415640351913}