{"ea": 3055.6441706702312, "size": 216158, "h4": 3.997273372340325, "h8": 5.077235510670644, "h16": 5.84043017704023, "h32": 7.4837057386604995, "h64": 9.34340704287995}