{"ea": 2498.0375924016307, "size": 238125, "h4": 3.937151524256098, "h8": 5.2834623722235285, "h16": 6.812059114078901, "h32": 8.661293354190462, "h64": 10.596861828072345}