{"ea": 5392.770481627615, "size": 322049, "h4": 3.4310629303511044, "h8": 4.127746616495337, "h16": 5.639873751654455, "h32": 7.333089104215961, "h64": 9.116279333716735}