{"ea": 8135.166504035194, "size": 1122497, "h4": 3.503002983338174, "h8": 5.12240140463376, "h16": 6.771007013154773, "h32": 8.329937877732927, "h64": 9.992607021710743}