{"ea": 9213.91204916778, "size": 1674389, "h4": 3.7962238717980865, "h8": 5.139761349232696, "h16": 6.5060080066217765, "h32": 7.972813269803773, "h64": 9.536313777054623}