{"ea": 2528.595957191953, "size": 160658, "h4": 3.8914268029388985, "h8": 5.736467968861755, "h16": 6.017544006780053, "h32": 7.636515033607171, "h64": 9.438626965631812}