{"ea": 1737.9622091539356, "size": 653238, "h4": 3.9155548203125026, "h8": 5.590158590784567, "h16": 7.268475896278803, "h32": 8.995457828104286, "h64": 10.794416837656883}