{"ea": 502.6435085580787, "size": 6848087, "h4": 3.4220772332497993, "h8": 4.461616871872444, "h16": 5.938709551333706, "h32": 7.695887301258698, "h64": 9.548014294275148}