{"ea": 1799.324335447838, "size": 325233, "h4": 3.981717788441301, "h8": 5.087733925255166, "h16": 6.071768327750567, "h32": 7.737801496590836, "h64": 9.56164750580821}