{"ea": 3317.4945967910353, "size": 1160314, "h4": 3.7663238538682045, "h8": 5.230752392301839, "h16": 6.691656684425374, "h32": 8.194437834839455, "h64": 9.816485301425136}