{"ea": 1043.7276687010576, "size": 1065786, "h4": 3.787924778716178, "h8": 5.444637539116956, "h16": 7.125310959992227, "h32": 8.654582953758581, "h64": 10.277740695256188}