{"ea": 671.4625553858643, "size": 4982233, "h4": 3.3706225887331174, "h8": 4.322527718033177, "h16": 5.609748619016978, "h32": 7.2490401805049745, "h64": 9.02893809693373}