{"ea": 635.0047114408167, "size": 629762, "h4": 3.4269065384803037, "h8": 4.615023871364302, "h16": 5.81961072549358, "h32": 7.43884380151759, "h64": 9.240126938686952}