{"ea": 1399.262757615387, "size": 373975, "h4": 3.999542496804416, "h8": 5.9787108566230955, "h16": 6.117580604897389, "h32": 7.3588955612772375, "h64": 9.180525823187024}