{"ea": 5205.756368962249, "size": 1405821, "h4": 3.6680939940430006, "h8": 4.824322460350011, "h16": 6.14066538295685, "h32": 7.67593296933646, "h64": 9.283992232653342}