{"ea": 1064.408399833757, "size": 440151, "h4": 3.40300690453218, "h8": 4.411494099069394, "h16": 5.716535905721203, "h32": 7.3871387323062825, "h64": 9.192378449976648}