{"ea": 4492.695535371501, "size": 1004920, "h4": 3.9058385606672115, "h8": 5.7127805616437035, "h16": 7.3309219264343195, "h32": 8.796368971844315, "h64": 10.354126800003815}