{"ea": 8842.181775220848, "size": 1457648, "h4": 3.7854727461382325, "h8": 5.2629429681433795, "h16": 6.726372917577837, "h32": 8.144464170410187, "h64": 9.651874883482243}