{"ea": 5367.1830631075645, "size": 118987, "h4": 3.99977577064306, "h8": 5.998436697244909, "h16": 6.194459167579938, "h32": 7.832395036940884, "h64": 9.628907885500693}