{"ea": 5414.472238400092, "size": 123540, "h4": 3.9996483859205023, "h8": 5.807600808487549, "h16": 5.944885379027298, "h32": 7.42354478747794, "h64": 9.240966499285715}