{"ea": 3887.6956735568947, "size": 1269815, "h4": 3.888379820584301, "h8": 5.461672103446471, "h16": 6.870554804168323, "h32": 8.369129821810297, "h64": 9.909164131238372}