{"ea": 3527.018784773189, "size": 320827, "h4": 3.7572255253862834, "h8": 4.42025751714323, "h16": 5.6897644039725765, "h32": 7.3242385494545506, "h64": 9.04495921143808}