{"ea": 4687.805951332334, "size": 268079, "h4": 3.9482632468744288, "h8": 4.848627489394101, "h16": 5.786904721453176, "h32": 7.315343639572404, "h64": 9.061024988308738}