{"ea": 2750.265310210906, "size": 217370, "h4": 3.988864996314792, "h8": 5.226371386388859, "h16": 5.772258771284435, "h32": 7.45037896033414, "h64": 9.284800812310188}