{"ea": 5270.576209899785, "size": 246946, "h4": 3.9568827523727528, "h8": 4.867754527857719, "h16": 6.110822317738715, "h32": 7.7058763103728545, "h64": 9.491913873492036}