{"ea": 5319.733731342373, "size": 1050014, "h4": 3.3074145810367686, "h8": 4.647604716727934, "h16": 5.8872723754444, "h32": 7.584943879090684, "h64": 9.315936455675054}