{"ea": 7293.550893816447, "size": 398037, "h4": 3.7469979059283682, "h8": 4.667380962257549, "h16": 5.778237162032325, "h32": 7.369941179652713, "h64": 9.150024468520803}