{"ea": 1131.13083231381, "size": 308053, "h4": 3.5654214288251276, "h8": 4.178135578611384, "h16": 5.733936156491215, "h32": 7.384518989873059, "h64": 9.18623009998121}