{"ea": 2772.8392280980506, "size": 1265002, "h4": 3.8058003361087502, "h8": 5.45585959698462, "h16": 7.015643579108815, "h32": 8.616113064819569, "h64": 10.208848697026587}