{"ea": 10376.91766375415, "size": 995868, "h4": 3.8052870685604834, "h8": 5.294453180061954, "h16": 6.739567648842991, "h32": 8.34661966386996, "h64": 9.948279297934535}