{"ea": 11840.674149211776, "size": 1238153, "h4": 3.4494010497943095, "h8": 4.901722998771792, "h16": 6.432772269267827, "h32": 8.076645599588442, "h64": 9.702295023790509}