{"ea": 91.88359722976217, "size": 537591, "h4": 3.913019424486957, "h8": 5.500903088500367, "h16": 7.166124590692823, "h32": 8.892277804433927, "h64": 10.696566973967357}