{"ea": 8567.20318566346, "size": 693923, "h4": 3.3809363733516795, "h8": 4.643627376758003, "h16": 5.930298520601168, "h32": 7.645902339126337, "h64": 9.372035566795503}