{"ea": 3844.6015793873903, "size": 1020678, "h4": 3.8912617602057757, "h8": 5.561353562832511, "h16": 7.021938791335481, "h32": 8.501237992684462, "h64": 10.13468032520412}