{"ea": 1725.6334143022398, "size": 728986, "h4": 3.784001733947264, "h8": 5.395964112396742, "h16": 6.882144562844049, "h32": 8.578073188496223, "h64": 10.361904468038837}