{"ea": 3750.038770287486, "size": 903686, "h4": 3.7357518719476555, "h8": 5.358541042566165, "h16": 6.845336911867474, "h32": 8.416104561882563, "h64": 10.035500801719522}