{"ea": 3615.248652910889, "size": 166584, "h4": 3.999816811338274, "h8": 5.994970365990961, "h16": 6.037886735796595, "h32": 7.70160048166232, "h64": 9.542601083874974}