{"ea": 3860.9506613187564, "size": 1929363, "h4": 3.669576643483687, "h8": 5.081922991642109, "h16": 6.688765200227422, "h32": 8.305842121022733, "h64": 9.930524544836473}