{"ea": 3651.7211053396622, "size": 1039593, "h4": 3.850144772884571, "h8": 5.388252272461832, "h16": 6.805922550318423, "h32": 8.26608904627452, "h64": 9.900766311546612}