{"ea": 2092.9125600438347, "size": 175134, "h4": 3.9997118550988686, "h8": 5.597469115130653, "h16": 6.154690771668227, "h32": 7.736690563480001, "h64": 9.574350991058646}