{"ea": 1554.4768643113584, "size": 1428571, "h4": 3.858083631192826, "h8": 5.7042780138175075, "h16": 7.34468134565137, "h32": 8.814526979108269, "h64": 10.375735238426248}