{"ea": 4221.975246854399, "size": 635341, "h4": 3.510345907894873, "h8": 4.199815877043601, "h16": 5.540554769900254, "h32": 7.221216635199749, "h64": 9.08105843918937}