{"ea": 2623.6065171972646, "size": 231906, "h4": 3.8435713925329207, "h8": 4.7767073232235635, "h16": 5.8337446958286545, "h32": 7.480928047576278, "h64": 9.316847079318606}