{"ea": 697.557205784184, "size": 2623896, "h4": 3.403796211658012, "h8": 4.788298230089191, "h16": 6.221104888570029, "h32": 7.953934717803968, "h64": 9.782356980955795}