{"ea": 1221.3226507192785, "size": 440059, "h4": 3.206209128341887, "h8": 4.028608031785362, "h16": 5.508607774407438, "h32": 7.244104180217672, "h64": 9.074560843291223}