{"ea": 2255.1045133139037, "size": 228372, "h4": 3.9974918018341272, "h8": 4.973431365894292, "h16": 5.749260970169297, "h32": 7.391389678431877, "h64": 9.252622365295721}