{"ea": 1254.1525758439568, "size": 1133521, "h4": 3.6147730188890814, "h8": 5.205984803007401, "h16": 6.829776458879037, "h32": 8.299915637943183, "h64": 9.90885554433957}