{"ea": 2412.4792482694083, "size": 226271, "h4": 3.9995347143130466, "h8": 5.684864088183607, "h16": 6.022020392941879, "h32": 7.5132880598475795, "h64": 9.316543814207577}