{"ea": 4254.014113683884, "size": 1060422, "h4": 3.850228798044874, "h8": 5.670139406448233, "h16": 7.356126290237917, "h32": 8.94938747978711, "h64": 10.574070236246884}