{"ea": 2849.759344297663, "size": 941627, "h4": 2.9675797130224506, "h8": 4.3275507233247685, "h16": 5.662011066413354, "h32": 7.347012783338778, "h64": 9.148831803030994}