{"ea": 2703.3601336873844, "size": 248121, "h4": 3.996957540737025, "h8": 4.798073528141007, "h16": 6.002822506224366, "h32": 7.692273327456444, "h64": 9.56087567110527}