{"ea": 10325.972053198688, "size": 593674, "h4": 3.5334730675510277, "h8": 4.914956318854408, "h16": 6.098530079859245, "h32": 7.676319819667347, "h64": 9.348157963899167}