{"ea": 5192.053873235542, "size": 406641, "h4": 3.5359571268335204, "h8": 4.9183498147064135, "h16": 6.4154792396829485, "h32": 7.975932756683328, "h64": 9.718293747413245}