{"ea": 2807.9553941469103, "size": 365358, "h4": 3.96125492896214, "h8": 5.148934110493886, "h16": 6.092550626702092, "h32": 7.6825005800331105, "h64": 9.497289832197264}