{"ea": 1517.89176886652, "size": 2500713, "h4": 3.8654292527730862, "h8": 4.981206013979043, "h16": 6.02316876545906, "h32": 7.751540152314611, "h64": 9.582141505611686}