{
  "ea": 2338.3256690799676,
  "size": 3931169,
  "h4": 3.854424781568565,
  "h8": 5.757355340792362,
  "h16": 7.490867348029656,
  "h32": 8.924599685344553,
  "h64": 10.33579136519367
}