{"ea": 2518.4316275807514, "size": 331508, "h4": 3.945623319333475, "h8": 4.775644291207335, "h16": 5.663363353331222, "h32": 7.3139629211598125, "h64": 9.167026650533334}