{"ea": 2554.8975156456804, "size": 209018, "h4": 3.9288620543417827, "h8": 5.451358381985872, "h16": 6.6543649025264795, "h32": 8.370079779969391, "h64": 10.211170835430895}