{"ea": 8726.731234275934, "size": 914503, "h4": 3.6009098205292576, "h8": 4.491556182192836, "h16": 5.717647853544268, "h32": 7.276413423245394, "h64": 8.93475151514436}