{"ea": 4036.9389280752894, "size": 759221, "h4": 3.9418849992332503, "h8": 5.804040091725463, "h16": 7.460620927750279, "h32": 9.124967047984574, "h64": 10.813951227680022}