{"ea": 8462.829366706525, "size": 893348, "h4": 3.3661725968928677, "h8": 4.6566796013859655, "h16": 6.2745114174014205, "h32": 7.924085519262199, "h64": 9.609966683965428}