{"ea": 8206.713529481669, "size": 491414, "h4": 3.613865362719116, "h8": 4.788503382369791, "h16": 6.242667046841143, "h32": 7.880653517178986, "h64": 9.593921334512734}