{"ea": 5717.111562918374, "size": 1200756, "h4": 3.8464075375249545, "h8": 5.549375668396825, "h16": 7.134157510939489, "h32": 8.711480122949494, "h64": 10.350112749866568}