{"ea": 9054.340818376733, "size": 892716, "h4": 3.7821000826334847, "h8": 5.385940267410797, "h16": 6.936592969706424, "h32": 8.616967054256381, "h64": 10.367504409062896}