{"ea": 2387.6398367113206, "size": 206737, "h4": 3.896308788276269, "h8": 5.420102663989999, "h16": 5.931451657831557, "h32": 7.454558545566341, "h64": 9.27139998758635}