{"ea": 5336.175940961918, "size": 1100104, "h4": 3.5266986016062107, "h8": 4.895410034201562, "h16": 6.49064501958919, "h32": 8.146495553942662, "h64": 9.78365458647756}