{"ea": 14135.494918130187, "size": 1214263, "h4": 3.8708023628083685, "h8": 5.694856034066276, "h16": 7.4416177704014235, "h32": 9.059648667209387, "h64": 10.624156480330324}