{"ea": 3898.653213375942, "size": 974423, "h4": 3.589203946171282, "h8": 5.254287472880266, "h16": 6.945036473170223, "h32": 8.555512477072977, "h64": 10.146507963303005}