{"ea": 2046.5829726050881, "size": 485594, "h4": 3.135972575057397, "h8": 4.151969454358035, "h16": 5.600147836044824, "h32": 7.259279218317877, "h64": 9.06199225447083}