{"ea": 1104.620113715786, "size": 414832, "h4": 3.839606048046905, "h8": 5.072626621534366, "h16": 6.030983527150401, "h32": 7.555814036876281, "h64": 9.379456155395559}