{"ea": 7847.574733489713, "size": 630107, "h4": 3.956827516425754, "h8": 5.344637550759922, "h16": 6.579624705048218, "h32": 8.146395696968565, "h64": 9.869815824202643}