{"ea": 1056.6064963868403, "size": 2890277, "h4": 3.9616424772836076, "h8": 5.163374750970094, "h16": 5.496496066527735, "h32": 6.998125028257559, "h64": 8.694482943484672}