{"ea": 2374.4379665276088, "size": 193214, "h4": 3.9418009991971372, "h8": 5.457218004366267, "h16": 6.432087308535635, "h32": 8.179727075789781, "h64": 10.064092712327767}