{"ea": 5367.008810857313, "size": 1789004, "h4": 3.8460865040565637, "h8": 5.409052362840152, "h16": 6.770657838025073, "h32": 8.45286934597704, "h64": 10.22002659370108}