{"ea": 4066.968538316239, "size": 1254060, "h4": 3.708676299477054, "h8": 5.417703247551279, "h16": 6.970821818259113, "h32": 8.464150821319558, "h64": 9.977404868144847}