{"ea": 1648.456465827696, "size": 858169, "h4": 3.7263243705077658, "h8": 5.10327297607539, "h16": 6.511368922005948, "h32": 8.19564857356993, "h64": 10.04024845395195}