{"ea": 2193.0971498145163, "size": 2763411, "h4": 3.7354408894892503, "h8": 4.879661360770888, "h16": 6.2860844181058795, "h32": 7.781416612020456, "h64": 9.461355891689845}