{"ea": 519.1345007014594, "size": 1558771, "h4": 3.666057010837616, "h8": 4.737016776379175, "h16": 6.057820549096366, "h32": 7.829672675411478, "h64": 9.690925562030012}