{"ea": 3373.4305886677403, "size": 1405024, "h4": 3.9678205322645046, "h8": 5.816412270082058, "h16": 7.573043553457973, "h32": 9.27612611900791, "h64": 10.954800912316584}