{"ea": 6149.546619889121, "size": 1010048, "h4": 3.765279047454776, "h8": 4.8804708742110146, "h16": 6.165855545393717, "h32": 7.760196055979405, "h64": 9.394563274789398}