{"ea": 8654.690600728005, "size": 678668, "h4": 3.698921159611371, "h8": 5.102733272539597, "h16": 6.550925940552398, "h32": 8.200109734783148, "h64": 9.952816923744383}