{"ea": 3701.873653183852, "size": 2120234, "h4": 3.54660537133982, "h8": 4.716326019137701, "h16": 6.155754254488294, "h32": 7.747314827556091, "h64": 9.50193216617347}