{"ea": 7530.988085161455, "size": 921786, "h4": 3.745770224029731, "h8": 5.604110977584581, "h16": 7.2055876436288155, "h32": 8.654001041202445, "h64": 10.213192090039273}