{"ea": 12814.560331697421, "size": 1408709, "h4": 3.8980017707424848, "h8": 5.275418879064889, "h16": 6.961843163653105, "h32": 8.57639013886239, "h64": 10.153408351315576}