{"ea": 6359.736954481023, "size": 1087384, "h4": 3.979027223038282, "h8": 5.521098435070273, "h16": 6.861008697406901, "h32": 8.383470302826435, "h64": 9.997419081538581}