{"ea": 1798.1929841923675, "size": 174214, "h4": 3.9998399535110467, "h8": 5.992393717933496, "h16": 6.043660824225421, "h32": 7.755453815433416, "h64": 9.528132134134106}