{"ea": 10942.38108580759, "size": 615069, "h4": 3.507131682723617, "h8": 4.788894209397373, "h16": 6.483992509063597, "h32": 8.220858755568958, "h64": 9.887759708030208}