{"ea": 8136.178471559344, "size": 1265659, "h4": 3.890893671259733, "h8": 5.545537470723083, "h16": 6.8528822634741235, "h32": 8.288166440639953, "h64": 9.915930814047382}