{"ea": 6663.071925577064, "size": 1300689, "h4": 3.9444750410994844, "h8": 5.699898950157747, "h16": 7.295737092619996, "h32": 8.920065468705639, "h64": 10.606953720704777}