{"ea": 4535.985950419296, "size": 1170259, "h4": 3.7111915575013708, "h8": 5.155190804109649, "h16": 6.542381149452008, "h32": 8.081366925561593, "h64": 9.687778126186304}