{"ea": 597.0243440056703, "size": 1651855, "h4": 3.8916433749176043, "h8": 4.628465401377008, "h16": 5.812461922829784, "h32": 7.489705981826992, "h64": 9.185841837313008}