{"ea": 1625.9558897051309, "size": 990180, "h4": 3.950075264905056, "h8": 4.914781599806121, "h16": 5.935256644656614, "h32": 7.473097619261672, "h64": 9.241208163802677}