{"ea": 3381.8526181715697, "size": 1183817, "h4": 3.69276449228386, "h8": 5.365631210665082, "h16": 6.9707427924353045, "h32": 8.507109836809562, "h64": 10.049591827362661}