{"ea": 7754.763868740488, "size": 1313744, "h4": 3.8755734426779154, "h8": 5.285135393546323, "h16": 6.834156650178288, "h32": 8.225078571919818, "h64": 9.731857407748965}