{"ea": 1856.5806764837714, "size": 2198771, "h4": 3.522996399863917, "h8": 4.553821274759795, "h16": 5.9458154082087065, "h32": 7.529495323022516, "h64": 9.21703456656271}