{"ea": 2601.279215181954, "size": 194415, "h4": 3.9931513073506446, "h8": 5.4049066586179055, "h16": 6.256799358699034, "h32": 7.969731629102636, "h64": 9.868204057094072}