{"ea": 2443.4535661165287, "size": 267327, "h4": 3.9637496300156796, "h8": 5.169565494250774, "h16": 5.970008157920009, "h32": 7.587429045878485, "h64": 9.409631332612154}