{"ea": 5350.454135541048, "size": 1594687, "h4": 3.7850759414946107, "h8": 5.318870741154132, "h16": 6.770843290804979, "h32": 8.242262653907758, "h64": 9.840228451685396}