{"ea": 4156.779128171504, "size": 1432006, "h4": 3.8991762142036, "h8": 5.543011971319501, "h16": 6.944341426307297, "h32": 8.39301149857087, "h64": 9.901998775360923}