{"ea": 6296.421957299461, "size": 1445276, "h4": 3.8250793867170763, "h8": 5.626677206618502, "h16": 7.2686800732385315, "h32": 8.87303400597301, "h64": 10.541401661346624}