{"ea": 6983.883700753642, "size": 1184910, "h4": 3.64196443181016, "h8": 5.107515276715339, "h16": 6.5125393893449, "h32": 7.908036367874331, "h64": 9.507505251536365}