{"ea": 5221.2937959454375, "size": 965105, "h4": 3.146969013840321, "h8": 4.655772236498299, "h16": 6.3445559550756885, "h32": 8.016145174764759, "h64": 9.753114827849505}