{"ea": 7758.923897136045, "size": 786512, "h4": 3.9632686549229046, "h8": 5.721164647388871, "h16": 7.189002196868142, "h32": 8.652558766209742, "h64": 10.294486604914166}