{"ea": 7312.512604522593, "size": 1166595, "h4": 3.583158359365914, "h8": 4.9775954218324845, "h16": 6.610413212776161, "h32": 8.159470002879637, "h64": 9.80858877216446}