{"ea": 3303.092912176331, "size": 157630, "h4": 3.9958901948639616, "h8": 5.1606800270102635, "h16": 6.0116243121005635, "h32": 7.730791368654961, "h64": 9.627580005486816}