{"ea": 6753.259876332795, "size": 1373223, "h4": 3.360149449003798, "h8": 4.729704623533701, "h16": 6.269135170549238, "h32": 7.9147886052388055, "h64": 9.575868039991983}