{"ea": 4856.418323984378, "size": 1150799, "h4": 3.9012671503442915, "h8": 5.534655610759321, "h16": 7.097030209871006, "h32": 8.61703846673792, "h64": 10.079377890739144}