{"ea": 5765.107488375722, "size": 784457, "h4": 3.9554450340930085, "h8": 5.764025162204614, "h16": 7.508640316160288, "h32": 9.200616616641899, "h64": 10.904996330388263}