{"ea": 11164.514061839283, "size": 1093700, "h4": 3.8799948169435896, "h8": 5.459037357180428, "h16": 6.828348108657141, "h32": 8.128358057826453, "h64": 9.671346318919436}