{"ea": 4508.81160576593, "size": 991562, "h4": 3.851538499513013, "h8": 5.422265471626178, "h16": 6.947858149232599, "h32": 8.508326989970614, "h64": 10.130721185402576}