{"ea": 425.3540134131102, "size": 2031291, "h4": 3.7815580504354003, "h8": 4.249861783703125, "h16": 5.6314441966010484, "h32": 7.2758913390727775, "h64": 9.058393729706388}