{"ea": 7305.192345241697, "size": 645568, "h4": 3.2969536508237356, "h8": 4.761462364687239, "h16": 6.461544564999742, "h32": 8.20698734820967, "h64": 9.949953319541992}