{"ea": 1907.4305461662275, "size": 899860, "h4": 3.9145095651594257, "h8": 5.753647706959963, "h16": 7.489186297591107, "h32": 9.098721015259375, "h64": 10.787353872510845}