{"ea": 1973.169454160888, "size": 189716, "h4": 3.9619935131250577, "h8": 5.162164030340385, "h16": 6.156286168863877, "h32": 7.78516350548532, "h64": 9.60769726887229}