{"ea": 7716.328360617653, "size": 915130, "h4": 3.1524015782492585, "h8": 4.49867775194186, "h16": 6.017560241887417, "h32": 7.645103664365057, "h64": 9.341821458573316}