{"ea": 1665.7331480562946, "size": 1190347, "h4": 3.586960216749815, "h8": 4.919265531000686, "h16": 5.9553370339012215, "h32": 7.540883283908116, "h64": 9.308828933923262}