{"ea": 6424.281532402935, "size": 1480222, "h4": 3.2642723750662177, "h8": 4.308065689008997, "h16": 5.567740709848945, "h32": 7.247816984919186, "h64": 8.922174760381857}