{"ea": 2661.6228246441833, "size": 149650, "h4": 3.9953465155960703, "h8": 5.648695515128854, "h16": 5.971399100607454, "h32": 7.376146475456428, "h64": 9.154021398021907}