{"ea": 4069.714777115271, "size": 988607, "h4": 3.887739170897673, "h8": 5.712846134639425, "h16": 7.340221035799672, "h32": 8.807023860672782, "h64": 10.407370480053327}