{"ea": 7700.4517603420445, "size": 776699, "h4": 3.93401252631323, "h8": 5.4683020105724625, "h16": 6.8759982905158, "h32": 8.341464436592148, "h64": 10.03092213534498}