{"ea": 12115.229780164815, "size": 1266301, "h4": 3.868216954998781, "h8": 5.410203713337628, "h16": 6.877809911397755, "h32": 8.486676732703339, "h64": 10.009624474909577}