{"ea": 9373.035275034887, "size": 935406, "h4": 3.8156864721468002, "h8": 5.626744735763653, "h16": 7.273897585228079, "h32": 8.758789498196903, "h64": 10.321536351924877}