{"ea": 1103.7965006891118, "size": 255070, "h4": 3.9538594431596916, "h8": 5.2807704054580995, "h16": 6.5270122946873075, "h32": 8.16922279396249, "h64": 9.998147618588554}