{"ea": 11159.189650247361, "size": 527142, "h4": 3.88390310799808, "h8": 5.379600407170136, "h16": 6.9574234919149305, "h32": 8.575478512110312, "h64": 10.253007157822559}