{"ea": 5935.342855238783, "size": 725872, "h4": 3.7696964979088934, "h8": 5.51506418793015, "h16": 7.13410083121124, "h32": 8.674025414289812, "h64": 10.196287412953206}