{"ea": 5394.817117102936, "size": 908526, "h4": 3.875687080576987, "h8": 5.662373952322659, "h16": 7.347786499872505, "h32": 8.811940607082647, "h64": 10.367453474114695}