{"ea": 5240.639157697944, "size": 117480, "h4": 3.999669385017808, "h8": 5.994578161945853, "h16": 6.0514925445010235, "h32": 7.5770159099763355, "h64": 9.358054410972713}