{"ea": 6340.815820240612, "size": 804947, "h4": 3.9326983110526768, "h8": 5.667881045998058, "h16": 7.1874958315954345, "h32": 8.631805790938099, "h64": 10.296925066384059}