{
  "ea": 6874.096041823932,
  "size": 5221687,
  "h4": 3.8123950326037668,
  "h8": 5.620044058859367,
  "h16": 7.3917945955630975,
  "h32": 8.960309358963354,
  "h64": 10.454053309494821
}