{"ea": 10546.11863265935, "size": 732598, "h4": 3.956590089571609, "h8": 5.616059011085845, "h16": 7.211615940212668, "h32": 8.801342833495267, "h64": 10.4855024494146}