{"ea": 487.1659467348327, "size": 4075351, "h4": 3.701100235456363, "h8": 4.625985773152252, "h16": 5.775096453239804, "h32": 7.47190744252838, "h64": 9.33143681179175}