{"ea": 7396.429809844621, "size": 957412, "h4": 3.8808759186165354, "h8": 5.235308452828889, "h16": 6.663381730110421, "h32": 8.085177541043915, "h64": 9.623166076791815}