{"ea": 6282.60904014255, "size": 1281444, "h4": 3.8415177116842596, "h8": 5.413665713204876, "h16": 6.8919104789039505, "h32": 8.370421111505607, "h64": 9.880366528215614}