{"ea": 5428.319070233724, "size": 225274, "h4": 3.206850012771506, "h8": 4.204247676005798, "h16": 5.659588596181047, "h32": 7.401730886681567, "h64": 9.272143990750827}