{"ea": 3167.100991914838, "size": 1276318, "h4": 3.9604223985171663, "h8": 5.833834811133936, "h16": 7.593901256449266, "h32": 9.162839817074012, "h64": 10.751628406038147}