{"ea": 2098.7436249749917, "size": 398753, "h4": 3.5565375179787484, "h8": 4.680523956781405, "h16": 6.126764943990645, "h32": 7.760571385036009, "h64": 9.537446871584299}