{"ea": 7384.060239579563, "size": 1596741, "h4": 3.083370612809407, "h8": 4.371019340530668, "h16": 5.701229115550747, "h32": 7.339556604217545, "h64": 8.952442491513947}