{"ea": 1536.7143560010206, "size": 407008, "h4": 3.765749530950105, "h8": 5.21793785572285, "h16": 6.068255242160282, "h32": 7.730424909129016, "h64": 9.541074862648795}