{"ea": 3545.7586756452874, "size": 337437, "h4": 3.382592175414431, "h8": 3.9331065417233253, "h16": 5.386198094342303, "h32": 7.043379074877505, "h64": 8.858990587904554}