{"ea": 1830.4518716746084, "size": 626749, "h4": 3.3230642774325982, "h8": 4.376009488177177, "h16": 5.822824973612518, "h32": 7.530069271728421, "h64": 9.367583598224773}