{"ea": 1189.8142898423723, "size": 338940, "h4": 3.894611379562086, "h8": 4.810848161809735, "h16": 6.065697250180607, "h32": 7.760776412218588, "h64": 9.597668800076557}