{"ea": 5220.114661505318, "size": 123012, "h4": 3.9997930865291664, "h8": 5.993477835930927, "h16": 6.066248228078013, "h32": 7.3119188027684645, "h64": 9.145600527054034}