{"ea": 5375.040362693575, "size": 383901, "h4": 3.9951293617962946, "h8": 4.860848834149748, "h16": 6.1471550021687245, "h32": 7.848663685425968, "h64": 9.518709938481132}