{"ea": 2141.776711484447, "size": 200805, "h4": 3.8537436329173342, "h8": 5.54902758793142, "h16": 5.956865382384608, "h32": 7.6093486493149785, "h64": 9.384577093853508}