{"ea": 2771.039623749954, "size": 189314, "h4": 3.8619958313621066, "h8": 4.915353440873772, "h16": 5.936130512678302, "h32": 7.610827211951141, "h64": 9.492445934326991}