{"ea": 5316.285827726021, "size": 112639, "h4": 3.9997980517970984, "h8": 5.990566066774672, "h16": 6.097787835172953, "h32": 7.602700827462693, "h64": 9.409663403735891}