{"ea": 5930.622921808868, "size": 1611313, "h4": 3.2897077384266216, "h8": 4.680118260031203, "h16": 6.162989848844678, "h32": 7.718785263064429, "h64": 9.271352392458907}