{"ea": 11572.014832519943, "size": 770314, "h4": 3.4484367211756193, "h8": 4.806303421569921, "h16": 6.20349227524175, "h32": 7.839132671577689, "h64": 9.538744893712977}