{"ea": 370.4744933746444, "size": 1503878, "h4": 3.9677071827007913, "h8": 5.296729205389689, "h16": 6.668469337339095, "h32": 8.345866441544374, "h64": 10.099200763482546}