{"ea": 4697.8240690983375, "size": 1023328, "h4": 3.9997813572768095, "h8": 5.994107563054838, "h16": 6.058049785046814, "h32": 7.35227123775184, "h64": 8.997795435047966}