{"ea": 9523.295799586262, "size": 1192797, "h4": 3.907303919614907, "h8": 5.513754132742452, "h16": 7.022230648309996, "h32": 8.532300157060932, "h64": 10.078656148211024}