{"ea": 5314.4198177852295, "size": 439351, "h4": 3.716476500251087, "h8": 5.065978792965038, "h16": 6.156156547135511, "h32": 7.7296697382864075, "h64": 9.489308501274515}