{"ea": 3376.001179333674, "size": 202387, "h4": 3.9998177266692267, "h8": 5.994652495303372, "h16": 6.014379245091784, "h32": 7.410949281200116, "h64": 9.133630729234394}