{"ea": 5285.534930547155, "size": 204478, "h4": 3.719399503705651, "h8": 4.700543849074437, "h16": 5.8444059515916384, "h32": 7.529352442801763, "h64": 9.36420367065308}