{"ea": 9990.085894875712, "size": 723243, "h4": 3.8822540997643813, "h8": 5.651007241002096, "h16": 7.281989343158075, "h32": 8.869095235722776, "h64": 10.461306009176916}