{"ea": 2730.4654580055817, "size": 1283918, "h4": 3.9499744804989607, "h8": 5.870251615464811, "h16": 7.514821460701959, "h32": 8.963349462478956, "h64": 10.454308974089956}