{"ea": 662.0030765765283, "size": 4140238, "h4": 2.7929398805048575, "h8": 4.028484721767926, "h16": 5.4101743465203675, "h32": 7.139804007138332, "h64": 8.9643520000269}