{"ea": 2811.57774462077, "size": 181113, "h4": 3.9302144060371003, "h8": 5.084813697946753, "h16": 5.848267292361163, "h32": 7.522872220221105, "h64": 9.334537316807458}