{"ea": 10652.223781738228, "size": 661124, "h4": 3.8182964263214014, "h8": 5.248437849987577, "h16": 6.627112717546741, "h32": 8.177520818778877, "h64": 9.826216713340955}