{"ea": 7622.116706199208, "size": 1410688, "h4": 3.521794238935488, "h8": 5.1226626278534715, "h16": 6.300472999735629, "h32": 7.831472976240426, "h64": 9.419543451250163}