{"ea": 3373.0874192476754, "size": 2364682, "h4": 3.3993446452695926, "h8": 4.5523006482056685, "h16": 6.1813712754673915, "h32": 7.715245359838109, "h64": 9.295482826197473}