{"ea": 6883.454802373376, "size": 1543334, "h4": 3.663244279609723, "h8": 4.691842356126199, "h16": 6.236258349681613, "h32": 7.926963343909444, "h64": 9.567750560842047}