{"ea": 2714.051979639307, "size": 1961971, "h4": 3.884665822571534, "h8": 5.530783248702101, "h16": 6.741773624396276, "h32": 8.37913603555003, "h64": 10.194169485548336}