{"ea": 9956.168457470802, "size": 925633, "h4": 3.484369942758212, "h8": 4.959183491632483, "h16": 6.562763039284949, "h32": 8.207933984328285, "h64": 9.865754374091539}