{"ea": 5402.729418324255, "size": 849797, "h4": 3.2365857409590912, "h8": 4.383544785842485, "h16": 5.91313024200441, "h32": 7.5727138334634425, "h64": 9.29479174145743}