{"ea": 4560.4350332597805, "size": 914436, "h4": 3.6610775700123965, "h8": 5.246146337996496, "h16": 6.637113010163659, "h32": 8.193923072920557, "h64": 9.801067410793067}