{"ea": 6122.252784940269, "size": 974008, "h4": 3.622090634514716, "h8": 5.244480260540393, "h16": 6.75761564314006, "h32": 8.371228041001341, "h64": 10.023719398701116}