{"ea": 5365.982614957292, "size": 171037, "h4": 3.9993388277205533, "h8": 5.643503659177085, "h16": 6.770290786867264, "h32": 8.474932190969922, "h64": 10.365859062552243}