{"ea": 2290.0117812537314, "size": 335567, "h4": 3.992845312859398, "h8": 5.434538465853725, "h16": 6.16169410006645, "h32": 7.763377332368019, "h64": 9.522354438238285}