{"ea": 11150.518183986027, "size": 575906, "h4": 3.332482248274237, "h8": 4.813492973937603, "h16": 6.113770702816724, "h32": 7.711301580776778, "h64": 9.41139857447404}