{"ea": 6332.984977150905, "size": 728190, "h4": 2.879704488516228, "h8": 4.337226378819392, "h16": 5.811618889242246, "h32": 7.473326829075411, "h64": 9.165905138490459}