{"ea": 8092.932539046699, "size": 773945, "h4": 3.8832836461314137, "h8": 5.580142792126163, "h16": 7.171021808889577, "h32": 8.812417472748816, "h64": 10.455834882800584}