{"ea": 376.48905166020535, "size": 1486675, "h4": 3.997119249218474, "h8": 5.8173520572290105, "h16": 6.023238347158639, "h32": 7.697412218842836, "h64": 9.516639860187304}