{"ea": 2642.5997181597836, "size": 201169, "h4": 3.9975328029828363, "h8": 5.292447099114863, "h16": 6.059229061925446, "h32": 7.755111082547183, "h64": 9.583091890477414}