{"ea": 2128.0571390225723, "size": 2230326, "h4": 3.9608965292507694, "h8": 5.900368220502412, "h16": 7.734300372681872, "h32": 9.043794472093548, "h64": 10.401529650826182}