{"ea": 2626.608995700825, "size": 178060, "h4": 3.9847865447599284, "h8": 5.35229121720427, "h16": 6.150486843219347, "h32": 7.684412224642793, "h64": 9.508565846019527}