{"ea": 9857.578738542275, "size": 1022663, "h4": 3.926558070181527, "h8": 5.484951296987987, "h16": 7.037510119962864, "h32": 8.608593734816754, "h64": 10.23101410503503}