{"ea": 4058.7309693595566, "size": 1245709, "h4": 3.746674836856417, "h8": 5.156860783149675, "h16": 6.733741579889542, "h32": 8.062645355412528, "h64": 9.59874135520537}