{"ea": 1050.1375639985454, "size": 1419050, "h4": 3.8262224338543915, "h8": 4.547809572835633, "h16": 5.862046825016974, "h32": 7.470322471318798, "h64": 9.272758958751142}