{"ea": 4789.137567930452, "size": 1343346, "h4": 3.815242174804332, "h8": 5.562336532049413, "h16": 7.27353985800271, "h32": 8.76768284342035, "h64": 10.284898522173581}