{"ea": 4431.599911169738, "size": 118820, "h4": 3.999353659264769, "h8": 5.983362358654627, "h16": 6.385184586799307, "h32": 7.856163764467797, "h64": 9.659446561900069}