{"ea": 9680.556346174262, "size": 1244651, "h4": 3.611240300788951, "h8": 5.083125073475138, "h16": 6.571233496517268, "h32": 8.090489487696537, "h64": 9.633673084661892}