{"ea": 6350.437956888172, "size": 924252, "h4": 3.296470377710676, "h8": 4.478753898392035, "h16": 6.047545466296912, "h32": 7.6974336476563785, "h64": 9.342373033200424}