{"ea": 2339.9277149131235, "size": 398290, "h4": 2.6986280510679643, "h8": 3.8083102818516785, "h16": 5.3903663749459385, "h32": 7.062190150530448, "h64": 8.873097274085342}