{"ea": 9393.321972721202, "size": 1035378, "h4": 3.7915435740258348, "h8": 5.42806125115279, "h16": 6.861910937747112, "h32": 8.399549878834893, "h64": 10.055225776857391}