{"ea": 2029.2211948425308, "size": 255909, "h4": 3.8322014225139416, "h8": 5.059151711292511, "h16": 5.919571556708188, "h32": 7.5225787894810185, "h64": 9.366200441222187}