{"ea": 6598.275439622572, "size": 1647766, "h4": 2.68201889726629, "h8": 3.92223512022193, "h16": 5.632337273138699, "h32": 7.298330074605476, "h64": 9.052442508142086}