{"ea": 3049.7874815861283, "size": 1411224, "h4": 3.774316123824631, "h8": 5.617075966049926, "h16": 7.2413394731677645, "h32": 8.675910659542563, "h64": 10.199117143383916}