{"ea": 5714.946999328951, "size": 1115195, "h4": 3.5249803659099475, "h8": 5.015192308280813, "h16": 6.643312960484839, "h32": 8.212237246379154, "h64": 9.870004878784865}