{"ea": 5315.568574113412, "size": 171441, "h4": 3.9754565283190297, "h8": 5.208959055595408, "h16": 6.391699107276681, "h32": 8.138480806952206, "h64": 10.045361399697475}