{"ea": 707.3007841529609, "size": 3364759, "h4": 3.515281997920429, "h8": 4.164157814032429, "h16": 5.653667857947294, "h32": 7.32150613883824, "h64": 9.166016359046882}