{"ea": 8797.44252955861, "size": 1342242, "h4": 3.401559857029869, "h8": 4.945030512761512, "h16": 6.576754202112137, "h32": 8.062023550742776, "h64": 9.656973099745482}