{"ea": 859.0909549462184, "size": 3220908, "h4": 3.9529693683542604, "h8": 5.055727790769775, "h16": 6.10601899205654, "h32": 7.740256269136374, "h64": 9.455749849686509}