{"ea": 4342.567087938723, "size": 332026, "h4": 3.558794912708252, "h8": 4.693728766117962, "h16": 6.204974140235933, "h32": 7.856321975634844, "h64": 9.609396352939577}