{"ea": 11711.086897464758, "size": 653445, "h4": 3.9158827594221353, "h8": 5.640170300216118, "h16": 7.244626050009346, "h32": 8.950355124393777, "h64": 10.68692051316364}