{"ea": 6085.155160545698, "size": 1292546, "h4": 3.7537956494959417, "h8": 5.468760419508572, "h16": 7.080706322293005, "h32": 8.663784980421015, "h64": 10.281303152680271}