{"ea": 3883.5222622802007, "size": 762628, "h4": 3.8878361417319325, "h8": 5.619482139903029, "h16": 7.142617540762032, "h32": 8.697713624182962, "h64": 10.346333587265885}