{"ea": 3763.5857987608997, "size": 184098, "h4": 3.9997089330775943, "h8": 5.814004209152116, "h16": 6.056204499089986, "h32": 7.589161218586024, "h64": 9.191049164458665}