{"ea": 2828.966641192888, "size": 220313, "h4": 3.99920927545552, "h8": 5.354578794329106, "h16": 5.962666687674863, "h32": 7.6767357378587295, "h64": 9.531810124508507}