{"ea": 5093.356897369072, "size": 1029061, "h4": 3.834662622787124, "h8": 4.95691668950185, "h16": 6.185760862233065, "h32": 7.7483668761111275, "h64": 9.354100465024507}