{"ea": 1234.8345628238708, "size": 593398, "h4": 3.706832352699303, "h8": 4.812103281296453, "h16": 5.961923006872917, "h32": 7.665139464424403, "h64": 9.485567551133311}