{"ea": 2074.0764450197566, "size": 553870, "h4": 3.834271415647701, "h8": 4.863389067237766, "h16": 6.074469567283357, "h32": 7.664804664355555, "h64": 9.429192845710313}