{"ea": 5440.631056744146, "size": 224771, "h4": 3.7349376708975672, "h8": 4.494936554967499, "h16": 5.642284226937907, "h32": 7.367620714730845, "h64": 9.249410680220365}