{"ea": 463.4292958387, "size": 4022700, "h4": 3.973968564785454, "h8": 5.4871000994394254, "h16": 7.241304889226123, "h32": 9.13114109406779, "h64": 11.079567974038518}