{"ea": 712.6313875915015, "size": 1501057, "h4": 3.905601517497157, "h8": 4.81900427246066, "h16": 6.210165175110075, "h32": 7.961166087964656, "h64": 9.819083229334215}