{"ea": 2981.7715875553727, "size": 630279, "h4": 3.977864278154885, "h8": 5.37475206492943, "h16": 5.921867837434667, "h32": 7.439403588536861, "h64": 9.197825319047858}