{"ea": 4644.799160735192, "size": 324229, "h4": 3.7917369467536384, "h8": 4.892187807457772, "h16": 6.310734984002504, "h32": 8.069783745548017, "h64": 9.933283136141}