{"ea": 11480.593193699064, "size": 990885, "h4": 3.59385557184988, "h8": 5.011418817483688, "h16": 6.296626609578137, "h32": 7.821775918059213, "h64": 9.464482442822298}