{"ea": 4762.376371671474, "size": 238040, "h4": 3.754092378036459, "h8": 5.197731493086589, "h16": 6.196965353368471, "h32": 7.452461416675995, "h64": 9.12913972616764}