{"ea": 4060.397028123913, "size": 2350786, "h4": 3.579871647626118, "h8": 4.530477233996348, "h16": 5.92100213467639, "h32": 7.583898944689432, "h64": 9.285600874019645}