{"ea": 1631.7461582415756, "size": 1527680, "h4": 3.902864123694356, "h8": 5.631941608303908, "h16": 7.2434508879272785, "h32": 8.656859803533738, "h64": 10.195159124312612}