{"ea": 6346.114990981266, "size": 895676, "h4": 3.786591635468527, "h8": 5.203845786243003, "h16": 6.6967571503027825, "h32": 8.315657607905809, "h64": 9.983392899109123}