{"ea": 6403.876654201686, "size": 1109865, "h4": 3.7759782965347934, "h8": 5.286762282417802, "h16": 6.7338071162878235, "h32": 8.164063749937995, "h64": 9.695517807552292}