{"ea": 2161.0893086370966, "size": 1269598, "h4": 3.676082405062418, "h8": 4.893957371013707, "h16": 6.149160880340026, "h32": 7.4992231502742275, "h64": 9.196264347194814}