{"ea": 1478.2380960536136, "size": 292400, "h4": 3.8760077285229517, "h8": 5.2478332039516395, "h16": 6.05662170746338, "h32": 7.642867733305886, "h64": 9.443292938028343}