{"ea": 5353.641589583954, "size": 228996, "h4": 3.8691036893764448, "h8": 4.422121720442908, "h16": 5.759557651572667, "h32": 7.4172142391621305, "h64": 9.271971998467887}