{"ea": 6342.168828961209, "size": 2069482, "h4": 3.9287689611895624, "h8": 5.586123151878443, "h16": 7.188667047221649, "h32": 8.766098755979815, "h64": 10.381146786192843}