{"ea": 1532.2754862587358, "size": 317565, "h4": 3.757397576932711, "h8": 4.6411522037529345, "h16": 5.7429835511726814, "h32": 7.420580727704929, "h64": 9.221296062257371}