{"ea": 7479.975588293208, "size": 240066, "h4": 3.9945795112229643, "h8": 5.378705539940305, "h16": 6.849809525289075, "h32": 8.447596018783855, "h64": 10.256168662860123}