{"ea": 8989.16203683238, "size": 781293, "h4": 3.624549133287132, "h8": 4.952097598209871, "h16": 6.31147702057336, "h32": 7.84220202118288, "h64": 9.456497573707624}