{"ea": 1523.217621376694, "size": 562371, "h4": 3.8104901880252946, "h8": 5.188131540086967, "h16": 6.1412660994730714, "h32": 7.7758162872557275, "h64": 9.557437728525013}