{"ea": 2691.0055241075365, "size": 1253078, "h4": 3.398828311463123, "h8": 5.059266675700067, "h16": 6.695462920286111, "h32": 8.145700309893584, "h64": 9.685188824415636}