{"ea": 2476.9920228326964, "size": 345702, "h4": 3.711071680917541, "h8": 4.877348040289609, "h16": 6.180514348024356, "h32": 7.918187845543567, "h64": 9.74052105773413}