{"ea": 10503.405603354544, "size": 1280176, "h4": 3.0506729906591525, "h8": 4.520264008317643, "h16": 6.138404743063872, "h32": 7.654396656192985, "h64": 9.24851246597154}