{"ea": 4141.658321622947, "size": 172818, "h4": 3.8688339724539733, "h8": 4.844923998121752, "h16": 5.8963590000025246, "h32": 7.5054556146885485, "h64": 9.338208126991466}