{"ea": 526.4979869147758, "size": 4646330, "h4": 3.8983047056701, "h8": 4.6938848617809565, "h16": 5.85447630757719, "h32": 7.552875079592253, "h64": 9.327266674644555}