{"ea": 2848.9606159074374, "size": 493327, "h4": 3.635612160748625, "h8": 4.8428338110765745, "h16": 5.866269663910318, "h32": 7.175480135297021, "h64": 8.883573829919804}