{"ea": 3357.837117908818, "size": 1289245, "h4": 3.8035766079255016, "h8": 5.470853757666418, "h16": 6.991667019691354, "h32": 8.453130288146156, "h64": 9.949877086830307}