{"ea": 4965.743451594531, "size": 848911, "h4": 3.8741921223040894, "h8": 5.493577142493155, "h16": 7.19485940723723, "h32": 8.816709880056335, "h64": 10.465833252481254}