{"ea": 5273.896333588393, "size": 963419, "h4": 3.9372844821201705, "h8": 5.682089886890839, "h16": 7.129568932922816, "h32": 8.71376348539033, "h64": 10.340027839032638}