{"ea": 1159.9908155240905, "size": 451656, "h4": 3.4485613537804007, "h8": 4.703755267592789, "h16": 6.087629463625159, "h32": 7.608847181453819, "h64": 9.388298355045332}