{"ea": 11540.736183238303, "size": 447006, "h4": 3.61406358461537, "h8": 4.975806827803641, "h16": 6.512323735147761, "h32": 8.193266617405166, "h64": 9.921108104723608}