{"ea": 4179.290779917903, "size": 248303, "h4": 3.965635721496719, "h8": 5.092524013081844, "h16": 6.201711047557705, "h32": 7.9572439817591665, "h64": 9.83914656541267}