{"ea": 6147.892290047468, "size": 366252, "h4": 3.98282497058314, "h8": 5.3611649547574975, "h16": 5.987603783570108, "h32": 7.557712381412358, "h64": 9.364928335910253}