{"ea": 7279.568752644089, "size": 764362, "h4": 3.6723535965810505, "h8": 4.895827464554667, "h16": 6.37735921139349, "h32": 7.996555681477276, "h64": 9.696147721971752}