{"ea": 3243.663151868602, "size": 748831, "h4": 3.8380936887337915, "h8": 5.1056598101275235, "h16": 6.34260740930778, "h32": 8.07990015256495, "h64": 9.906900957243526}