{"ea": 9012.149802755683, "size": 476372, "h4": 3.926847379426635, "h8": 5.562917386359518, "h16": 7.084052342439309, "h32": 8.718473914742162, "h64": 10.467500984084815}