{"ea": 2344.254069927627, "size": 265508, "h4": 3.769397064257583, "h8": 4.815965027424026, "h16": 5.754999079516775, "h32": 7.436681691957016, "h64": 9.250618271053204}