{"ea": 6848.431781655537, "size": 1185658, "h4": 3.810635505042251, "h8": 5.401175639328933, "h16": 7.063643052220273, "h32": 8.68925878016248, "h64": 10.268725294636996}