{"ea": 2659.474422721764, "size": 440864, "h4": 3.8958482068886306, "h8": 5.191364414437682, "h16": 6.72676978786394, "h32": 8.439718616987728, "h64": 10.076686087102278}