{"ea": 509.24178683544534, "size": 2300399, "h4": 3.989369923800727, "h8": 4.859031297755563, "h16": 6.130045270532623, "h32": 7.845053256121927, "h64": 9.7020872320005}