{"ea": 10429.829734990952, "size": 429961, "h4": 2.760628020491102, "h8": 4.080638563707402, "h16": 5.618637094467638, "h32": 7.3011805471239235, "h64": 9.015059279800075}