{"ea": 7027.181490751563, "size": 1011724, "h4": 3.814102026975786, "h8": 4.969092668084958, "h16": 6.127213601578596, "h32": 7.6007812448321825, "h64": 9.267260280023297}