{"ea": 2573.728001955747, "size": 1756484, "h4": 3.6539718153693292, "h8": 5.228129141647877, "h16": 6.570006726644785, "h32": 7.969212397156513, "h64": 9.48034313145951}