{"ea": 9606.43634209744, "size": 927286, "h4": 3.9289070529175283, "h8": 5.731659265836156, "h16": 7.135331298623079, "h32": 8.608393964688233, "h64": 10.19380622896523}