{"ea": 9053.236580217424, "size": 905732, "h4": 3.8039908596073766, "h8": 5.648332746894271, "h16": 7.362642140100106, "h32": 8.799624743757002, "h64": 10.355622881857851}