{"ea": 7517.021073294806, "size": 346658, "h4": 3.9946294194520604, "h8": 5.578170427069445, "h16": 6.642248926351003, "h32": 8.166649242059721, "h64": 9.85426345387696}