{"ea": 7231.126889901853, "size": 1999703, "h4": 3.3918379608755576, "h8": 4.767200492092336, "h16": 6.276231430767622, "h32": 7.86009581251802, "h64": 9.581033403549405}