{"ea": 2253.778948790746, "size": 1537484, "h4": 3.5066270830442416, "h8": 4.647554661940056, "h16": 5.946864420601051, "h32": 7.4777148990684115, "h64": 9.20004613432222}