{"ea": 1941.7086517563646, "size": 403464, "h4": 3.7954682279532106, "h8": 5.115256388447369, "h16": 6.022798100301512, "h32": 7.578321286658268, "h64": 9.330160123629328}