{"ea": 7569.156683427294, "size": 1104412, "h4": 3.799888547093616, "h8": 5.143190014016801, "h16": 6.48120949532014, "h32": 7.964366842135384, "h64": 9.497177450069332}