{"ea": 592.3756821013266, "size": 2112190, "h4": 3.1146591613997696, "h8": 3.928203358696215, "h16": 5.426454453964519, "h32": 7.113745508961089, "h64": 8.931591255521234}