{"ea": 2088.939028140772, "size": 294701, "h4": 3.9997179683543345, "h8": 5.960054208875709, "h16": 6.374931763791972, "h32": 7.8124950797482295, "h64": 9.540639843581115}