{"ea": 9525.95065001844, "size": 1151057, "h4": 3.54082220274202, "h8": 5.147967322553642, "h16": 6.738913050600527, "h32": 8.328284042391072, "h64": 10.007601858149371}