{"ea": 8865.292239067101, "size": 967844, "h4": 3.9863059026968575, "h8": 5.857346579688919, "h16": 7.474548561547011, "h32": 9.053784514122855, "h64": 10.765705359496762}