{"ea": 8749.284020722396, "size": 1132574, "h4": 3.651386631835571, "h8": 5.198721443166355, "h16": 6.784327322091519, "h32": 8.427946158393269, "h64": 10.05154424621896}