{"ea": 704.0742202452246, "size": 1301013, "h4": 2.9539051218759393, "h8": 4.176076843983638, "h16": 5.591721185585212, "h32": 7.188452091787086, "h64": 8.898409500029324}