{"ea": 5428.575295797712, "size": 221475, "h4": 3.118089263402383, "h8": 4.0448228200463205, "h16": 5.765527719981823, "h32": 7.559857043143928, "h64": 9.402243149580574}