{"ea": 907.2119680873143, "size": 509159, "h4": 3.4488741450428635, "h8": 4.61225906728316, "h16": 5.810952049679406, "h32": 7.488830925161592, "h64": 9.309398785222879}