{"ea": 1008.9477567118439, "size": 2948538, "h4": 3.5630416306485264, "h8": 4.316899146915935, "h16": 5.462150862251587, "h32": 6.987488783276132, "h64": 8.708376232500427}