{"ea": 465.8699543230481, "size": 3695621, "h4": 3.707285011316101, "h8": 4.650667789740341, "h16": 5.818575360841381, "h32": 7.4346047792037435, "h64": 9.148487683068142}