{"ea": 6635.7533580078925, "size": 1171651, "h4": 3.9124238880643656, "h8": 5.818512612837278, "h16": 7.383180365665045, "h32": 8.95195407858552, "h64": 10.62349424179482}