{"ea": 2024.1441428854073, "size": 301130, "h4": 3.0426296853738775, "h8": 3.9361051233756625, "h16": 5.38022731787518, "h32": 7.155102596779255, "h64": 9.027165788012303}