{"ea": 3909.0414510970477, "size": 1005590, "h4": 3.954646060046469, "h8": 5.8608538383430595, "h16": 7.631599579256793, "h32": 9.32146663824864, "h64": 11.070673246287008}