{"ea": 2649.3610884753552, "size": 284798, "h4": 3.7521966960868727, "h8": 4.600893317740461, "h16": 5.666637793334618, "h32": 7.324829268363082, "h64": 9.176657466803476}