{"ea": 1938.1923644460858, "size": 1353241, "h4": 3.754690966745589, "h8": 5.5694528980908125, "h16": 7.212633296209821, "h32": 8.694905929507591, "h64": 10.197159599796429}