{"ea": 9423.88973940289, "size": 676314, "h4": 3.980344984118045, "h8": 5.876445841310642, "h16": 7.6703623007254915, "h32": 9.530567660764973, "h64": 11.456122286370956}