{"ea": 1530.832943258405, "size": 1300371, "h4": 3.797564927041447, "h8": 5.233149910759499, "h16": 6.721554897098871, "h32": 8.151622944450509, "h64": 9.681221360731154}