{"ea": 11363.28801413335, "size": 989067, "h4": 3.211072120935615, "h8": 4.674926354741182, "h16": 6.3710916945549645, "h32": 8.071080131629605, "h64": 9.800115750990939}