{"ea": 5168.991816536959, "size": 1417707, "h4": 3.7863851245641857, "h8": 5.494598555048211, "h16": 7.0245272790291216, "h32": 8.53527095587473, "h64": 10.137705209325041}