{"ea": 4682.348643261551, "size": 357016, "h4": 3.787342273355719, "h8": 4.398984504645897, "h16": 5.669627727235606, "h32": 7.348753226108396, "h64": 9.150695111964065}