{"ea": 9548.102203781702, "size": 1148199, "h4": 3.3890917078604996, "h8": 5.06151436340591, "h16": 6.683231204564657, "h32": 8.392695049365397, "h64": 10.087828650099931}