{"ea": 2390.9150647596584, "size": 760318, "h4": 3.8413712276029868, "h8": 4.812401748926862, "h16": 6.11942326001241, "h32": 7.788548176077192, "h64": 9.647799961469527}