{"ea": 8823.822735487163, "size": 998617, "h4": 2.927289229660592, "h8": 4.230375154657887, "h16": 5.800849815397422, "h32": 7.5110415514492725, "h64": 9.234352157187033}