{"ea": 487.989915926495, "size": 3104335, "h4": 3.808990623515958, "h8": 4.619729770503332, "h16": 5.7988417929429215, "h32": 7.4138994973908785, "h64": 9.23124396520803}