{"ea": 1920.7046283059888, "size": 678024, "h4": 3.7660672521615632, "h8": 4.609317858745744, "h16": 6.123025352713967, "h32": 7.9147424650132745, "h64": 9.758359141752802}