{"ea": 997.7571027978187, "size": 506448, "h4": 3.984560410427467, "h8": 5.431767920641078, "h16": 5.853151668870896, "h32": 7.481423584162457, "h64": 9.28677609859952}