{"ea": 2389.8333983803373, "size": 401150, "h4": 3.7948297145040186, "h8": 5.327034144746896, "h16": 6.106181283977973, "h32": 7.799269079460866, "h64": 9.623556549355843}