{"ea": 7240.930147919929, "size": 667002, "h4": 3.670577894291484, "h8": 5.230612771334567, "h16": 6.703449362226176, "h32": 8.358200356465332, "h64": 10.05857660789331}