{"ea": 3042.53351368856, "size": 338464, "h4": 3.9996352385171914, "h8": 5.910204422756593, "h16": 5.920814921226789, "h32": 7.127674791687768, "h64": 8.830046986470045}