{"ea": 5910.540392593947, "size": 750483, "h4": 3.4918933626639057, "h8": 5.213561820220036, "h16": 6.73170864910298, "h32": 8.412322666254827, "h64": 10.105428236148539}