{"ea": 5337.353024671466, "size": 133810, "h4": 3.999658069373125, "h8": 5.942691817772045, "h16": 5.970330422893377, "h32": 7.394175238051025, "h64": 9.129019380510377}