{"ea": 1829.3821776834516, "size": 762284, "h4": 3.999343351606935, "h8": 5.941473802498413, "h16": 5.989127868777751, "h32": 7.329257479017963, "h64": 9.06738755431195}