{"ea": 5265.342382969375, "size": 284113, "h4": 3.4916522892334014, "h8": 4.375200561588251, "h16": 5.831770260131803, "h32": 7.577081490897454, "h64": 9.441661443689657}