{"ea": 9358.54201942045, "size": 1062112, "h4": 3.9268603437017595, "h8": 5.559753247779207, "h16": 7.1368934397099535, "h32": 8.655367618679449, "h64": 10.26482508577738}