{"ea": 3789.164847327577, "size": 913986, "h4": 3.8724845195376494, "h8": 5.575684374651537, "h16": 7.232919104389309, "h32": 8.737384593031257, "h64": 10.396136584529183}