{"ea": 4057.9053944705347, "size": 1084576, "h4": 3.885052691816596, "h8": 5.747596228570386, "h16": 7.3447860335796555, "h32": 8.869924440593536, "h64": 10.463874290446137}