{"ea": 7294.679373856688, "size": 1331681, "h4": 3.6872031281206286, "h8": 5.21780865671279, "h16": 6.713952498601209, "h32": 8.124223136988764, "h64": 9.599158444425413}