{"ea": 3444.876788125909, "size": 241248, "h4": 3.972625941640664, "h8": 5.089230574145615, "h16": 6.2208279022531965, "h32": 7.832564196387095, "h64": 9.695069364076536}