{"ea": 2353.650803575182, "size": 731239, "h4": 3.921716792969353, "h8": 4.776257658874943, "h16": 5.771989008889885, "h32": 7.42673903547322, "h64": 9.281048822846039}