{"ea": 5417.583445033625, "size": 113110, "h4": 3.9997176599835074, "h8": 5.978415636848913, "h16": 6.326553485125103, "h32": 7.70021472391139, "h64": 9.576986652623926}