{"ea": 2341.2133016830758, "size": 258405, "h4": 3.999594983539528, "h8": 5.834941412400157, "h16": 5.9528457847397345, "h32": 7.294710767692787, "h64": 9.05144138830571}