{"ea": 12358.676076816131, "size": 1015646, "h4": 3.7981241405008226, "h8": 5.4954028817281255, "h16": 7.018558598170647, "h32": 8.421669027172022, "h64": 9.917995886851376}