{"ea": 3119.152987214917, "size": 551724, "h4": 3.043597796366279, "h8": 3.875841653154287, "h16": 5.355731967157624, "h32": 7.048169596584868, "h64": 8.834154561676428}