{"ea": 1945.9594949459913, "size": 381219, "h4": 3.6881218485558622, "h8": 4.49355932009345, "h16": 5.891225135388252, "h32": 7.610855328329652, "h64": 9.462761769544874}