{"ea": 4072.4875380051008, "size": 1174357, "h4": 3.5028453448904253, "h8": 4.612407362401862, "h16": 5.973308991991294, "h32": 7.60510616231857, "h64": 9.293415431266823}