{"ea": 6914.830323433951, "size": 1495908, "h4": 3.726748548045321, "h8": 4.962634566727449, "h16": 6.335209733883218, "h32": 7.893888537290117, "h64": 9.469887365385205}