{"ea": 8056.702917487964, "size": 1173156, "h4": 3.698856920824312, "h8": 4.837467557662963, "h16": 6.362323452631638, "h32": 7.872154939452281, "h64": 9.451775571306321}