{"ea": 409.66895563500265, "size": 865682, "h4": 3.9982198031743885, "h8": 5.247996155690829, "h16": 6.523197939564962, "h32": 8.165944771485321, "h64": 9.856115183837364}