{"ea": 1974.2353324330204, "size": 204295, "h4": 3.9969447821115933, "h8": 5.791423641762289, "h16": 6.074726487286862, "h32": 7.714156296464981, "h64": 9.514665334854744}