{"ea": 5025.990043486382, "size": 1430791, "h4": 3.8155248331132454, "h8": 5.09219470398671, "h16": 6.499878842560817, "h32": 8.075979427982512, "h64": 9.607250484570036}