{"ea": 2374.796078719548, "size": 189800, "h4": 3.9996153267841823, "h8": 5.935416186866879, "h16": 6.128915811842412, "h32": 7.572959425402847, "h64": 9.355793276892278}