{"ea": 9086.563162512133, "size": 381934, "h4": 3.6816347673846157, "h8": 4.5904667221317474, "h16": 5.832012930688579, "h32": 7.464903928231788, "h64": 9.211391279822548}