{"ea": 833.4436931100926, "size": 5465513, "h4": 3.8722215696944886, "h8": 5.457101936151373, "h16": 6.399704149963563, "h32": 7.968966856844535, "h64": 9.733722179997738}