{"ea": 933.1472620824657, "size": 2432574, "h4": 3.8812637165884643, "h8": 5.253807510749321, "h16": 6.417259538677472, "h32": 8.078392373866905, "h64": 9.855922400941944}