{"ea": 8520.0224879713, "size": 671156, "h4": 3.9142573132084646, "h8": 5.730692468583978, "h16": 7.499838561167456, "h32": 9.071562455199558, "h64": 10.665995907399939}