{"ea": 2458.774976644393, "size": 474416, "h4": 3.681486585280367, "h8": 4.6530315541666205, "h16": 5.901613525402276, "h32": 7.588007176303413, "h64": 9.380052723516936}