{"ea": 8324.953097705726, "size": 987873, "h4": 3.965123741947888, "h8": 5.73620216836074, "h16": 7.312122943425753, "h32": 8.951221451427411, "h64": 10.659547463495551}