{"ea": 4070.027615318535, "size": 2161275, "h4": 3.6657229746159787, "h8": 5.289541719358986, "h16": 6.99276689861304, "h32": 8.734383990969391, "h64": 10.471386477227917}