{"ea": 5358.840132501997, "size": 112703, "h4": 3.9996828859298903, "h8": 5.9965694604597575, "h16": 5.996680256272661, "h32": 7.543910790388905, "h64": 9.127465857165461}