{"ea": 1972.825237723108, "size": 470439, "h4": 3.9998597031189007, "h8": 5.970320204360423, "h16": 6.0607396439728305, "h32": 7.438012085685576, "h64": 9.198344787133083}