{"ea": 5319.388055214517, "size": 126416, "h4": 3.9998610702427846, "h8": 5.933800885535232, "h16": 6.18913759531698, "h32": 7.59070064110538, "h64": 9.446894793894772}