{"ea": 2561.3683367958643, "size": 2593488, "h4": 3.9499774187540515, "h8": 5.4840703799649315, "h16": 6.601002037599714, "h32": 8.039929754069945, "h64": 9.715173465983387}