{"ea": 2064.669421558725, "size": 384135, "h4": 3.8522835063495697, "h8": 5.289292732760555, "h16": 5.945738095206412, "h32": 7.471944713422301, "h64": 9.268243811774761}