{"ea": 8345.333146491463, "size": 364879, "h4": 3.5921444422715765, "h8": 4.17897887830738, "h16": 5.564555770047228, "h32": 7.262819408404435, "h64": 9.067699380828472}