{"ea": 7672.013048385088, "size": 748681, "h4": 3.370409071444913, "h8": 4.838379934585321, "h16": 6.453928301280827, "h32": 8.11853654890513, "h64": 9.731996949642735}