{"ea": 1612.6918098976025, "size": 2066929, "h4": 3.991736885292166, "h8": 5.902560874487814, "h16": 7.206511475519201, "h32": 8.915579001447831, "h64": 10.761243371874272}