{"ea": 458.00567007255853, "size": 834302, "h4": 3.7119961059039985, "h8": 4.6078322135854375, "h16": 6.073454759458153, "h32": 7.806879681326503, "h64": 9.61542492725481}