{"ea": 8329.281292017955, "size": 1184644, "h4": 3.9449742443438893, "h8": 5.751064960393932, "h16": 7.36117733919493, "h32": 8.913151803405846, "h64": 10.551642641188176}