{"ea": 6239.8042171600955, "size": 935233, "h4": 3.9973552517475923, "h8": 5.1824451619040275, "h16": 6.386033844740892, "h32": 7.941080919927232, "h64": 9.699025282365472}