{"ea": 5332.525983214043, "size": 951580, "h4": 3.9430690221949023, "h8": 5.7213615927656365, "h16": 7.300717053613889, "h32": 8.816030072605537, "h64": 10.505583685431308}