{"ea": 3443.6486667038744, "size": 1132485, "h4": 3.9485389150000323, "h8": 5.688784416271809, "h16": 7.175504261508523, "h32": 8.62273571389444, "h64": 10.258452076689665}