{"ea": 6469.335635034151, "size": 736617, "h4": 3.6214853192023577, "h8": 4.988113283666362, "h16": 6.621224030070285, "h32": 8.218298804002284, "h64": 9.91050600131663}