{"ea": 5421.102696463076, "size": 130472, "h4": 3.9997401196194726, "h8": 5.973310443620638, "h16": 6.0871102179673136, "h32": 7.635452914025448, "h64": 9.44110782308491}