{"ea": 3980.3610098866016, "size": 1016777, "h4": 3.70397982109118, "h8": 5.361399485026848, "h16": 6.918513118917813, "h32": 8.473656987120519, "h64": 10.140744778722873}