{"ea": 5297.686555383112, "size": 214865, "h4": 3.967766841780926, "h8": 5.009126509915826, "h16": 6.520810094507558, "h32": 8.259937229584805, "h64": 10.098837851191043}