{"ea": 2424.398921598512, "size": 3210894, "h4": 3.906488004242891, "h8": 5.207254499526322, "h16": 6.341388613095167, "h32": 8.063346314938713, "h64": 9.949478902343792}