{"ea": 6086.2921019275445, "size": 1288548, "h4": 3.780571481054128, "h8": 5.4525245077841245, "h16": 6.826880286661148, "h32": 8.271378076599767, "h64": 9.795475135693046}