{"ea": 8701.194395711587, "size": 1615622, "h4": 3.8019580362856704, "h8": 5.5776375619065695, "h16": 7.0125169030026075, "h32": 8.462730315430738, "h64": 10.028149305435358}