{"ea": 3226.8233727838015, "size": 1263979, "h4": 3.8445671065665565, "h8": 5.585043041069676, "h16": 6.989458410806598, "h32": 8.38156416045095, "h64": 9.916935307699797}