{"ea": 7987.815003046752, "size": 934453, "h4": 3.1465878430676453, "h8": 4.364550826289083, "h16": 6.031349255067342, "h32": 7.753228844010599, "h64": 9.442338495086386}