{"ea": 1112.208161272883, "size": 1241125, "h4": 3.8210109265090404, "h8": 5.604352591679918, "h16": 7.300998067133298, "h32": 8.853487889244029, "h64": 10.47932913014386}