{"ea": 5369.785879309364, "size": 318948, "h4": 3.5546363118792024, "h8": 4.337609395439724, "h16": 5.7417224888300336, "h32": 7.454034183176546, "h64": 9.281606247305264}