{"ea": 5154.3264248068135, "size": 109397, "h4": 3.9997476055097954, "h8": 5.994947359195537, "h16": 6.168435967605976, "h32": 7.610012333713407, "h64": 9.458921494200219}