{"ea": 9618.017725738975, "size": 628413, "h4": 3.798065042797976, "h8": 5.296512515928827, "h16": 6.607396731364325, "h32": 8.151713454209393, "h64": 9.828018277720528}