{"ea": 1641.9379368121388, "size": 318630, "h4": 3.677314881685894, "h8": 4.901331079161716, "h16": 5.821423744049391, "h32": 7.453954413912814, "h64": 9.313877013120436}