{"ea": 1624.3778487243071, "size": 474730, "h4": 3.2846922488026644, "h8": 4.355615449798579, "h16": 5.828461453414116, "h32": 7.571691633695107, "h64": 9.40441449429748}