{"ea": 1955.135815865241, "size": 724707, "h4": 3.1359492979393186, "h8": 3.9758874657822774, "h16": 5.539046222855303, "h32": 7.277613159118802, "h64": 9.165019776520719}