{"ea": 7722.267825207803, "size": 765677, "h4": 3.9219118865346525, "h8": 5.61985506436297, "h16": 7.328077097731452, "h32": 8.97425301547582, "h64": 10.684837238573937}