{"ea": 689.3239677931289, "size": 1369218, "h4": 3.5420194711496022, "h8": 4.813927888835121, "h16": 6.310674714202961, "h32": 8.083282214146825, "h64": 9.947389336562317}