{"ea": 4093.4067051348798, "size": 1038030, "h4": 3.548541847466136, "h8": 5.217811014637098, "h16": 6.821948774270068, "h32": 8.481849731517675, "h64": 10.077396848439696}