{"ea": 8640.370892797604, "size": 1061762, "h4": 3.8343797536413726, "h8": 5.553679332442503, "h16": 7.1546872174009275, "h32": 8.658227097411817, "h64": 10.249252864407081}