{"ea": 6724.339751116719, "size": 922884, "h4": 3.5334921834505053, "h8": 5.28649297577536, "h16": 6.945683732788229, "h32": 8.505020739251854, "h64": 10.144647811495695}