{"ea": 4953.987306841774, "size": 1126913, "h4": 3.794510914997659, "h8": 5.302255842173425, "h16": 6.884879266747234, "h32": 8.386673669747804, "h64": 9.942380575562566}