{"ea": 1194.2375500789396, "size": 309727, "h4": 3.868825161477304, "h8": 5.260810990080285, "h16": 6.0475515961899475, "h32": 7.7155242284355605, "h64": 9.54984550810544}