{"ea": 9413.89840892984, "size": 1031825, "h4": 3.754500345514016, "h8": 5.004332378169533, "h16": 6.369526037049284, "h32": 7.836041142595217, "h64": 9.353192663589804}