{"ea": 1634.552099854576, "size": 387936, "h4": 3.4835162212172825, "h8": 4.121856730019482, "h16": 5.397380147383421, "h32": 6.961985857022457, "h64": 8.714621522398678}