{"ea": 5332.002951759059, "size": 1181526, "h4": 3.7395254854713036, "h8": 5.24961159308026, "h16": 6.667967671264522, "h32": 8.147525516990324, "h64": 9.674661514459407}