{"ea": 6450.702518165763, "size": 895072, "h4": 3.5934404529897996, "h8": 5.0809171079828985, "h16": 6.536759681250386, "h32": 8.12440735907609, "h64": 9.801625935401551}