{"ea": 520.3894865153884, "size": 4182874, "h4": 3.8073596849735, "h8": 4.448688977121689, "h16": 5.642377826180754, "h32": 7.228301142494656, "h64": 8.999972815714482}