{"ea": 3606.46040216218, "size": 2559930, "h4": 3.9573098491361915, "h8": 5.3247350053791305, "h16": 7.121417798085522, "h32": 8.836221848680253, "h64": 10.473455376952245}