{"ea": 856.141169846545, "size": 1122811, "h4": 2.9338123621247867, "h8": 3.9694730542881356, "h16": 5.3904240607778835, "h32": 7.096356210138072, "h64": 8.878547571739613}