{"ea": 5129.1025795628775, "size": 1254435, "h4": 3.581287402292471, "h8": 4.839050924289781, "h16": 6.410880475078603, "h32": 8.079901812876164, "h64": 9.757117335729628}