{"ea": 1877.0393182392806, "size": 369255, "h4": 3.5005636138499474, "h8": 4.619290927889816, "h16": 5.646425853935202, "h32": 7.285946170793668, "h64": 9.152330788344257}