{"ea": 9627.413543838922, "size": 1108430, "h4": 3.951642503448497, "h8": 5.728851005606206, "h16": 7.301579264324559, "h32": 8.77556406796679, "h64": 10.404138526864102}