{"ea": 7138.424135601212, "size": 1314101, "h4": 3.773282480993751, "h8": 5.328418246598591, "h16": 6.716727526713543, "h32": 8.138388907547597, "h64": 9.760354314555434}