{"ea": 6575.230375493903, "size": 864828, "h4": 3.6232399180518207, "h8": 5.231155042582913, "h16": 6.70382202265426, "h32": 8.270859795940884, "h64": 9.962633454970367}