{"ea": 5548.017473191072, "size": 514785, "h4": 3.972286656448956, "h8": 5.381422862176029, "h16": 6.654071111507617, "h32": 8.262167378090503, "h64": 9.981229571729887}