{"ea": 10906.006106256773, "size": 406963, "h4": 3.8649365966177514, "h8": 4.711053501285048, "h16": 6.1069669126103285, "h32": 7.7409015310291975, "h64": 9.427258023531753}