{"ea": 9732.329621922125, "size": 660050, "h4": 3.8818479138444735, "h8": 5.591483973352705, "h16": 7.107690566862614, "h32": 8.7840884880035, "h64": 10.496359500731579}