{"ea": 15605.710272543587, "size": 1103184, "h4": 3.9028159291910893, "h8": 5.588578208913783, "h16": 7.2407352753845915, "h32": 8.776533309667169, "h64": 10.40901918775425}