{"ea": 2117.45307438093, "size": 126055, "h4": 3.9996572140747633, "h8": 5.965828972608403, "h16": 6.040625017119635, "h32": 7.555582142368916, "h64": 9.337145129451098}