{"ea": 3470.108248372246, "size": 125164, "h4": 3.9996632071185005, "h8": 5.979350793129056, "h16": 6.0354508090118575, "h32": 7.43118428165884, "h64": 9.226068565269369}