{"ea": 11447.991435673457, "size": 785116, "h4": 3.7962098987262975, "h8": 4.773780996175308, "h16": 6.180970305817283, "h32": 7.794922326506164, "h64": 9.505835579178754}