{"ea": 11304.03361673102, "size": 949523, "h4": 3.7677244952877436, "h8": 5.431126302847066, "h16": 6.845865049569166, "h32": 8.414984773410865, "h64": 9.939661446492552}