{"ea": 5361.289419520751, "size": 132261, "h4": 3.999394323912999, "h8": 5.86744302370903, "h16": 6.45411331125028, "h32": 8.124550369782185, "h64": 10.01553477069485}