{"ea": 531.3112792788471, "size": 3160354, "h4": 3.570381999324224, "h8": 4.410594917277433, "h16": 5.76561972807159, "h32": 7.417422818965572, "h64": 9.246047479948093}