{"ea": 2675.210314216207, "size": 1265798, "h4": 3.872683115231909, "h8": 5.643707531383614, "h16": 7.197450833967579, "h32": 8.65452381700841, "h64": 10.271103181564047}