{"ea": 2772.8802350465676, "size": 1158749, "h4": 3.6800086448235283, "h8": 4.897773671572635, "h16": 6.261325087124995, "h32": 7.8062000154608615, "h64": 9.476458721473843}