{"ea": 9583.676672078846, "size": 947586, "h4": 3.6352623261991526, "h8": 5.2764469537384135, "h16": 6.698749090804025, "h32": 8.23314659907778, "h64": 9.864725912569236}