{"ea": 4518.306848670167, "size": 1548363, "h4": 3.8316423410657685, "h8": 5.470567033950486, "h16": 7.15848066782595, "h32": 8.533244225047666, "h64": 10.04281143264945}