{"ea": 975.7452529717904, "size": 754725, "h4": 3.5392163082714863, "h8": 4.5157471460539895, "h16": 5.839971336005242, "h32": 7.566732181502424, "h64": 9.394030663363964}