{"ea": 6373.03263000424, "size": 727571, "h4": 2.8955858048748646, "h8": 4.06192498107465, "h16": 5.5420401927558345, "h32": 7.190370977803961, "h64": 8.891176422672302}