{"ea": 1757.8728399049899, "size": 358811, "h4": 3.9033360581992236, "h8": 5.007744725613169, "h16": 6.0845829696786495, "h32": 7.790130487042709, "h64": 9.632083745288067}