{"ea": 4561.835059252362, "size": 280828, "h4": 3.1324650997763466, "h8": 3.952330723737653, "h16": 5.403641583315603, "h32": 7.114820157772499, "h64": 8.937738871694147}