{"ea": 545.7199450665446, "size": 743103, "h4": 3.9953203125221983, "h8": 5.798475260996235, "h16": 7.181617646066597, "h32": 8.976395560782839, "h64": 10.86741718558342}