{"ea": 1452.1892961037845, "size": 276504, "h4": 3.9572076421488895, "h8": 5.233412185110078, "h16": 6.63562420112069, "h32": 8.185309878584894, "h64": 9.932529717811022}