{"ea": 4388.639711302785, "size": 1083539, "h4": 3.8764337387058863, "h8": 5.64484502772275, "h16": 7.200753227234316, "h32": 8.791649185750366, "h64": 10.407723633307327}