{"ea": 6457.454653545909, "size": 1305129, "h4": 3.3882651476109875, "h8": 4.581458371466665, "h16": 6.000616462659343, "h32": 7.61432903562669, "h64": 9.307723558311318}