{"ea": 6185.850338356497, "size": 1646652, "h4": 3.7270547558960203, "h8": 5.154023411652592, "h16": 6.742143165724716, "h32": 8.32920037856671, "h64": 9.940873805649417}