{"ea": 8661.206494959999, "size": 1074086, "h4": 3.887105188891918, "h8": 5.57907304463755, "h16": 6.9402337561553775, "h32": 8.394249595866496, "h64": 9.918191323640375}