{"ea": 9722.212126001126, "size": 1017484, "h4": 3.9172410191360165, "h8": 5.76524215922538, "h16": 7.326354414563117, "h32": 8.763100656145433, "h64": 10.272177761515131}