{"ea": 1584.8450722995008, "size": 238403, "h4": 3.9320287594214567, "h8": 4.493057030226716, "h16": 5.637298140882265, "h32": 7.354803867323093, "h64": 9.196458967629006}