{"ea": 11668.804312761722, "size": 846076, "h4": 3.625601497749902, "h8": 5.1188571835928105, "h16": 6.725718922614158, "h32": 8.30750983793503, "h64": 9.933919106534471}