{"ea": 4281.996695466959, "size": 1169502, "h4": 3.7461215272044495, "h8": 5.268880863028356, "h16": 6.905504719118076, "h32": 8.49133645690748, "h64": 10.092628664316395}