{"ea": 2042.5971012976902, "size": 1233222, "h4": 3.9708528945504424, "h8": 5.435958877282511, "h16": 5.980362114343981, "h32": 7.523694694490736, "h64": 9.219462924056355}