{"ea": 2494.1026013166647, "size": 302439, "h4": 3.9992830144118523, "h8": 5.472034589794407, "h16": 5.975060010079689, "h32": 7.354572712481815, "h64": 9.121612317912284}