{"ea": 10879.64289074838, "size": 1446428, "h4": 3.7447307574472197, "h8": 4.919000511980629, "h16": 5.916920571314129, "h32": 7.45940982828837, "h64": 9.093126405944698}