{"ea": 4776.074133634585, "size": 1294963, "h4": 3.8622282966968515, "h8": 5.559762888705211, "h16": 7.168514619370605, "h32": 8.818114458261789, "h64": 10.40881117572485}