{"ea": 7236.183837195075, "size": 801158, "h4": 3.400935642322299, "h8": 4.6962043678289875, "h16": 6.089557597947531, "h32": 7.6689848780038385, "h64": 9.343986380931355}