{"ea": 11982.747424922281, "size": 992339, "h4": 3.4477505913399007, "h8": 4.91206821822594, "h16": 6.392616840940585, "h32": 7.985556420711065, "h64": 9.67446999911205}