{"ea": 2252.3434978663377, "size": 302536, "h4": 3.8664976693924356, "h8": 4.800836540312931, "h16": 6.174879494555123, "h32": 7.784343300541155, "h64": 9.585295642772373}