{"ea": 9312.31178251559, "size": 900421, "h4": 3.859670818964848, "h8": 5.552153121511886, "h16": 6.9494935269399996, "h32": 8.439015411315498, "h64": 10.082319002638034}