{"ea": 4341.1896425332425, "size": 189835, "h4": 3.9973907835624014, "h8": 4.749586958928896, "h16": 5.764394124054494, "h32": 7.506622283270721, "h64": 9.346388939194323}