{"ea": 6693.131409114622, "size": 1117783, "h4": 3.432798322648501, "h8": 4.663497805377905, "h16": 5.971434808817515, "h32": 7.473272794472118, "h64": 9.139303761533434}