{"ea": 5942.41712362889, "size": 1176722, "h4": 3.5803444494663847, "h8": 4.871064855440446, "h16": 6.522802730531758, "h32": 7.998244371767287, "h64": 9.612106242462826}