{"ea": 11476.660903862045, "size": 596790, "h4": 3.8735801104766345, "h8": 5.3390486248013325, "h16": 6.306767710600829, "h32": 7.774296444087538, "h64": 9.42658984929474}