{"ea": 4392.008882602027, "size": 166962, "h4": 3.8396016908631148, "h8": 4.745961873639892, "h16": 5.919722251421851, "h32": 7.6305215929517605, "h64": 9.509513798146466}