{"ea": 3619.9453571848508, "size": 1148651, "h4": 3.6957637381058213, "h8": 5.229786175875951, "h16": 6.709212999445413, "h32": 8.158117486810974, "h64": 9.68514918829118}