{"ea": 1453.9339694709024, "size": 860973, "h4": 3.6654623469617698, "h8": 4.718065278122565, "h16": 5.924286277163722, "h32": 7.62879664640119, "h64": 9.440701425857197}