{"ea": 5373.852774763068, "size": 137462, "h4": 3.9981830815370025, "h8": 5.361899540996319, "h16": 5.925568247321863, "h32": 7.572543295250123, "h64": 9.433600293766892}