{"ea": 4984.957932663273, "size": 218146, "h4": 3.8290870815066884, "h8": 4.5710168573887335, "h16": 5.794036287207019, "h32": 7.518749965101678, "h64": 9.398172723470978}