{"ea": 2509.558723469356, "size": 871227, "h4": 3.723770961328346, "h8": 4.980281940167084, "h16": 5.911814488652878, "h32": 7.610930350751855, "h64": 9.383319263688294}