{"ea": 2238.242245052138, "size": 577685, "h4": 3.9632869874826944, "h8": 4.922261170955027, "h16": 5.987374470658273, "h32": 7.511492363181313, "h64": 9.19569149732057}