{"ea": 3068.632534858778, "size": 431321, "h4": 3.999449130075734, "h8": 5.776761341748808, "h16": 6.165440813659485, "h32": 7.617400408500377, "h64": 9.484550376596047}