{"ea": 8142.101639088403, "size": 754853, "h4": 3.9264638330109696, "h8": 5.637557406301067, "h16": 6.9923254181061925, "h32": 8.49796441143651, "h64": 10.12434087741763}