{"ea": 5347.515672105717, "size": 1257837, "h4": 3.605504332860354, "h8": 5.207969743279825, "h16": 6.591521207729194, "h32": 8.171457809931594, "h64": 9.776163915782542}