{"ea": 4860.664938696752, "size": 1065186, "h4": 3.874377015666571, "h8": 5.666990991865415, "h16": 6.951366881680877, "h32": 8.385055413447038, "h64": 9.952435589922057}