{"ea": 2358.541581252701, "size": 987355, "h4": 3.3122624408979378, "h8": 4.271528139485429, "h16": 5.8501949484444085, "h32": 7.556808682650502, "h64": 9.371069330948046}