{"ea": 7390.976320586768, "size": 1245374, "h4": 3.930933385423476, "h8": 5.518793458766685, "h16": 6.861026693587212, "h32": 8.237557431087447, "h64": 9.801118047245708}