{"ea": 1926.1306951022314, "size": 351457, "h4": 3.521887168532998, "h8": 3.9974963377294577, "h16": 5.433845197033541, "h32": 7.189702761145659, "h64": 9.029424798309826}