{"ea": 12202.05687959617, "size": 717803, "h4": 3.9152266312454422, "h8": 5.677883828105891, "h16": 7.292670729359547, "h32": 8.89157503698568, "h64": 10.56987424678518}