{"ea": 1714.6023224456428, "size": 625904, "h4": 3.9993394564722227, "h8": 5.918086559819755, "h16": 6.527753040812453, "h32": 7.996028879588243, "h64": 9.727058565632028}