{"ea": 4932.800172705067, "size": 983515, "h4": 3.308853993303302, "h8": 4.710003337633571, "h16": 6.1775146163642125, "h32": 7.73611252552131, "h64": 9.386696396187357}