{"ea": 1236.4760128690953, "size": 478117, "h4": 3.879359844639054, "h8": 4.833426735930137, "h16": 5.905074405904994, "h32": 7.597269481806641, "h64": 9.37740128042985}