{"ea": 10491.938436620363, "size": 756224, "h4": 2.810615705773234, "h8": 4.276911847808964, "h16": 5.938450884415124, "h32": 7.6237226614321685, "h64": 9.374901748628059}