{"ea": 9974.592560514231, "size": 398577, "h4": 3.581490683901932, "h8": 4.748450334811053, "h16": 6.159858742776031, "h32": 7.810610938857398, "h64": 9.564930046611808}