{"ea": 7623.852250459532, "size": 677147, "h4": 3.6958298316437457, "h8": 5.080769440093283, "h16": 6.552185229429485, "h32": 8.146893345664104, "h64": 9.837670432288336}