{"ea": 7505.475210693251, "size": 1088713, "h4": 3.352822149949839, "h8": 3.9718148515797065, "h16": 5.504147822665635, "h32": 7.12922543150972, "h64": 8.815245731772679}