{"ea": 4846.077350038464, "size": 1162404, "h4": 3.49866997989404, "h8": 4.473230664523671, "h16": 5.901860740174568, "h32": 7.564805392258821, "h64": 9.270266469837969}