{"ea": 10491.640424325904, "size": 1242559, "h4": 3.758855919501869, "h8": 5.219055396201739, "h16": 6.676535400560802, "h32": 8.150340505547586, "h64": 9.66387253888335}