{"ea": 3342.905032988946, "size": 1290046, "h4": 3.730745436573261, "h8": 5.472037971737132, "h16": 7.152430946887417, "h32": 8.76159206280324, "h64": 10.275976749767096}