{"ea": 882.0039549512121, "size": 646804, "h4": 3.9997212701682012, "h8": 5.899521656813768, "h16": 6.064113279415782, "h32": 7.215860918421601, "h64": 9.007451032646681}