{"ea": 10859.838934281795, "size": 1083734, "h4": 2.620751662708762, "h8": 4.140412368893347, "h16": 5.722987716905829, "h32": 7.391651020258083, "h64": 9.132043464018986}