{"ea": 7710.858938272058, "size": 830967, "h4": 3.5417869539658255, "h8": 4.9579411741250015, "h16": 6.566865918244646, "h32": 8.217890241690446, "h64": 9.854739693770297}