{"ea": 8795.583329668538, "size": 760110, "h4": 3.9096480986282502, "h8": 5.5479020360658176, "h16": 7.0229644498968264, "h32": 8.55520325304301, "h64": 10.151115756282772}