{"ea": 7654.927487256485, "size": 1131842, "h4": 3.7627984813869686, "h8": 5.073377659780685, "h16": 6.361746244630849, "h32": 7.887808070053946, "h64": 9.45812814306734}