{"ea": 11275.102443184325, "size": 982438, "h4": 3.1141794072002154, "h8": 4.359465460744465, "h16": 5.88136677682018, "h32": 7.568183573119847, "h64": 9.2927282303738}