{"ea": 1515.4777533633585, "size": 374054, "h4": 3.154601028823505, "h8": 4.320773414804169, "h16": 5.797331315178523, "h32": 7.526512032943398, "h64": 9.352677153222288}