{"ea": 3675.580688065472, "size": 2239262, "h4": 3.8491766009809387, "h8": 4.56428243402101, "h16": 5.760225451666445, "h32": 7.415167654425028, "h64": 9.247237741527037}