{"ea": 11379.786766483407, "size": 617605, "h4": 3.6945839468925996, "h8": 4.8867226593965345, "h16": 6.561788638960347, "h32": 8.235504072664947, "h64": 9.881924421237523}