{"ea": 2909.500278674543, "size": 144145, "h4": 3.999523207617959, "h8": 5.960425532939986, "h16": 6.370012096957568, "h32": 8.008265130998343, "h64": 9.880307984166052}