{"ea": 1146.8142774430623, "size": 274237, "h4": 3.9065117533308653, "h8": 5.610393542899601, "h16": 6.553507438813247, "h32": 8.243845266681763, "h64": 10.066793697545577}