{"ea": 615.8905548184464, "size": 441940, "h4": 3.9997798293610387, "h8": 5.862858568743196, "h16": 6.09381835495657, "h32": 7.610934752168547, "h64": 9.459906823489945}