{"ea": 8447.635726344792, "size": 857460, "h4": 3.8961095729448862, "h8": 5.639594824796124, "h16": 7.248830808955529, "h32": 8.82279433561455, "h64": 10.464078097627592}