{"ea": 11360.72152489805, "size": 693299, "h4": 3.591576034512958, "h8": 5.244972835718004, "h16": 6.9004313293091455, "h32": 8.532013391003563, "h64": 10.216729900812691}