{"ea": 2511.8584924545416, "size": 907468, "h4": 3.930730355288816, "h8": 5.765618354911826, "h16": 7.368169828108635, "h32": 8.893811542148091, "h64": 10.508270130652967}