{"ea": 2894.032926765456, "size": 165990, "h4": 3.999758168694836, "h8": 5.9203539528328015, "h16": 6.0017143080904205, "h32": 7.455824860033687, "h64": 9.181182171417655}