{"ea": 4504.65807269086, "size": 1618217, "h4": 3.368861853652441, "h8": 4.793418488824393, "h16": 6.272781811963716, "h32": 7.818097210502983, "h64": 9.304003421305232}