{"ea": 7760.753287981228, "size": 1189094, "h4": 3.92181598729764, "h8": 5.747130661374202, "h16": 7.426901248467, "h32": 9.008310280404892, "h64": 10.646783296804452}