{"ea": 7813.703219786711, "size": 749064, "h4": 3.1960965435254804, "h8": 4.506518794298435, "h16": 6.1938564018727735, "h32": 7.811497062427817, "h64": 9.50524442418849}