{"ea": 8737.16672688199, "size": 653127, "h4": 3.38306437373511, "h8": 4.353437904227713, "h16": 5.889512946009807, "h32": 7.655148574663068, "h64": 9.408515914999473}