{"ea": 581.3171605518299, "size": 976711, "h4": 3.8279029824642334, "h8": 5.152654403825375, "h16": 6.734119968468476, "h32": 8.341617655847841, "h64": 10.021863306758462}