{"ea": 5973.796456838928, "size": 755544, "h4": 3.149030802355216, "h8": 4.25850417183443, "h16": 5.837951650489804, "h32": 7.6116037282888005, "h64": 9.325920136611215}