{"ea": 4911.847818718602, "size": 1484180, "h4": 3.875097868497276, "h8": 5.40513102705243, "h16": 7.0092256779193445, "h32": 8.406268394638062, "h64": 9.955838439792707}