{"ea": 645.7621323394825, "size": 526877, "h4": 3.8413786188969428, "h8": 4.705483728463758, "h16": 6.1888114891393435, "h32": 7.927660567694673, "h64": 9.764209593301167}