{"ea": 5363.710008206026, "size": 699159, "h4": 3.8706586353218473, "h8": 5.536124595489969, "h16": 7.046856099320797, "h32": 8.603283110580696, "h64": 10.23672746165444}