{"ea": 5386.315426574748, "size": 157267, "h4": 3.99724858553985, "h8": 5.353018254768937, "h16": 6.891818528456148, "h32": 8.720472816280108, "h64": 10.645259269240029}