{"ea": 4338.867598432238, "size": 404815, "h4": 3.8647484859626675, "h8": 4.402837167690375, "h16": 5.2641802751731035, "h32": 6.852845638050187, "h64": 8.59597144476624}