{"ea": 5346.915149167111, "size": 422024, "h4": 2.9008616242757768, "h8": 4.045492583196694, "h16": 5.544866862441808, "h32": 7.170422386037636, "h64": 8.9331921922142}