{"ea": 2629.789653105959, "size": 385294, "h4": 3.862254492086715, "h8": 5.012318028073012, "h16": 6.034941542362923, "h32": 7.707066530220874, "h64": 9.57144995540262}