{"ea": 4081.6938039112847, "size": 961342, "h4": 3.7779346109763496, "h8": 5.4633871592281995, "h16": 6.99039559321673, "h32": 8.553347789300108, "h64": 10.163284996673418}