{"ea": 3813.1363012320717, "size": 898530, "h4": 3.8138409154822956, "h8": 5.1483656053577125, "h16": 6.581916850015086, "h32": 8.251444243342824, "h64": 10.004193867146041}