{"ea": 1874.1687366230267, "size": 198492, "h4": 3.997962531709917, "h8": 5.8223904501311265, "h16": 6.016597186411715, "h32": 7.447733617185701, "h64": 9.284053023967974}