{"ea": 5167.226174084277, "size": 1025029, "h4": 3.14834860024772, "h8": 4.124609324481579, "h16": 5.464853592816158, "h32": 7.098593573953231, "h64": 8.881624237527317}