{"ea": 2894.8032394331804, "size": 234242, "h4": 3.9246151533659654, "h8": 5.328982579964778, "h16": 6.086649337264232, "h32": 7.8033556339612815, "h64": 9.6655287019775}