{"ea": 10537.707591528902, "size": 1295815, "h4": 3.807629930691703, "h8": 5.430726475038041, "h16": 7.011302537534853, "h32": 8.298988016354851, "h64": 9.760988939906829}