{"ea": 3759.160261985877, "size": 130909, "h4": 3.9996690046824583, "h8": 5.967894549419547, "h16": 6.083084684501811, "h32": 7.4879297045877, "h64": 9.299160980161847}