{"ea": 2355.4094993996464, "size": 216514, "h4": 3.768093874505948, "h8": 5.205906463835066, "h16": 6.04865374566411, "h32": 7.78084154260282, "h64": 9.622319711578555}