{"ea": 887.4915068296075, "size": 3913441, "h4": 3.1983768289215915, "h8": 4.034971420658881, "h16": 5.5630872188072065, "h32": 7.277342159267744, "h64": 9.103710980439331}