{"ea": 1709.2418990279677, "size": 367362, "h4": 3.9995814615896657, "h8": 5.934251126916198, "h16": 6.192021858509494, "h32": 7.7411561412510785, "h64": 9.532965078273318}