{"ea": 11724.67457500708, "size": 1164381, "h4": 3.755874753146391, "h8": 5.558307326346039, "h16": 7.143875617022499, "h32": 8.658033700583365, "h64": 10.290869235434368}