{"ea": 995.3515681377021, "size": 1316534, "h4": 3.991133073929613, "h8": 5.596919682817327, "h16": 5.875640653589941, "h32": 7.071898727230226, "h64": 8.792498885843056}