{"ea": 7087.88790938313, "size": 1269490, "h4": 3.7609464595918833, "h8": 5.156161865157442, "h16": 6.641325915682426, "h32": 8.220319665268978, "h64": 9.91682362083921}