{"ea": 1604.0130217214878, "size": 512950, "h4": 3.5425241871459723, "h8": 4.4906917033829155, "h16": 5.8245793658509895, "h32": 7.574070356304599, "h64": 9.37026409354057}