{"ea": 2101.792761193459, "size": 305792, "h4": 3.461954046835187, "h8": 4.517589659775555, "h16": 6.043968114706739, "h32": 7.799839226660752, "h64": 9.66452779035896}