{"ea": 994.2884348822422, "size": 436402, "h4": 3.764337747019301, "h8": 4.573167612555933, "h16": 5.778887424039984, "h32": 7.456836693719751, "h64": 9.22284856039233}