{"ea": 6392.139444332505, "size": 709031, "h4": 3.566565280704812, "h8": 4.471709025351277, "h16": 5.702269253856382, "h32": 7.330132672728013, "h64": 9.10009318424028}