{"ea": 2457.2873270472437, "size": 798361, "h4": 3.9100597600472478, "h8": 4.208734748952814, "h16": 5.503588894435893, "h32": 7.178327282013511, "h64": 8.990042959555389}