{"ea": 6343.130701775521, "size": 1137645, "h4": 3.8281536139524417, "h8": 5.366996355746567, "h16": 6.934778025373108, "h32": 8.52688813526229, "h64": 10.180029522577787}