{"ea": 3728.8172230017117, "size": 1131529, "h4": 3.558206538523406, "h8": 5.2540772493217025, "h16": 6.9286920347089, "h32": 8.574578969544396, "h64": 10.210020535305866}