{"ea": 7001.01594139136, "size": 263315, "h4": 3.999650079978826, "h8": 5.925888114063995, "h16": 5.9260402628302575, "h32": 7.357106359354143, "h64": 9.087492549959023}