{"ea": 6121.447954857458, "size": 928748, "h4": 3.706301907326179, "h8": 5.165768655515419, "h16": 6.719971947305195, "h32": 8.340422609462465, "h64": 9.995165499071025}