{"ea": 557.7340579001209, "size": 1183283, "h4": 3.885544859061198, "h8": 4.615359438015135, "h16": 5.551350718317158, "h32": 7.267670463141587, "h64": 9.10729796394106}