{"ea": 7718.270496014751, "size": 949597, "h4": 3.819723864025923, "h8": 5.588109850863608, "h16": 7.139049423553375, "h32": 8.728406163611238, "h64": 10.371745930687663}