{"ea": 11628.793245343351, "size": 811806, "h4": 3.8278335506252135, "h8": 5.293962031072175, "h16": 6.6367421867421, "h32": 8.088563798534974, "h64": 9.695775736224673}