{"ea": 6463.2765426114165, "size": 985421, "h4": 3.6369063983141117, "h8": 5.403255685016202, "h16": 6.979677203659504, "h32": 8.510765658443184, "h64": 10.166888053144984}