{"ea": 3300.1508228335906, "size": 441408, "h4": 3.9196898891318113, "h8": 4.546884331801575, "h16": 5.593049137925706, "h32": 7.25354437719947, "h64": 9.044632552104513}