{"ea": 3267.1848847417245, "size": 1680636, "h4": 3.6855434122695714, "h8": 5.294147196404557, "h16": 6.792292815946359, "h32": 8.262496081912419, "h64": 9.79016302648282}