{"ea": 3585.3536315879915, "size": 112575, "h4": 3.9996498135639067, "h8": 5.951178220823334, "h16": 6.008841726853493, "h32": 7.484390636239189, "h64": 9.306756511678536}