{"ea": 4242.491984692387, "size": 1148532, "h4": 3.4292397310356786, "h8": 5.182792451619124, "h16": 6.899326843025603, "h32": 8.51496946649296, "h64": 10.124688946264481}