{"ea": 5416.960138838112, "size": 149895, "h4": 3.828086050094313, "h8": 4.766048721694705, "h16": 6.0585377275203784, "h32": 7.761771430485545, "h64": 9.596229053614355}