{"ea": 1158.7744838189149, "size": 1778791, "h4": 3.0420110341260824, "h8": 4.2336715442633945, "h16": 5.741520977132511, "h32": 7.413924897826474, "h64": 9.179774889477995}