{"ea": 9863.639131104374, "size": 792980, "h4": 3.215165077719269, "h8": 4.603931851519537, "h16": 6.142395921680856, "h32": 7.766720567013092, "h64": 9.394048001485409}