{"ea": 2441.0121485250465, "size": 384740, "h4": 3.375370985457822, "h8": 4.352789125014885, "h16": 5.517044428950787, "h32": 6.8787975836303925, "h64": 8.592914934239124}