{"ea": 2000.518974273115, "size": 1881136, "h4": 3.723959196609539, "h8": 5.4609672239917435, "h16": 7.178274854919828, "h32": 8.626542242821035, "h64": 10.137362012099402}