{"ea": 1585.0576198511967, "size": 695613, "h4": 3.999593395613727, "h8": 5.915424908613781, "h16": 5.9192264693345455, "h32": 7.189117639813976, "h64": 8.885190551142031}