{"ea": 1138.5854301825898, "size": 762479, "h4": 3.7788412274319176, "h8": 4.490882878146042, "h16": 5.927863932540855, "h32": 7.681390215630038, "h64": 9.562765044598287}