{"ea": 5263.129119576952, "size": 210343, "h4": 3.6139594803645787, "h8": 4.54240536398987, "h16": 5.815481955711993, "h32": 7.460986594098349, "h64": 9.27903458498077}