{"ea": 5364.912700570643, "size": 178943, "h4": 3.998974410373578, "h8": 5.8150701037390125, "h16": 6.282569796457732, "h32": 7.891464880323874, "h64": 9.648318875081868}