{"ea": 5562.754206365965, "size": 1256581, "h4": 3.6895211887411437, "h8": 5.3814245385263995, "h16": 7.02488567155487, "h32": 8.51404600867918, "h64": 10.043498167766522}