{"ea": 1502.2324067070742, "size": 921402, "h4": 3.999685606430947, "h8": 5.455172006940943, "h16": 6.125637141484216, "h32": 7.681985470916681, "h64": 9.48487091307809}