{"ea": 7449.338417320946, "size": 777964, "h4": 3.9501885506875687, "h8": 5.813793715633123, "h16": 7.295203728486761, "h32": 8.721794954420893, "h64": 10.367420181421718}