{"ea": 8332.986584478802, "size": 687619, "h4": 3.908451812664328, "h8": 5.2931324059869675, "h16": 6.94813965002789, "h32": 8.689196992485067, "h64": 10.44418577202455}