{"ea": 8604.711773119394, "size": 1110904, "h4": 3.7103853303447387, "h8": 5.441248230213416, "h16": 7.1488863280553545, "h32": 8.631516329864072, "h64": 10.162067712028207}