{"ea": 467.8289765366069, "size": 1164532, "h4": 3.6945297468084295, "h8": 4.826745484321325, "h16": 6.269880890380834, "h32": 7.892334815412086, "h64": 9.675104959427852}