{"ea": 8443.35928758379, "size": 765634, "h4": 3.764432358923392, "h8": 5.195246389760254, "h16": 6.749922498335012, "h32": 8.344496968966112, "h64": 10.037465894335995}