{"ea": 11192.655139728056, "size": 425584, "h4": 3.799679118315858, "h8": 5.0065792890941205, "h16": 6.361059754979456, "h32": 7.94920526601441, "h64": 9.668249243264569}