{"ea": 1619.9462055458416, "size": 606338, "h4": 3.9665403598911433, "h8": 5.037062228904059, "h16": 5.789518818839401, "h32": 7.38410585531031, "h64": 9.184599830871964}