{"ea": 1411.7354572945842, "size": 324423, "h4": 3.687339387888632, "h8": 4.9469137146026, "h16": 6.041862023937676, "h32": 7.702612821576356, "h64": 9.500266513519346}